2026-02-12 19:51:15,025 - committee_scraper - INFO - Found 53 committee links and 53 person links
2026-02-12 19:51:15,029 - committee_scraper - INFO - Found 53 committees with chairpersons
2026-02-12 19:51:15,291 - committee_scraper - INFO - Found 11 composition members and 5 alternate members
2026-02-12 19:51:15,292 - committee_scraper - INFO - Total 16 members for committee: https://www.parliament.gov.za/committee-details/295
2026-02-12 19:51:16,573 - committee_scraper - INFO - Found 11 composition members and 6 alternate members
2026-02-12 19:51:16,573 - committee_scraper - INFO - Total 17 members for committee: https://www.parliament.gov.za/committee-details/280
2026-02-12 19:51:17,820 - committee_scraper - INFO - Found 11 composition members and 5 alternate members
2026-02-12 19:51:17,820 - committee_scraper - INFO - Total 16 members for committee: https://www.parliament.gov.za/committee-details/292
2026-02-12 19:51:19,108 - committee_scraper - INFO - Found 22 composition members and 4 alternate members
2026-02-12 19:51:19,108 - committee_scraper - INFO - Total 26 members for committee: https://www.parliament.gov.za/committee-details/248
2026-02-12 19:51:20,392 - committee_scraper - INFO - Found 20 composition members and 3 alternate members
2026-02-12 19:51:20,393 - committee_scraper - INFO - Total 23 members for committee: https://www.parliament.gov.za/committee-details/243
2026-02-12 19:51:21,661 - committee_scraper - INFO - Found 11 composition members and 6 alternate members
2026-02-12 19:51:21,661 - committee_scraper - INFO - Total 17 members for committee: https://www.parliament.gov.za/committee-details/270
2026-02-12 19:51:22,942 - committee_scraper - INFO - Found 11 composition members and 4 alternate members
2026-02-12 19:51:22,942 - committee_scraper - INFO - Total 15 members for committee: https://www.parliament.gov.za/committee-details/263
2026-02-12 19:51:24,196 - committee_scraper - INFO - Found 12 composition members and 3 alternate members
2026-02-12 19:51:24,196 - committee_scraper - INFO - Total 15 members for committee: https://www.parliament.gov.za/committee-details/271
2026-02-12 19:51:25,477 - committee_scraper - INFO - Found 11 composition members and 6 alternate members
2026-02-12 19:51:25,477 - committee_scraper - INFO - Total 17 members for committee: https://www.parliament.gov.za/committee-details/274
2026-02-12 19:51:26,715 - committee_scraper - INFO - Found 7 composition members and 0 alternate members
2026-02-12 19:51:26,715 - committee_scraper - INFO - Total 7 members for committee: https://www.parliament.gov.za/committee-details/247
2026-02-12 19:51:27,947 - committee_scraper - INFO - Found 9 composition members and 6 alternate members
2026-02-12 19:51:27,947 - committee_scraper - INFO - Total 15 members for committee: https://www.parliament.gov.za/committee-details/293
2026-02-12 19:51:29,200 - committee_scraper - INFO - Found 9 composition members and 5 alternate members
2026-02-12 19:51:29,200 - committee_scraper - INFO - Total 14 members for committee: https://www.parliament.gov.za/committee-details/298
2026-02-12 19:51:30,438 - committee_scraper - INFO - Found 11 composition members and 2 alternate members
2026-02-12 19:51:30,438 - committee_scraper - INFO - Total 13 members for committee: https://www.parliament.gov.za/committee-details/260
2026-02-12 19:51:31,677 - committee_scraper - INFO - Found 16 composition members and 0 alternate members
2026-02-12 19:51:31,677 - committee_scraper - INFO - Total 16 members for committee: https://www.parliament.gov.za/committee-details/245
2026-02-12 19:51:32,957 - committee_scraper - INFO - Found 11 composition members and 5 alternate members
2026-02-12 19:51:32,957 - committee_scraper - INFO - Total 16 members for committee: https://www.parliament.gov.za/committee-details/291
2026-02-12 19:51:34,226 - committee_scraper - INFO - Found 10 composition members and 3 alternate members
2026-02-12 19:51:34,226 - committee_scraper - INFO - Total 13 members for committee: https://www.parliament.gov.za/committee-details/257
2026-02-12 19:51:35,487 - committee_scraper - INFO - Found 9 composition members and 6 alternate members
2026-02-12 19:51:35,487 - committee_scraper - INFO - Total 15 members for committee: https://www.parliament.gov.za/committee-details/290
2026-02-12 19:51:36,725 - committee_scraper - INFO - Found 14 composition members and 3 alternate members
2026-02-12 19:51:36,726 - committee_scraper - INFO - Total 17 members for committee: https://www.parliament.gov.za/committee-details/246
2026-02-12 19:51:37,959 - committee_scraper - INFO - Found 11 composition members and 2 alternate members
2026-02-12 19:51:37,959 - committee_scraper - INFO - Total 13 members for committee: https://www.parliament.gov.za/committee-details/262
2026-02-12 19:51:39,191 - committee_scraper - INFO - Found 10 composition members and 0 alternate members
2026-02-12 19:51:39,191 - committee_scraper - INFO - Total 10 members for committee: https://www.parliament.gov.za/committee-details/244
2026-02-12 19:51:40,471 - committee_scraper - INFO - Found 11 composition members and 4 alternate members
2026-02-12 19:51:40,472 - committee_scraper - INFO - Total 15 members for committee: https://www.parliament.gov.za/committee-details/268
2026-02-12 19:51:41,709 - committee_scraper - INFO - Found 10 composition members and 8 alternate members
2026-02-12 19:51:41,710 - committee_scraper - INFO - Total 18 members for committee: https://www.parliament.gov.za/committee-details/265
2026-02-12 19:51:42,942 - committee_scraper - INFO - Found 11 composition members and 4 alternate members
2026-02-12 19:51:42,942 - committee_scraper - INFO - Total 15 members for committee: https://www.parliament.gov.za/committee-details/282
2026-02-12 19:51:44,170 - committee_scraper - INFO - Found 11 composition members and 7 alternate members
2026-02-12 19:51:44,170 - committee_scraper - INFO - Total 18 members for committee: https://www.parliament.gov.za/committee-details/253
2026-02-12 19:51:45,410 - committee_scraper - INFO - Found 20 composition members and 3 alternate members
2026-02-12 19:51:45,410 - committee_scraper - INFO - Total 23 members for committee: https://www.parliament.gov.za/committee-details/243
2026-02-12 19:51:46,685 - committee_scraper - INFO - Found 12 composition members and 3 alternate members
2026-02-12 19:51:46,685 - committee_scraper - INFO - Total 15 members for committee: https://www.parliament.gov.za/committee-details/297
2026-02-12 19:51:47,963 - committee_scraper - INFO - Found 12 composition members and 2 alternate members
2026-02-12 19:51:47,963 - committee_scraper - INFO - Total 14 members for committee: https://www.parliament.gov.za/committee-details/259
2026-02-12 19:51:49,380 - committee_scraper - INFO - Found 12 composition members and 5 alternate members
2026-02-12 19:51:49,380 - committee_scraper - INFO - Total 17 members for committee: https://www.parliament.gov.za/committee-details/275
2026-02-12 19:51:50,806 - committee_scraper - INFO - Found 13 composition members and 6 alternate members
2026-02-12 19:51:50,806 - committee_scraper - INFO - Total 19 members for committee: https://www.parliament.gov.za/committee-details/278
2026-02-12 19:51:52,144 - committee_scraper - INFO - Found 12 composition members and 6 alternate members
2026-02-12 19:51:52,144 - committee_scraper - INFO - Total 18 members for committee: https://www.parliament.gov.za/committee-details/283
2026-02-12 19:51:53,431 - committee_scraper - INFO - Found 10 composition members and 3 alternate members
2026-02-12 19:51:53,431 - committee_scraper - INFO - Total 13 members for committee: https://www.parliament.gov.za/committee-details/276
2026-02-12 19:51:55,736 - committee_scraper - INFO - Found 11 composition members and 5 alternate members
2026-02-12 19:51:55,736 - committee_scraper - INFO - Total 16 members for committee: https://www.parliament.gov.za/committee-details/269
2026-02-12 19:51:56,983 - committee_scraper - INFO - Found 13 composition members and 4 alternate members
2026-02-12 19:51:56,983 - committee_scraper - INFO - Total 17 members for committee: https://www.parliament.gov.za/committee-details/255
2026-02-12 19:51:58,211 - committee_scraper - INFO - Found 11 composition members and 4 alternate members
2026-02-12 19:51:58,211 - committee_scraper - INFO - Total 15 members for committee: https://www.parliament.gov.za/committee-details/267
2026-02-12 19:51:59,555 - committee_scraper - INFO - Found 11 composition members and 5 alternate members
2026-02-12 19:51:59,555 - committee_scraper - INFO - Total 16 members for committee: https://www.parliament.gov.za/committee-details/289
2026-02-12 19:52:00,919 - committee_scraper - INFO - Found 12 composition members and 3 alternate members
2026-02-12 19:52:00,919 - committee_scraper - INFO - Total 15 members for committee: https://www.parliament.gov.za/committee-details/296
2026-02-12 19:52:02,201 - committee_scraper - INFO - Found 11 composition members and 3 alternate members
2026-02-12 19:52:02,201 - committee_scraper - INFO - Total 14 members for committee: https://www.parliament.gov.za/committee-details/258
2026-02-12 19:52:03,467 - committee_scraper - INFO - Found 11 composition members and 5 alternate members
2026-02-12 19:52:03,467 - committee_scraper - INFO - Total 16 members for committee: https://www.parliament.gov.za/committee-details/277
2026-02-12 19:52:04,776 - committee_scraper - INFO - Found 14 composition members and 3 alternate members
2026-02-12 19:52:04,776 - committee_scraper - INFO - Total 17 members for committee: https://www.parliament.gov.za/committee-details/246
2026-02-12 19:52:06,027 - committee_scraper - INFO - Found 9 composition members and 6 alternate members
2026-02-12 19:52:06,027 - committee_scraper - INFO - Total 15 members for committee: https://www.parliament.gov.za/committee-details/294
2026-02-12 19:52:07,339 - committee_scraper - INFO - Found 11 composition members and 3 alternate members
2026-02-12 19:52:07,339 - committee_scraper - INFO - Total 14 members for committee: https://www.parliament.gov.za/committee-details/266
2026-02-12 19:52:08,609 - committee_scraper - INFO - Found 16 composition members and 0 alternate members
2026-02-12 19:52:08,610 - committee_scraper - INFO - Total 16 members for committee: https://www.parliament.gov.za/committee-details/245
2026-02-12 19:52:09,911 - committee_scraper - INFO - Found 11 composition members and 4 alternate members
2026-02-12 19:52:09,911 - committee_scraper - INFO - Total 15 members for committee: https://www.parliament.gov.za/committee-details/272
2026-02-12 19:52:11,211 - committee_scraper - INFO - Found 11 composition members and 5 alternate members
2026-02-12 19:52:11,211 - committee_scraper - INFO - Total 16 members for committee: https://www.parliament.gov.za/committee-details/252
2026-02-12 19:52:12,476 - committee_scraper - INFO - Found 10 composition members and 5 alternate members
2026-02-12 19:52:12,476 - committee_scraper - INFO - Total 15 members for committee: https://www.parliament.gov.za/committee-details/256
2026-02-12 19:52:13,721 - committee_scraper - INFO - Found 12 composition members and 3 alternate members
2026-02-12 19:52:13,721 - committee_scraper - INFO - Total 15 members for committee: https://www.parliament.gov.za/committee-details/254
2026-02-12 19:52:14,986 - committee_scraper - INFO - Found 9 composition members and 4 alternate members
2026-02-12 19:52:14,986 - committee_scraper - INFO - Total 13 members for committee: https://www.parliament.gov.za/committee-details/264
2026-02-12 19:52:16,229 - committee_scraper - INFO - Found 11 composition members and 5 alternate members
2026-02-12 19:52:16,229 - committee_scraper - INFO - Total 16 members for committee: https://www.parliament.gov.za/committee-details/279
2026-02-12 19:52:17,491 - committee_scraper - INFO - Found 10 composition members and 0 alternate members
2026-02-12 19:52:17,491 - committee_scraper - INFO - Total 10 members for committee: https://www.parliament.gov.za/committee-details/273
2026-02-12 19:52:18,737 - committee_scraper - INFO - Found 22 composition members and 4 alternate members
2026-02-12 19:52:18,737 - committee_scraper - INFO - Total 26 members for committee: https://www.parliament.gov.za/committee-details/248
2026-02-12 19:52:20,006 - committee_scraper - INFO - Found 16 composition members and 6 alternate members
2026-02-12 19:52:20,006 - committee_scraper - INFO - Total 22 members for committee: https://www.parliament.gov.za/committee-details/281
2026-02-12 19:52:21,314 - committee_scraper - INFO - Found 11 composition members and 4 alternate members
2026-02-12 19:52:21,314 - committee_scraper - INFO - Total 15 members for committee: https://www.parliament.gov.za/committee-details/285
2026-02-12 19:52:22,589 - committee_scraper - INFO - Found 11 composition members and 6 alternate members
2026-02-12 19:52:22,589 - committee_scraper - INFO - Total 17 members for committee: https://www.parliament.gov.za/committee-details/284
2026-02-12 19:52:23,590 - committee_scraper - INFO - Scraping completed - Committees: 53, Committees created: 0, Users found: 0, Users not found: 0, Memberships created: 0, Memberships skipped: 835, Errors: 0
2026-02-12 19:53:17,312 - committee_scraper - ERROR - Error importing committees: No module named 'bungeni'
2026-02-12 19:53:17,832 - committee_scraper - INFO - Found 52 committee links and 53 person links
2026-02-12 19:53:17,835 - committee_scraper - INFO - Found 53 committees with chairpersons
2026-02-12 19:53:18,168 - committee_scraper - INFO - Found 11 composition members and 5 alternate members
2026-02-12 19:53:18,168 - committee_scraper - INFO - Total 16 members for committee: https://www.parliament.gov.za/committee-details/295
2026-02-12 19:53:19,489 - committee_scraper - INFO - Found 11 composition members and 6 alternate members
2026-02-12 19:53:19,490 - committee_scraper - INFO - Total 17 members for committee: https://www.parliament.gov.za/committee-details/280
2026-02-12 19:53:21,408 - committee_scraper - INFO - Found 11 composition members and 5 alternate members
2026-02-12 19:53:21,408 - committee_scraper - INFO - Total 16 members for committee: https://www.parliament.gov.za/committee-details/292
2026-02-12 19:53:22,686 - committee_scraper - INFO - Found 22 composition members and 4 alternate members
2026-02-12 19:53:22,686 - committee_scraper - INFO - Total 26 members for committee: https://www.parliament.gov.za/committee-details/248
2026-02-12 19:53:23,949 - committee_scraper - INFO - Found 20 composition members and 3 alternate members
2026-02-12 19:53:23,949 - committee_scraper - INFO - Total 23 members for committee: https://www.parliament.gov.za/committee-details/243
2026-02-12 19:53:25,240 - committee_scraper - INFO - Found 11 composition members and 6 alternate members
2026-02-12 19:53:25,241 - committee_scraper - INFO - Total 17 members for committee: https://www.parliament.gov.za/committee-details/270
2026-02-12 19:53:26,489 - committee_scraper - INFO - Found 11 composition members and 4 alternate members
2026-02-12 19:53:26,489 - committee_scraper - INFO - Total 15 members for committee: https://www.parliament.gov.za/committee-details/263
2026-02-12 19:53:27,753 - committee_scraper - INFO - Found 12 composition members and 3 alternate members
2026-02-12 19:53:27,753 - committee_scraper - INFO - Total 15 members for committee: https://www.parliament.gov.za/committee-details/271
2026-02-12 19:53:40,604 - committee_scraper - INFO - Created role: Committee Chairperson
2026-02-12 19:53:40,622 - committee_scraper - INFO - Created role: Committee Deputy Chairperson
2026-02-12 19:53:40,639 - committee_scraper - INFO - Created role: Committee Member
2026-02-12 19:53:40,655 - committee_scraper - INFO - Created role: Alternate Committee Member
2026-02-12 19:53:40,673 - committee_scraper - INFO - Created role: Committee Researcher
2026-02-12 19:53:40,690 - committee_scraper - INFO - Created role: Committee Advisor
2026-02-12 19:53:41,017 - committee_scraper - INFO - Found 58 committee links and 53 person links
2026-02-12 19:53:41,021 - committee_scraper - INFO - Found 53 committees with chairpersons
2026-02-12 19:53:41,024 - committee_scraper - INFO - Committee not found in database, creating: Select Committee    on Public Infrastructure and Ministries in Presidency
2026-02-12 19:53:41,059 - committee_scraper - INFO - Created missing committee: Select Committee    on Public Infrastructure and Ministries in Presidency (type: select_committee)
2026-02-12 19:53:41,064 - committee_scraper - INFO - Created membership: fbadenhorst -> Select Committee    on Public Infrastructure and Ministries in Presidency as Committee Chairperson
2026-02-12 19:53:41,311 - committee_scraper - INFO - Found 11 composition members and 5 alternate members
2026-02-12 19:53:41,312 - committee_scraper - INFO - Total 16 members for committee: https://www.parliament.gov.za/committee-details/295
2026-02-12 19:53:41,321 - committee_scraper - INFO - Created membership: tbreedt -> Select Committee    on Public Infrastructure and Ministries in Presidency as Committee Chairperson
2026-02-12 19:53:41,340 - committee_scraper - INFO - Created membership: kceza -> Select Committee    on Public Infrastructure and Ministries in Presidency as Committee Chairperson
2026-02-12 19:53:41,360 - committee_scraper - INFO - Created membership: tkaunda -> Select Committee    on Public Infrastructure and Ministries in Presidency as Committee Chairperson
2026-02-12 19:53:41,381 - committee_scraper - INFO - Created membership: bmabebo -> Select Committee    on Public Infrastructure and Ministries in Presidency as Committee Chairperson
2026-02-12 19:53:41,399 - committee_scraper - INFO - Created membership: mmakesini -> Select Committee    on Public Infrastructure and Ministries in Presidency as Committee Chairperson
2026-02-12 19:53:41,420 - committee_scraper - INFO - Created membership: kmmoiemang -> Select Committee    on Public Infrastructure and Ministries in Presidency as Committee Chairperson
2026-02-12 19:53:41,444 - committee_scraper - INFO - Created membership: rmolokomme -> Select Committee    on Public Infrastructure and Ministries in Presidency as Committee Chairperson
2026-02-12 19:53:41,466 - committee_scraper - INFO - Created membership: enzimande -> Select Committee    on Public Infrastructure and Ministries in Presidency as Committee Chairperson
2026-02-12 19:53:41,490 - committee_scraper - INFO - Created membership: mapeter -> Select Committee    on Public Infrastructure and Ministries in Presidency as Committee Chairperson
2026-02-12 19:53:41,509 - committee_scraper - INFO - Created membership: ischeurkogel -> Select Committee    on Public Infrastructure and Ministries in Presidency as Committee Chairperson
2026-02-12 19:53:41,550 - committee_scraper - INFO - Created membership: jbritz -> Select Committee    on Public Infrastructure and Ministries in Presidency as Committee Chairperson
2026-02-12 19:53:41,580 - committee_scraper - INFO - Created membership: dfienies -> Select Committee    on Public Infrastructure and Ministries in Presidency as Committee Chairperson
2026-02-12 19:53:41,610 - committee_scraper - INFO - Created membership: vgericke -> Select Committee    on Public Infrastructure and Ministries in Presidency as Committee Chairperson
2026-02-12 19:53:41,632 - committee_scraper - INFO - Created membership: ngotsell -> Select Committee    on Public Infrastructure and Ministries in Presidency as Committee Chairperson
2026-02-12 19:53:41,656 - committee_scraper - INFO - Created membership: amatshobeni -> Select Committee    on Public Infrastructure and Ministries in Presidency as Committee Chairperson
2026-02-12 19:53:42,680 - committee_scraper - INFO - Committee not found in database, creating: Portfolio    Committee on Water and Sanitation
2026-02-12 19:53:42,723 - committee_scraper - INFO - Created missing committee: Portfolio    Committee on Water and Sanitation (type: internal_committee)
2026-02-12 19:53:42,727 - committee_scraper - INFO - Created membership: lbasson -> Portfolio    Committee on Water and Sanitation as Committee Chairperson
2026-02-12 19:53:43,017 - committee_scraper - INFO - Found 11 composition members and 6 alternate members
2026-02-12 19:53:43,018 - committee_scraper - INFO - Total 17 members for committee: https://www.parliament.gov.za/committee-details/280
2026-02-12 19:53:43,027 - committee_scraper - INFO - Created membership: bdiale -> Portfolio    Committee on Water and Sanitation as Committee Chairperson
2026-02-12 19:53:43,061 - committee_scraper - INFO - Created membership: sdithebe -> Portfolio    Committee on Water and Sanitation as Committee Chairperson
2026-02-12 19:53:43,087 - committee_scraper - INFO - Created membership: mdlelanga -> Portfolio    Committee on Water and Sanitation as Committee Chairperson
2026-02-12 19:53:43,110 - committee_scraper - INFO - Created membership: bkegakilwe -> Portfolio    Committee on Water and Sanitation as Committee Chairperson
2026-02-12 19:53:43,131 - committee_scraper - INFO - Created membership: mkhawula -> Portfolio    Committee on Water and Sanitation as Committee Chairperson
2026-02-12 19:53:43,154 - committee_scraper - INFO - Created membership: mkobe -> Portfolio    Committee on Water and Sanitation as Committee Chairperson
2026-02-12 19:53:43,177 - committee_scraper - INFO - Created membership: mmatutu -> Portfolio    Committee on Water and Sanitation as Committee Chairperson
2026-02-12 19:53:43,202 - committee_scraper - INFO - Created membership: smoore -> Portfolio    Committee on Water and Sanitation as Committee Chairperson
2026-02-12 19:53:43,241 - committee_scraper - INFO - Created membership: kramaila -> Portfolio    Committee on Water and Sanitation as Committee Chairperson
2026-02-12 19:53:43,270 - committee_scraper - INFO - Created membership: vreddy -> Portfolio    Committee on Water and Sanitation as Committee Chairperson
2026-02-12 19:53:43,294 - committee_scraper - INFO - Created membership: nwebster -> Portfolio    Committee on Water and Sanitation as Committee Chairperson
2026-02-12 19:53:43,316 - committee_scraper - INFO - Created membership: kmadlala -> Portfolio    Committee on Water and Sanitation as Committee Chairperson
2026-02-12 19:53:43,344 - committee_scraper - INFO - Created membership: simahlangu -> Portfolio    Committee on Water and Sanitation as Committee Chairperson
2026-02-12 19:53:43,367 - committee_scraper - INFO - Created membership: fmbiko -> Portfolio    Committee on Water and Sanitation as Committee Chairperson
2026-02-12 19:53:43,390 - committee_scraper - INFO - Created membership: mmohlala -> Portfolio    Committee on Water and Sanitation as Committee Chairperson
2026-02-12 19:53:43,412 - committee_scraper - INFO - Created membership: wwessels -> Portfolio    Committee on Water and Sanitation as Committee Chairperson
2026-02-12 19:53:44,445 - committee_scraper - INFO - Committee not found in database, creating: Select Committee    on Economic Development and Trade
2026-02-12 19:53:44,490 - committee_scraper - INFO - Created missing committee: Select Committee    on Economic Development and Trade (type: select_committee)
2026-02-12 19:53:44,493 - committee_scraper - INFO - Created membership: hboshoff -> Select Committee    on Economic Development and Trade as Committee Chairperson
2026-02-12 19:53:44,764 - committee_scraper - INFO - Found 11 composition members and 5 alternate members
2026-02-12 19:53:44,764 - committee_scraper - INFO - Total 16 members for committee: https://www.parliament.gov.za/committee-details/292
2026-02-12 19:53:44,772 - committee_scraper - INFO - Created membership: mdhlamini -> Select Committee    on Economic Development and Trade as Committee Chairperson
2026-02-12 19:53:44,799 - committee_scraper - INFO - Created membership: bfarmer -> Select Committee    on Economic Development and Trade as Committee Chairperson
2026-02-12 19:53:44,824 - committee_scraper - INFO - Created membership: smabilo -> Select Committee    on Economic Development and Trade as Committee Chairperson
2026-02-12 19:53:44,853 - committee_scraper - INFO - Created membership: mmodise -> Select Committee    on Economic Development and Trade as Committee Chairperson
2026-02-12 19:53:44,875 - committee_scraper - INFO - Created membership: szondi -> Select Committee    on Economic Development and Trade as Committee Chairperson
2026-02-12 19:53:44,907 - committee_scraper - INFO - Created membership: mmontwedi -> Select Committee    on Economic Development and Trade as Committee Chairperson
2026-02-12 19:53:44,934 - committee_scraper - INFO - Created membership: mndlangisa -> Select Committee    on Economic Development and Trade as Committee Chairperson
2026-02-12 19:53:44,959 - committee_scraper - INFO - Created membership: npienaar -> Select Committee    on Economic Development and Trade as Committee Chairperson
2026-02-12 19:53:44,993 - committee_scraper - INFO - Created membership: ssithole -> Select Committee    on Economic Development and Trade as Committee Chairperson
2026-02-12 19:53:45,020 - committee_scraper - INFO - Created membership: hvandenberg -> Select Committee    on Economic Development and Trade as Committee Chairperson
2026-02-12 19:53:45,048 - committee_scraper - INFO - Created membership: niduplessis -> Select Committee    on Economic Development and Trade as Committee Chairperson
2026-02-12 19:53:45,070 - committee_scraper - INFO - Created membership: mkennedy -> Select Committee    on Economic Development and Trade as Committee Chairperson
2026-02-12 19:53:45,102 - committee_scraper - WARNING - User not found in system: Mr Jerome Sibongiseni Majola (search key: jmajola)
2026-02-12 19:53:45,105 - committee_scraper - INFO - Created membership: jmananiso -> Select Committee    on Economic Development and Trade as Committee Chairperson
2026-02-12 19:53:45,131 - committee_scraper - INFO - Created membership: amatshobeni -> Select Committee    on Economic Development and Trade as Committee Chairperson
2026-02-12 19:53:46,159 - committee_scraper - INFO - Committee not found in database, creating: Constitutional Review  Committee
2026-02-12 19:53:46,212 - committee_scraper - INFO - Created missing committee: Constitutional Review  Committee (type: special_committee)
2026-02-12 19:53:46,215 - committee_scraper - INFO - Created membership: gbreytenbach -> Constitutional Review  Committee as Committee Chairperson
2026-02-12 19:53:46,536 - committee_scraper - INFO - Found 22 composition members and 4 alternate members
2026-02-12 19:53:46,537 - committee_scraper - INFO - Total 26 members for committee: https://www.parliament.gov.za/committee-details/248
2026-02-12 19:53:46,546 - committee_scraper - INFO - Created membership: psibande -> Constitutional Review  Committee as Committee Chairperson
2026-02-12 19:53:46,573 - committee_scraper - INFO - Created membership: aabrahams -> Constitutional Review  Committee as Committee Chairperson
2026-02-12 19:53:46,599 - committee_scraper - INFO - Created membership: mdhlamini -> Constitutional Review  Committee as Committee Chairperson
2026-02-12 19:53:46,638 - committee_scraper - INFO - Created membership: niduplessis -> Constitutional Review  Committee as Committee Chairperson
2026-02-12 19:53:46,664 - committee_scraper - INFO - Created membership: dfienies -> Constitutional Review  Committee as Committee Chairperson
2026-02-12 19:53:46,693 - committee_scraper - INFO - Created membership: sfrenchman -> Constitutional Review  Committee as Committee Chairperson
2026-02-12 19:53:46,717 - committee_scraper - INFO - Created membership: vgericke -> Constitutional Review  Committee as Committee Chairperson
2026-02-12 19:53:46,747 - committee_scraper - INFO - Created membership: nhadebe -> Constitutional Review  Committee as Committee Chairperson
2026-02-12 19:53:46,774 - committee_scraper - INFO - Created membership: tkaunda -> Constitutional Review  Committee as Committee Chairperson
2026-02-12 19:53:46,809 - committee_scraper - INFO - Created membership: clabuschagne -> Constitutional Review  Committee as Committee Chairperson
2026-02-12 19:53:46,838 - committee_scraper - INFO - Created membership: jmalema -> Constitutional Review  Committee as Committee Chairperson
2026-02-12 19:53:46,863 - committee_scraper - INFO - Created membership: omathafa -> Constitutional Review  Committee as Committee Chairperson
2026-02-12 19:53:46,892 - committee_scraper - INFO - Created membership: amngxitam -> Constitutional Review  Committee as Committee Chairperson
2026-02-12 19:53:46,920 - committee_scraper - INFO - Created membership: cmulder -> Constitutional Review  Committee as Committee Chairperson
2026-02-12 19:53:46,947 - committee_scraper - INFO - Created membership: fmuthambi -> Constitutional Review  Committee as Committee Chairperson
2026-02-12 19:53:46,969 - committee_scraper - INFO - Created membership: snomvalo -> Constitutional Review  Committee as Committee Chairperson
2026-02-12 19:53:46,994 - committee_scraper - INFO - Created membership: xnqola -> Constitutional Review  Committee as Committee Chairperson
2026-02-12 19:53:47,026 - committee_scraper - INFO - Created membership: mapeter -> Constitutional Review  Committee as Committee Chairperson
2026-02-12 19:53:47,052 - committee_scraper - INFO - Created membership: npienaar -> Constitutional Review  Committee as Committee Chairperson
2026-02-12 19:53:47,090 - committee_scraper - INFO - Created membership: ssithole -> Constitutional Review  Committee as Committee Chairperson
2026-02-12 19:53:47,113 - committee_scraper - INFO - Created membership: ntshotetsi -> Constitutional Review  Committee as Committee Chairperson
2026-02-12 19:53:47,137 - committee_scraper - INFO - Created membership: mlekganyane -> Constitutional Review  Committee as Committee Chairperson
2026-02-12 19:53:47,163 - committee_scraper - INFO - Created membership: gmichalakis -> Constitutional Review  Committee as Committee Chairperson
2026-02-12 19:53:47,191 - committee_scraper - WARNING - User not found in system: Mr Tshepo Lucky Montana (search key: tmontana)
2026-02-12 19:53:47,194 - committee_scraper - INFO - Created membership: mmuhammad -> Constitutional Review  Committee as Committee Chairperson
2026-02-12 19:53:48,217 - committee_scraper - INFO - Committee not found in database, creating: Joint Committee on  Ethics and Members’ Interests
2026-02-12 19:53:48,252 - committee_scraper - INFO - Created parent group: Joint
2026-02-12 19:53:48,297 - committee_scraper - INFO - Created missing committee: Joint Committee on  Ethics and Members’ Interests (type: joint_committee)
2026-02-12 19:53:48,301 - committee_scraper - INFO - Created membership: jbritz -> Joint Committee on  Ethics and Members’ Interests as Committee Chairperson
2026-02-12 19:53:48,548 - committee_scraper - INFO - Found 20 composition members and 3 alternate members
2026-02-12 19:53:48,548 - committee_scraper - INFO - Total 23 members for committee: https://www.parliament.gov.za/committee-details/243
2026-02-12 19:53:48,557 - committee_scraper - INFO - Created membership: lmakhubela -> Joint Committee on  Ethics and Members’ Interests as Committee Chairperson
2026-02-12 19:53:48,584 - committee_scraper - INFO - Created membership: mbilly -> Joint Committee on  Ethics and Members’ Interests as Committee Chairperson
2026-02-12 19:53:48,616 - committee_scraper - INFO - Created membership: gbreytenbach -> Joint Committee on  Ethics and Members’ Interests as Committee Chairperson
2026-02-12 19:53:48,642 - committee_scraper - INFO - Created membership: bfarmer -> Joint Committee on  Ethics and Members’ Interests as Committee Chairperson
2026-02-12 19:53:48,669 - committee_scraper - INFO - Created membership: mgana -> Joint Committee on  Ethics and Members’ Interests as Committee Chairperson
2026-02-12 19:53:48,696 - committee_scraper - INFO - Created membership: nhadebe -> Joint Committee on  Ethics and Members’ Interests as Committee Chairperson
2026-02-12 19:53:48,725 - committee_scraper - INFO - Created membership: mhlophe -> Joint Committee on  Ethics and Members’ Interests as Committee Chairperson
2026-02-12 19:53:48,755 - committee_scraper - INFO - Created membership: akumbaca -> Joint Committee on  Ethics and Members’ Interests as Committee Chairperson
2026-02-12 19:53:48,778 - committee_scraper - INFO - Created membership: mmakesini -> Joint Committee on  Ethics and Members’ Interests as Committee Chairperson
2026-02-12 19:53:48,801 - committee_scraper - INFO - Created membership: jmalema -> Joint Committee on  Ethics and Members’ Interests as Committee Chairperson
2026-02-12 19:53:48,831 - committee_scraper - INFO - Created membership: omathafa -> Joint Committee on  Ethics and Members’ Interests as Committee Chairperson
2026-02-12 19:53:48,856 - committee_scraper - INFO - Created membership: omedupe -> Joint Committee on  Ethics and Members’ Interests as Committee Chairperson
2026-02-12 19:53:48,886 - committee_scraper - INFO - Created membership: mmodise -> Joint Committee on  Ethics and Members’ Interests as Committee Chairperson
2026-02-12 19:53:48,917 - committee_scraper - INFO - Created membership: mmokwele -> Joint Committee on  Ethics and Members’ Interests as Committee Chairperson
2026-02-12 19:53:48,943 - committee_scraper - INFO - Created membership: nndhlela -> Joint Committee on  Ethics and Members’ Interests as Committee Chairperson
2026-02-12 19:53:48,972 - committee_scraper - INFO - Created membership: bnodada -> Joint Committee on  Ethics and Members’ Interests as Committee Chairperson
2026-02-12 19:53:48,996 - committee_scraper - INFO - Created membership: snxumalo -> Joint Committee on  Ethics and Members’ Interests as Committee Chairperson
2026-02-12 19:53:49,022 - committee_scraper - INFO - Created membership: sselamolela -> Joint Committee on  Ethics and Members’ Interests as Committee Chairperson
2026-02-12 19:53:49,052 - committee_scraper - INFO - Created membership: hvandenberg -> Joint Committee on  Ethics and Members’ Interests as Committee Chairperson
2026-02-12 19:53:49,079 - committee_scraper - INFO - Created membership: tbreedt -> Joint Committee on  Ethics and Members’ Interests as Committee Chairperson
2026-02-12 19:53:49,100 - committee_scraper - INFO - Created membership: szondi -> Joint Committee on  Ethics and Members’ Interests as Committee Chairperson
2026-02-12 19:53:49,128 - committee_scraper - INFO - Created membership: rmolokomme -> Joint Committee on  Ethics and Members’ Interests as Committee Chairperson
2026-02-12 19:53:50,154 - committee_scraper - INFO - Committee not found in database, creating: Portfolio    Committee on Police
2026-02-12 19:53:50,201 - committee_scraper - INFO - Created missing committee: Portfolio    Committee on Police (type: internal_committee)
2026-02-12 19:53:50,204 - committee_scraper - INFO - Created membership: icameron -> Portfolio    Committee on Police as Committee Chairperson
2026-02-12 19:53:50,515 - committee_scraper - INFO - Found 11 composition members and 6 alternate members
2026-02-12 19:53:50,515 - committee_scraper - INFO - Total 17 members for committee: https://www.parliament.gov.za/committee-details/270
2026-02-12 19:53:50,520 - committee_scraper - INFO - Created membership: zabader -> Portfolio    Committee on Police as Committee Chairperson
2026-02-12 19:53:50,551 - committee_scraper - INFO - Created membership: faadams -> Portfolio    Committee on Police as Committee Chairperson
2026-02-12 19:53:50,577 - committee_scraper - INFO - Created membership: ecloete -> Portfolio    Committee on Police as Committee Chairperson
2026-02-12 19:53:50,606 - committee_scraper - INFO - Created membership: lmathys -> Portfolio    Committee on Police as Committee Chairperson
2026-02-12 19:53:50,630 - committee_scraper - INFO - Created membership: imbiyo -> Portfolio    Committee on Police as Committee Chairperson
2026-02-12 19:53:50,659 - committee_scraper - WARNING - User not found in system: Rev Kenneth Raselabe Joseph Meshoe (search key: rmeshoe)
2026-02-12 19:53:50,667 - committee_scraper - INFO - Created membership: jlmokoena -> Portfolio    Committee on Police as Committee Chairperson
2026-02-12 19:53:50,695 - committee_scraper - INFO - Created membership: wplaatjies -> Portfolio    Committee on Police as Committee Chairperson
2026-02-12 19:53:50,721 - committee_scraper - INFO - Created membership: lschickerling -> Portfolio    Committee on Police as Committee Chairperson
2026-02-12 19:53:50,745 - committee_scraper - INFO - Created membership: dskosana -> Portfolio    Committee on Police as Committee Chairperson
2026-02-12 19:53:50,784 - committee_scraper - INFO - Created membership: mgana -> Portfolio    Committee on Police as Committee Chairperson
2026-02-12 19:53:50,807 - committee_scraper - INFO - Created membership: djames -> Portfolio    Committee on Police as Committee Chairperson
2026-02-12 19:53:50,833 - committee_scraper - WARNING - User not found in system: Mr Muzi Khoza (search key: mkhoza)
2026-02-12 19:53:50,839 - committee_scraper - WARNING - User not found in system: Ms Dianne Kohler (search key: dkohler)
2026-02-12 19:53:50,842 - committee_scraper - INFO - Created membership: mmoela -> Portfolio    Committee on Police as Committee Chairperson
2026-02-12 19:53:50,868 - committee_scraper - INFO - Created membership: cshongwe -> Portfolio    Committee on Police as Committee Chairperson
2026-02-12 19:53:51,893 - committee_scraper - INFO - Committee not found in database, creating: Portfolio    Committee on Home Affairs
2026-02-12 19:53:51,944 - committee_scraper - INFO - Created missing committee: Portfolio    Committee on Home Affairs (type: internal_committee)
2026-02-12 19:53:51,948 - committee_scraper - INFO - Created membership: mchabane -> Portfolio    Committee on Home Affairs as Committee Chairperson
2026-02-12 19:53:52,218 - committee_scraper - INFO - Found 11 composition members and 4 alternate members
2026-02-12 19:53:52,218 - committee_scraper - INFO - Total 15 members for committee: https://www.parliament.gov.za/committee-details/263
2026-02-12 19:53:52,228 - committee_scraper - INFO - Created membership: nbollman -> Portfolio    Committee on Home Affairs as Committee Chairperson
2026-02-12 19:53:52,258 - committee_scraper - INFO - Created membership: sjama -> Portfolio    Committee on Home Affairs as Committee Chairperson
2026-02-12 19:53:52,286 - committee_scraper - INFO - Created membership: bmachi -> Portfolio    Committee on Home Affairs as Committee Chairperson
2026-02-12 19:53:52,310 - committee_scraper - INFO - Created membership: mmathopa -> Portfolio    Committee on Home Affairs as Committee Chairperson
2026-02-12 19:53:52,338 - committee_scraper - INFO - Created membership: mmodise -> Portfolio    Committee on Home Affairs as Committee Chairperson
2026-02-12 19:53:52,376 - committee_scraper - INFO - Created membership: tmogale -> Portfolio    Committee on Home Affairs as Committee Chairperson
2026-02-12 19:53:52,400 - committee_scraper - INFO - Created membership: nmtolo -> Portfolio    Committee on Home Affairs as Committee Chairperson
2026-02-12 19:53:52,649 - committee_scraper - INFO - Created membership: mmuhammad -> Portfolio    Committee on Home Affairs as Committee Chairperson
2026-02-12 19:53:52,674 - committee_scraper - INFO - Created membership: jngubane -> Portfolio    Committee on Home Affairs as Committee Chairperson
2026-02-12 19:53:52,701 - committee_scraper - INFO - Created membership: aroos -> Portfolio    Committee on Home Affairs as Committee Chairperson
2026-02-12 19:53:52,725 - committee_scraper - INFO - Created membership: mhala -> Portfolio    Committee on Home Affairs as Committee Chairperson
2026-02-12 19:53:52,757 - committee_scraper - INFO - Created membership: nmyburgh -> Portfolio    Committee on Home Affairs as Committee Chairperson
2026-02-12 19:53:52,783 - committee_scraper - INFO - Created membership: lngobeni -> Portfolio    Committee on Home Affairs as Committee Chairperson
2026-02-12 19:53:52,808 - committee_scraper - INFO - Created membership: lshangase -> Portfolio    Committee on Home Affairs as Committee Chairperson
2026-02-12 19:53:53,833 - committee_scraper - INFO - Committee not found in database, creating: Portfolio    Committee on Public Service and Administration
2026-02-12 19:53:53,883 - committee_scraper - INFO - Created missing committee: Portfolio    Committee on Public Service and Administration (type: internal_committee)
2026-02-12 19:53:53,891 - committee_scraper - INFO - Created membership: jdevilliers -> Portfolio    Committee on Public Service and Administration as Committee Chairperson
2026-02-12 19:53:54,165 - committee_scraper - INFO - Found 12 composition members and 3 alternate members
2026-02-12 19:53:54,165 - committee_scraper - INFO - Total 15 members for committee: https://www.parliament.gov.za/committee-details/271
2026-02-12 19:53:54,176 - committee_scraper - INFO - Created membership: sgcilishe -> Portfolio    Committee on Public Service and Administration as Committee Chairperson
2026-02-12 19:53:54,203 - committee_scraper - INFO - Created membership: tlanga -> Portfolio    Committee on Public Service and Administration as Committee Chairperson
2026-02-12 19:53:54,242 - committee_scraper - INFO - Created membership: tletlape -> Portfolio    Committee on Public Service and Administration as Committee Chairperson
2026-02-12 19:53:54,272 - committee_scraper - INFO - Created membership: jmalinga -> Portfolio    Committee on Public Service and Administration as Committee Chairperson
2026-02-12 19:53:54,303 - committee_scraper - INFO - Created membership: gmchunu -> Portfolio    Committee on Public Service and Administration as Committee Chairperson
2026-02-12 19:53:54,338 - committee_scraper - INFO - Created membership: singcobo -> Portfolio    Committee on Public Service and Administration as Committee Chairperson
2026-02-12 19:53:54,364 - committee_scraper - INFO - Created membership: vnkosi -> Portfolio    Committee on Public Service and Administration as Committee Chairperson
2026-02-12 19:53:54,391 - committee_scraper - INFO - Created membership: mpholwane -> Portfolio    Committee on Public Service and Administration as Committee Chairperson
2026-02-12 19:53:54,429 - committee_scraper - INFO - Created membership: espies -> Portfolio    Committee on Public Service and Administration as Committee Chairperson
2026-02-12 19:53:54,452 - committee_scraper - INFO - Created membership: wtikana-gxotiwe -> Portfolio    Committee on Public Service and Administration as Committee Chairperson
2026-02-12 19:53:54,484 - committee_scraper - INFO - Created membership: pxaba-ntshaba -> Portfolio    Committee on Public Service and Administration as Committee Chairperson
2026-02-12 19:53:54,507 - committee_scraper - INFO - Created membership: nobuthelezi -> Portfolio    Committee on Public Service and Administration as Committee Chairperson
2026-02-12 19:53:54,531 - committee_scraper - INFO - Created membership: cmkhonto -> Portfolio    Committee on Public Service and Administration as Committee Chairperson
2026-02-12 19:53:54,557 - committee_scraper - INFO - Created membership: wthring -> Portfolio    Committee on Public Service and Administration as Committee Chairperson
2026-02-12 19:53:55,586 - committee_scraper - INFO - Committee not found in database, creating: Portfolio    Committee on Small Business Development
2026-02-12 19:53:55,649 - committee_scraper - INFO - Created missing committee: Portfolio    Committee on Small Business Development (type: internal_committee)
2026-02-12 19:53:55,653 - committee_scraper - INFO - Created membership: mdikgale -> Portfolio    Committee on Small Business Development as Committee Chairperson
2026-02-12 19:53:55,960 - committee_scraper - INFO - Found 11 composition members and 6 alternate members
2026-02-12 19:53:55,960 - committee_scraper - INFO - Total 17 members for committee: https://www.parliament.gov.za/committee-details/274
2026-02-12 19:53:55,974 - committee_scraper - INFO - Created membership: kbilankulu -> Portfolio    Committee on Small Business Development as Committee Chairperson
2026-02-12 19:53:56,002 - committee_scraper - INFO - Created membership: nwebster -> Portfolio    Committee on Small Business Development as Committee Chairperson
2026-02-12 19:53:56,037 - committee_scraper - WARNING - User not found in system: Mr Hendrik Christiaan Crafford Krüger (search key: hkrüger)
2026-02-12 19:53:56,041 - committee_scraper - INFO - Created membership: bluthuli -> Portfolio    Committee on Small Business Development as Committee Chairperson
2026-02-12 19:53:56,072 - committee_scraper - INFO - Created membership: cmafagane -> Portfolio    Committee on Small Business Development as Committee Chairperson
2026-02-12 19:53:56,101 - committee_scraper - INFO - Created membership: cmalematja -> Portfolio    Committee on Small Business Development as Committee Chairperson
2026-02-12 19:53:56,128 - committee_scraper - INFO - Created membership: bmathulelwa -> Portfolio    Committee on Small Business Development as Committee Chairperson
2026-02-12 19:53:56,155 - committee_scraper - INFO - Created membership: dntshaba -> Portfolio    Committee on Small Business Development as Committee Chairperson
2026-02-12 19:53:56,183 - committee_scraper - INFO - Created membership: epowell -> Portfolio    Committee on Small Business Development as Committee Chairperson
2026-02-12 19:53:56,210 - committee_scraper - INFO - Created membership: lsapo -> Portfolio    Committee on Small Business Development as Committee Chairperson
2026-02-12 19:53:56,239 - committee_scraper - WARNING - User not found in system: Rev Nhlanhla Bernard Gcwabaza (search key: rgcwabaza)
2026-02-12 19:53:56,244 - committee_scraper - INFO - Created membership: hmbele -> Portfolio    Committee on Small Business Development as Committee Chairperson
2026-02-12 19:53:56,271 - committee_scraper - INFO - Created membership: mmmolotsane -> Portfolio    Committee on Small Business Development as Committee Chairperson
2026-02-12 19:53:56,305 - committee_scraper - INFO - Created membership: lngobeni -> Portfolio    Committee on Small Business Development as Committee Chairperson
2026-02-12 19:53:56,328 - committee_scraper - INFO - Created membership: ssingh -> Portfolio    Committee on Small Business Development as Committee Chairperson
2026-02-12 19:53:56,352 - committee_scraper - INFO - Created membership: vzungula -> Portfolio    Committee on Small Business Development as Committee Chairperson
2026-02-12 19:53:57,376 - committee_scraper - INFO - Committee not found in database, creating: Multi Party Women's  Caucus
2026-02-12 19:53:57,434 - committee_scraper - INFO - Created missing committee: Multi Party Women's  Caucus (type: special_committee)
2026-02-12 19:53:57,438 - committee_scraper - INFO - Created membership: mdunjwa -> Multi Party Women's  Caucus as Committee Chairperson
2026-02-12 19:53:57,696 - committee_scraper - INFO - Found 7 composition members and 0 alternate members
2026-02-12 19:53:57,696 - committee_scraper - INFO - Total 7 members for committee: https://www.parliament.gov.za/committee-details/247
2026-02-12 19:53:57,704 - committee_scraper - INFO - Created membership: djames -> Multi Party Women's  Caucus as Committee Deputy Chairperson
2026-02-12 19:53:57,735 - committee_scraper - INFO - Created membership: akhanyile -> Multi Party Women's  Caucus as Committee Deputy Chairperson
2026-02-12 19:53:57,758 - committee_scraper - INFO - Created membership: bmachi -> Multi Party Women's  Caucus as Committee Deputy Chairperson
2026-02-12 19:53:57,795 - committee_scraper - INFO - Created membership: mndlangisa -> Multi Party Women's  Caucus as Committee Deputy Chairperson
2026-02-12 19:53:57,825 - committee_scraper - INFO - Created membership: mseate -> Multi Party Women's  Caucus as Committee Deputy Chairperson
2026-02-12 19:53:57,853 - committee_scraper - INFO - Created membership: sthembekwayo -> Multi Party Women's  Caucus as Committee Deputy Chairperson
2026-02-12 19:53:58,881 - committee_scraper - INFO - Committee not found in database, creating: Select Committee    on Education, Sciences and Creative Industries
2026-02-12 19:53:58,991 - committee_scraper - INFO - Created missing committee: Select Committee    on Education, Sciences and Creative Industries (type: select_committee)
2026-02-12 19:53:58,994 - committee_scraper - INFO - Created membership: mfeni -> Select Committee    on Education, Sciences and Creative Industries as Committee Chairperson
2026-02-12 19:53:59,325 - committee_scraper - INFO - Found 9 composition members and 6 alternate members
2026-02-12 19:53:59,325 - committee_scraper - INFO - Total 15 members for committee: https://www.parliament.gov.za/committee-details/293
2026-02-12 19:53:59,330 - committee_scraper - INFO - Created membership: jadriaanse -> Select Committee    on Education, Sciences and Creative Industries as Committee Chairperson
2026-02-12 19:53:59,361 - committee_scraper - INFO - Created membership: tbreedt -> Select Committee    on Education, Sciences and Creative Industries as Committee Chairperson
2026-02-12 19:53:59,400 - committee_scraper - INFO - Created membership: nchirwa -> Select Committee    on Education, Sciences and Creative Industries as Committee Chairperson
2026-02-12 19:53:59,436 - committee_scraper - INFO - Created membership: niduplessis -> Select Committee    on Education, Sciences and Creative Industries as Committee Chairperson
2026-02-12 19:53:59,462 - committee_scraper - INFO - Created membership: dfienies -> Select Committee    on Education, Sciences and Creative Industries as Committee Chairperson
2026-02-12 19:53:59,492 - committee_scraper - WARNING - User not found in system: Mr Les Govender (search key: lgovender)
2026-02-12 19:53:59,495 - committee_scraper - INFO - Created membership: mmokwele -> Select Committee    on Education, Sciences and Creative Industries as Committee Chairperson
2026-02-12 19:53:59,527 - committee_scraper - INFO - Created membership: psibande -> Select Committee    on Education, Sciences and Creative Industries as Committee Chairperson
2026-02-12 19:53:59,555 - committee_scraper - INFO - Created membership: bfarmer -> Select Committee    on Education, Sciences and Creative Industries as Committee Chairperson
2026-02-12 19:53:59,587 - committee_scraper - WARNING - User not found in system: Mr Jerome Sibongiseni Majola (search key: jmajola)
2026-02-12 19:53:59,590 - committee_scraper - INFO - Created membership: mmakesini -> Select Committee    on Education, Sciences and Creative Industries as Committee Chairperson
2026-02-12 19:53:59,620 - committee_scraper - WARNING - User not found in system: Adv Inkosi Mwelo Nonkonyana (search key: inonkonyana)
2026-02-12 19:53:59,628 - committee_scraper - INFO - Created membership: hvandenberg -> Select Committee    on Education, Sciences and Creative Industries as Committee Chairperson
2026-02-12 19:53:59,652 - committee_scraper - INFO - Created membership: szulu -> Select Committee    on Education, Sciences and Creative Industries as Committee Chairperson
2026-02-12 19:54:00,680 - committee_scraper - INFO - Committee not found in database, creating: Select Committee    on Social Services
2026-02-12 19:54:00,726 - committee_scraper - INFO - Created missing committee: Select Committee    on Social Services (type: select_committee)
2026-02-12 19:54:00,731 - committee_scraper - INFO - Created membership: dfienies -> Select Committee    on Social Services as Committee Chairperson
2026-02-12 19:54:01,004 - committee_scraper - INFO - Found 9 composition members and 5 alternate members
2026-02-12 19:54:01,004 - committee_scraper - INFO - Total 14 members for committee: https://www.parliament.gov.za/committee-details/298
2026-02-12 19:54:01,013 - committee_scraper - INFO - Created membership: jadriaanse -> Select Committee    on Social Services as Committee Chairperson
2026-02-12 19:54:01,039 - committee_scraper - INFO - Created membership: tbreedt -> Select Committee    on Social Services as Committee Chairperson
2026-02-12 19:54:01,073 - committee_scraper - INFO - Created membership: nchirwa -> Select Committee    on Social Services as Committee Chairperson
2026-02-12 19:54:01,256 - committee_scraper - INFO - Created membership: niduplessis -> Select Committee    on Social Services as Committee Chairperson
2026-02-12 19:54:01,278 - committee_scraper - INFO - Created membership: mfeni -> Select Committee    on Social Services as Committee Chairperson
2026-02-12 19:54:01,299 - committee_scraper - WARNING - User not found in system: Mr Les Govender (search key: lgovender)
2026-02-12 19:54:01,303 - committee_scraper - INFO - Created membership: mmokwele -> Select Committee    on Social Services as Committee Chairperson
2026-02-12 19:54:01,330 - committee_scraper - INFO - Created membership: psibande -> Select Committee    on Social Services as Committee Chairperson
2026-02-12 19:54:01,348 - committee_scraper - INFO - Created membership: bfarmer -> Select Committee    on Social Services as Committee Chairperson
2026-02-12 19:54:01,372 - committee_scraper - INFO - Created membership: mmakesini -> Select Committee    on Social Services as Committee Chairperson
2026-02-12 19:54:01,399 - committee_scraper - WARNING - User not found in system: Adv Inkosi Mwelo Nonkonyana (search key: inonkonyana)
2026-02-12 19:54:01,409 - committee_scraper - INFO - Created membership: hvandenberg -> Select Committee    on Social Services as Committee Chairperson
2026-02-12 19:54:01,430 - committee_scraper - INFO - Created membership: szulu -> Select Committee    on Social Services as Committee Chairperson
2026-02-12 19:54:02,447 - committee_scraper - INFO - Committee not found in database, creating: Portfolio    Committee on Forestry, Fisheries and Environment
2026-02-12 19:54:02,481 - committee_scraper - INFO - Created missing committee: Portfolio    Committee on Forestry, Fisheries and Environment (type: internal_committee)
2026-02-12 19:54:02,484 - committee_scraper - INFO - Created membership: ngantsho -> Portfolio    Committee on Forestry, Fisheries and Environment as Committee Chairperson
2026-02-12 19:54:02,763 - committee_scraper - INFO - Found 11 composition members and 2 alternate members
2026-02-12 19:54:02,763 - committee_scraper - INFO - Total 13 members for committee: https://www.parliament.gov.za/committee-details/260
2026-02-12 19:54:02,776 - committee_scraper - INFO - Created membership: kbilankulu -> Portfolio    Committee on Forestry, Fisheries and Environment as Committee Chairperson
2026-02-12 19:54:02,801 - committee_scraper - INFO - Created membership: adeblocq -> Portfolio    Committee on Forestry, Fisheries and Environment as Committee Chairperson
2026-02-12 19:54:02,823 - committee_scraper - INFO - Created membership: mgasa -> Portfolio    Committee on Forestry, Fisheries and Environment as Committee Chairperson
2026-02-12 19:54:02,841 - committee_scraper - INFO - Created membership: nmakasi -> Portfolio    Committee on Forestry, Fisheries and Environment as Committee Chairperson
2026-02-12 19:54:02,861 - committee_scraper - INFO - Created membership: lmanaga -> Portfolio    Committee on Forestry, Fisheries and Environment as Committee Chairperson
2026-02-12 19:54:02,894 - committee_scraper - INFO - Created membership: spmkhize -> Portfolio    Committee on Forestry, Fisheries and Environment as Committee Chairperson
2026-02-12 19:54:02,917 - committee_scraper - INFO - Created membership: nndalane -> Portfolio    Committee on Forestry, Fisheries and Environment as Committee Chairperson
2026-02-12 19:54:02,938 - committee_scraper - INFO - Created membership: wpeach -> Portfolio    Committee on Forestry, Fisheries and Environment as Committee Chairperson
2026-02-12 19:54:02,959 - committee_scraper - INFO - Created membership: shepeters -> Portfolio    Committee on Forestry, Fisheries and Environment as Committee Chairperson
2026-02-12 19:54:02,981 - committee_scraper - INFO - Created membership: athemba -> Portfolio    Committee on Forestry, Fisheries and Environment as Committee Chairperson
2026-02-12 19:54:03,011 - committee_scraper - INFO - Created membership: jlmokoena -> Portfolio    Committee on Forestry, Fisheries and Environment as Committee Chairperson
2026-02-12 19:54:03,039 - committee_scraper - INFO - Created membership: mpaulsen -> Portfolio    Committee on Forestry, Fisheries and Environment as Committee Chairperson
2026-02-12 19:54:04,065 - committee_scraper - INFO - Committee not found in database, creating: Joint Standing  Committee on Defence
2026-02-12 19:54:04,115 - committee_scraper - INFO - Created missing committee: Joint Standing  Committee on Defence (type: internal_committee)
2026-02-12 19:54:04,123 - committee_scraper - INFO - Created membership: mgigaba -> Joint Standing  Committee on Defence as Committee Chairperson
2026-02-12 19:54:04,393 - committee_scraper - INFO - Found 16 composition members and 0 alternate members
2026-02-12 19:54:04,393 - committee_scraper - INFO - Total 16 members for committee: https://www.parliament.gov.za/committee-details/245
2026-02-12 19:54:04,398 - committee_scraper - INFO - Created membership: pphala -> Joint Standing  Committee on Defence as Committee Chairperson
2026-02-12 19:54:04,432 - committee_scraper - INFO - Created membership: tbreedt -> Joint Standing  Committee on Defence as Committee Chairperson
2026-02-12 19:54:04,464 - committee_scraper - WARNING - User not found in system: Inkosi Russel Nsikayezwe Cebekhulu (search key: icebekhulu)
2026-02-12 19:54:04,467 - committee_scraper - INFO - Created membership: vgericke -> Joint Standing  Committee on Defence as Committee Chairperson
2026-02-12 19:54:04,491 - committee_scraper - INFO - Created membership: ngotsell -> Joint Standing  Committee on Defence as Committee Chairperson
2026-02-12 19:54:04,516 - committee_scraper - INFO - Created membership: mhala -> Joint Standing  Committee on Defence as Committee Chairperson
2026-02-12 19:54:04,540 - committee_scraper - INFO - Created membership: chattingh -> Joint Standing  Committee on Defence as Committee Chairperson
2026-02-12 19:54:04,565 - committee_scraper - INFO - Created membership: tlegwase -> Joint Standing  Committee on Defence as Committee Chairperson
2026-02-12 19:54:04,590 - committee_scraper - INFO - Created membership: cniehaus -> Joint Standing  Committee on Defence as Committee Chairperson
2026-02-12 19:54:04,618 - committee_scraper - INFO - Created membership: pnoe -> Joint Standing  Committee on Defence as Committee Chairperson
2026-02-12 19:54:04,645 - committee_scraper - INFO - Created membership: entshingila -> Joint Standing  Committee on Defence as Committee Chairperson
2026-02-12 19:54:04,671 - committee_scraper - INFO - Created membership: wplaatjies -> Joint Standing  Committee on Defence as Committee Chairperson
2026-02-12 19:54:04,711 - committee_scraper - WARNING - User not found in system: Ms Mabel Rweqana (search key: mrweqana)
2026-02-12 19:54:04,715 - committee_scraper - INFO - Created membership: mshelembe -> Joint Standing  Committee on Defence as Committee Chairperson
2026-02-12 19:54:04,751 - committee_scraper - INFO - Created membership: tsokanyile -> Joint Standing  Committee on Defence as Committee Chairperson
2026-02-12 19:54:05,776 - committee_scraper - INFO - Committee not found in database, creating: Select Committee    on Cooperative Governance and Public Administration
2026-02-12 19:54:05,852 - committee_scraper - INFO - Created missing committee: Select Committee    on Cooperative Governance and Public Administration (type: select_committee)
2026-02-12 19:54:05,857 - committee_scraper - INFO - Created membership: tkaunda -> Select Committee    on Cooperative Governance and Public Administration as Committee Chairperson
2026-02-12 19:54:06,191 - committee_scraper - INFO - Found 11 composition members and 5 alternate members
2026-02-12 19:54:06,192 - committee_scraper - INFO - Total 16 members for committee: https://www.parliament.gov.za/committee-details/291
2026-02-12 19:54:06,200 - committee_scraper - INFO - Created membership: fbadenhorst -> Select Committee    on Cooperative Governance and Public Administration as Committee Chairperson
2026-02-12 19:54:06,228 - committee_scraper - INFO - Created membership: tbreedt -> Select Committee    on Cooperative Governance and Public Administration as Committee Chairperson
2026-02-12 19:54:06,255 - committee_scraper - INFO - Created membership: kceza -> Select Committee    on Cooperative Governance and Public Administration as Committee Chairperson
2026-02-12 19:54:06,278 - committee_scraper - INFO - Created membership: bmabebo -> Select Committee    on Cooperative Governance and Public Administration as Committee Chairperson
2026-02-12 19:54:06,299 - committee_scraper - INFO - Created membership: mmakesini -> Select Committee    on Cooperative Governance and Public Administration as Committee Chairperson
2026-02-12 19:54:06,323 - committee_scraper - INFO - Created membership: kmmoiemang -> Select Committee    on Cooperative Governance and Public Administration as Committee Chairperson
2026-02-12 19:54:06,355 - committee_scraper - INFO - Created membership: rmolokomme -> Select Committee    on Cooperative Governance and Public Administration as Committee Chairperson
2026-02-12 19:54:06,381 - committee_scraper - INFO - Created membership: enzimande -> Select Committee    on Cooperative Governance and Public Administration as Committee Chairperson
2026-02-12 19:54:06,415 - committee_scraper - INFO - Created membership: mapeter -> Select Committee    on Cooperative Governance and Public Administration as Committee Chairperson
2026-02-12 19:54:06,437 - committee_scraper - INFO - Created membership: ischeurkogel -> Select Committee    on Cooperative Governance and Public Administration as Committee Chairperson
2026-02-12 19:54:06,463 - committee_scraper - INFO - Created membership: jbritz -> Select Committee    on Cooperative Governance and Public Administration as Committee Chairperson
2026-02-12 19:54:06,491 - committee_scraper - INFO - Created membership: dfienies -> Select Committee    on Cooperative Governance and Public Administration as Committee Chairperson
2026-02-12 19:54:06,521 - committee_scraper - INFO - Created membership: vgericke -> Select Committee    on Cooperative Governance and Public Administration as Committee Chairperson
2026-02-12 19:54:06,545 - committee_scraper - INFO - Created membership: ngotsell -> Select Committee    on Cooperative Governance and Public Administration as Committee Chairperson
2026-02-12 19:54:06,572 - committee_scraper - INFO - Created membership: amatshobeni -> Select Committee    on Cooperative Governance and Public Administration as Committee Chairperson
2026-02-12 19:54:07,596 - committee_scraper - INFO - Committee not found in database, creating: Portfolio    Committee on Defence and Military Veterans
2026-02-12 19:54:07,659 - committee_scraper - INFO - Created missing committee: Portfolio    Committee on Defence and Military Veterans (type: internal_committee)
2026-02-12 19:54:07,663 - committee_scraper - INFO - Created membership: mlegoete -> Portfolio    Committee on Defence and Military Veterans as Committee Chairperson
2026-02-12 19:54:07,957 - committee_scraper - INFO - Found 10 composition members and 3 alternate members
2026-02-12 19:54:07,958 - committee_scraper - INFO - Total 13 members for committee: https://www.parliament.gov.za/committee-details/257
2026-02-12 19:54:07,973 - committee_scraper - WARNING - User not found in system: Inkosi Russel Nsikayezwe Cebekhulu (search key: icebekhulu)
2026-02-12 19:54:07,979 - committee_scraper - INFO - Created membership: zcele -> Portfolio    Committee on Defence and Military Veterans as Committee Chairperson
2026-02-12 19:54:08,010 - committee_scraper - INFO - Created membership: mhala -> Portfolio    Committee on Defence and Military Veterans as Committee Chairperson
2026-02-12 19:54:08,036 - committee_scraper - INFO - Created membership: chattingh -> Portfolio    Committee on Defence and Military Veterans as Committee Chairperson
2026-02-12 19:54:08,063 - committee_scraper - INFO - Created membership: cniehaus -> Portfolio    Committee on Defence and Military Veterans as Committee Chairperson
2026-02-12 19:54:08,091 - committee_scraper - INFO - Created membership: cnontenja -> Portfolio    Committee on Defence and Military Veterans as Committee Chairperson
2026-02-12 19:54:08,117 - committee_scraper - INFO - Created membership: wplaatjies -> Portfolio    Committee on Defence and Military Veterans as Committee Chairperson
2026-02-12 19:54:08,143 - committee_scraper - INFO - Created membership: mshelembe -> Portfolio    Committee on Defence and Military Veterans as Committee Chairperson
2026-02-12 19:54:08,167 - committee_scraper - INFO - Created membership: tsokanyile -> Portfolio    Committee on Defence and Military Veterans as Committee Chairperson
2026-02-12 19:54:08,193 - committee_scraper - INFO - Created membership: bdiale -> Portfolio    Committee on Defence and Military Veterans as Committee Chairperson
2026-02-12 19:54:08,228 - committee_scraper - INFO - Created membership: fmuthambi -> Portfolio    Committee on Defence and Military Veterans as Committee Chairperson
2026-02-12 19:54:08,254 - committee_scraper - INFO - Created membership: sswart -> Portfolio    Committee on Defence and Military Veterans as Committee Chairperson
2026-02-12 19:54:09,282 - committee_scraper - INFO - Committee not found in database, creating: Select Committee    on Appropriations
2026-02-12 19:54:09,333 - committee_scraper - INFO - Created missing committee: Select Committee    on Appropriations (type: select_committee)
2026-02-12 19:54:09,338 - committee_scraper - INFO - Created membership: tlegwase -> Select Committee    on Appropriations as Committee Chairperson
2026-02-12 19:54:09,645 - committee_scraper - INFO - Found 9 composition members and 6 alternate members
2026-02-12 19:54:09,645 - committee_scraper - INFO - Total 15 members for committee: https://www.parliament.gov.za/committee-details/290
2026-02-12 19:54:09,655 - committee_scraper - INFO - Created membership: jbritz -> Select Committee    on Appropriations as Committee Chairperson
2026-02-12 19:54:09,686 - committee_scraper - WARNING - User not found in system: Mr Jerome Sibongiseni Majola (search key: jmajola)
2026-02-12 19:54:09,689 - committee_scraper - INFO - Created membership: sndhlovu -> Select Committee    on Appropriations as Committee Chairperson
2026-02-12 19:54:09,712 - committee_scraper - INFO - Created membership: snxumalo -> Select Committee    on Appropriations as Committee Chairperson
2026-02-12 19:54:09,736 - committee_scraper - INFO - Created membership: bradebe -> Select Committee    on Appropriations as Committee Chairperson
2026-02-12 19:54:09,760 - committee_scraper - INFO - Created membership: dryder -> Select Committee    on Appropriations as Committee Chairperson
2026-02-12 19:54:09,793 - committee_scraper - INFO - Created membership: msiwisa -> Select Committee    on Appropriations as Committee Chairperson
2026-02-12 19:54:09,821 - committee_scraper - INFO - Created membership: paswart -> Select Committee    on Appropriations as Committee Chairperson
2026-02-12 19:54:09,846 - committee_scraper - INFO - Created membership: jadriaanse -> Select Committee    on Appropriations as Committee Chairperson
2026-02-12 19:54:09,880 - committee_scraper - INFO - Created membership: kceza -> Select Committee    on Appropriations as Committee Chairperson
2026-02-12 19:54:09,905 - committee_scraper - INFO - Created membership: mdhlamini -> Select Committee    on Appropriations as Committee Chairperson
2026-02-12 19:54:09,927 - committee_scraper - INFO - Created membership: szondi -> Select Committee    on Appropriations as Committee Chairperson
2026-02-12 19:54:09,952 - committee_scraper - INFO - Created membership: mmokwele -> Select Committee    on Appropriations as Committee Chairperson
2026-02-12 19:54:09,978 - committee_scraper - INFO - Created membership: ssithole -> Select Committee    on Appropriations as Committee Chairperson
2026-02-12 19:54:11,007 - committee_scraper - INFO - Committee not found in database, creating: Joint Standing  Committee on Financial Management of Parliament
2026-02-12 19:54:11,055 - committee_scraper - INFO - Created missing committee: Joint Standing  Committee on Financial Management of Parliament (type: internal_committee)
2026-02-12 19:54:11,059 - committee_scraper - INFO - Created membership: mlekganyane -> Joint Standing  Committee on Financial Management of Parliament as Committee Chairperson
2026-02-12 19:54:11,343 - committee_scraper - INFO - Found 14 composition members and 3 alternate members
2026-02-12 19:54:11,343 - committee_scraper - INFO - Total 17 members for committee: https://www.parliament.gov.za/committee-details/246
2026-02-12 19:54:11,347 - committee_scraper - INFO - Created membership: sndhlovu -> Joint Standing  Committee on Financial Management of Parliament as Committee Chairperson
2026-02-12 19:54:11,381 - committee_scraper - INFO - Created membership: fbadenhorst -> Joint Standing  Committee on Financial Management of Parliament as Committee Chairperson
2026-02-12 19:54:11,407 - committee_scraper - INFO - Created membership: mclarke -> Joint Standing  Committee on Financial Management of Parliament as Committee Chairperson
2026-02-12 19:54:11,441 - committee_scraper - INFO - Created membership: cdugmore -> Joint Standing  Committee on Financial Management of Parliament as Committee Chairperson
2026-02-12 19:54:11,466 - committee_scraper - INFO - Created membership: mfeni -> Joint Standing  Committee on Financial Management of Parliament as Committee Chairperson
2026-02-12 19:54:11,490 - committee_scraper - INFO - Created membership: nhadebe -> Joint Standing  Committee on Financial Management of Parliament as Committee Chairperson
2026-02-12 19:54:11,515 - committee_scraper - INFO - Created membership: chunsinger -> Joint Standing  Committee on Financial Management of Parliament as Committee Chairperson
2026-02-12 19:54:11,538 - committee_scraper - INFO - Created membership: mmakesini -> Joint Standing  Committee on Financial Management of Parliament as Committee Chairperson
2026-02-12 19:54:11,564 - committee_scraper - INFO - Created membership: omaotwe -> Joint Standing  Committee on Financial Management of Parliament as Committee Chairperson
2026-02-12 19:54:11,599 - committee_scraper - INFO - Created membership: hneale-may -> Joint Standing  Committee on Financial Management of Parliament as Committee Chairperson
2026-02-12 19:54:11,623 - committee_scraper - INFO - Created membership: bradebe -> Joint Standing  Committee on Financial Management of Parliament as Committee Chairperson
2026-02-12 19:54:11,655 - committee_scraper - INFO - Created membership: dvanrooyen -> Joint Standing  Committee on Financial Management of Parliament as Committee Chairperson
2026-02-12 19:54:11,681 - committee_scraper - INFO - Created membership: wwessels -> Joint Standing  Committee on Financial Management of Parliament as Committee Chairperson
2026-02-12 19:54:11,706 - committee_scraper - INFO - Created membership: gmichalakis -> Joint Standing  Committee on Financial Management of Parliament as Committee Chairperson
2026-02-12 19:54:11,731 - committee_scraper - INFO - Created membership: hmkhaliphi -> Joint Standing  Committee on Financial Management of Parliament as Committee Chairperson
2026-02-12 19:54:11,763 - committee_scraper - INFO - Created membership: ddlakude -> Joint Standing  Committee on Financial Management of Parliament as Committee Chairperson
2026-02-12 19:54:12,786 - committee_scraper - INFO - Committee not found in database, creating: Portfolio    Committee on Higher Education
2026-02-12 19:54:12,835 - committee_scraper - INFO - Created missing committee: Portfolio    Committee on Higher Education (type: internal_committee)
2026-02-12 19:54:12,839 - committee_scraper - INFO - Created membership: wletsie -> Portfolio    Committee on Higher Education as Committee Chairperson
2026-02-12 19:54:13,123 - committee_scraper - INFO - Found 11 composition members and 2 alternate members
2026-02-12 19:54:13,123 - committee_scraper - INFO - Total 13 members for committee: https://www.parliament.gov.za/committee-details/262
2026-02-12 19:54:13,132 - committee_scraper - INFO - Created membership: dchristians -> Portfolio    Committee on Higher Education as Committee Chairperson
2026-02-12 19:54:13,162 - committee_scraper - INFO - Created membership: ygovana -> Portfolio    Committee on Higher Education as Committee Chairperson
2026-02-12 19:54:13,187 - committee_scraper - INFO - Created membership: fhassan -> Portfolio    Committee on Higher Education as Committee Chairperson
2026-02-12 19:54:13,211 - committee_scraper - INFO - Created membership: gkgabo -> Portfolio    Committee on Higher Education as Committee Chairperson
2026-02-12 19:54:13,236 - committee_scraper - INFO - Created membership: kkhakhau -> Portfolio    Committee on Higher Education as Committee Chairperson
2026-02-12 19:54:13,264 - committee_scraper - INFO - Created membership: slonzi -> Portfolio    Committee on Higher Education as Committee Chairperson
2026-02-12 19:54:13,290 - committee_scraper - INFO - Created membership: mmsezane -> Portfolio    Committee on Higher Education as Committee Chairperson
2026-02-12 19:54:13,316 - committee_scraper - INFO - Created membership: jngubane -> Portfolio    Committee on Higher Education as Committee Chairperson
2026-02-12 19:54:13,344 - committee_scraper - INFO - Created membership: asauls -> Portfolio    Committee on Higher Education as Committee Chairperson
2026-02-12 19:54:13,382 - committee_scraper - INFO - Created membership: szondo -> Portfolio    Committee on Higher Education as Committee Chairperson
2026-02-12 19:54:13,426 - committee_scraper - INFO - Created membership: slouw -> Portfolio    Committee on Higher Education as Committee Chairperson
2026-02-12 19:54:13,480 - committee_scraper - INFO - Created membership: simkhize -> Portfolio    Committee on Higher Education as Committee Chairperson
2026-02-12 19:54:14,511 - committee_scraper - INFO - Matched "Joint Standing Committee on Intelligence" to existing group "Joint Standing  Committee on Defence"
2026-02-12 19:54:14,517 - committee_scraper - INFO - Created membership: slucas -> Joint Standing  Committee on Defence as Committee Chairperson
2026-02-12 19:54:14,924 - committee_scraper - INFO - Found 10 composition members and 0 alternate members
2026-02-12 19:54:14,924 - committee_scraper - INFO - Total 10 members for committee: https://www.parliament.gov.za/committee-details/244
2026-02-12 19:54:14,937 - committee_scraper - INFO - Created membership: jadriaanse -> Joint Standing  Committee on Defence as Committee Chairperson
2026-02-12 19:54:14,973 - committee_scraper - INFO - Created membership: mdlelanga -> Joint Standing  Committee on Defence as Committee Chairperson
2026-02-12 19:54:15,008 - committee_scraper - WARNING - User not found in system: Ms Dianne Kohler (search key: dkohler)
2026-02-12 19:54:15,012 - committee_scraper - INFO - Created membership: jmananiso -> Joint Standing  Committee on Defence as Committee Chairperson
2026-02-12 19:54:15,038 - committee_scraper - INFO - Created membership: kmmoiemang -> Joint Standing  Committee on Defence as Committee Chairperson
2026-02-12 19:54:15,066 - committee_scraper - INFO - Created membership: ddlakude -> Joint Standing  Committee on Defence as Committee Chairperson
2026-02-12 19:54:15,098 - committee_scraper - INFO - Created membership: tmunyai -> Joint Standing  Committee on Defence as Committee Chairperson
2026-02-12 19:54:15,124 - committee_scraper - INFO - Created membership: nmyburgh -> Joint Standing  Committee on Defence as Committee Chairperson
2026-02-12 19:54:16,156 - committee_scraper - INFO - Committee not found in database, creating: Portfolio    Committee on Mineral and Petroleum Resources
2026-02-12 19:54:16,209 - committee_scraper - INFO - Created missing committee: Portfolio    Committee on Mineral and Petroleum Resources (type: internal_committee)
2026-02-12 19:54:16,219 - committee_scraper - INFO - Created membership: mmahlaule -> Portfolio    Committee on Mineral and Petroleum Resources as Committee Chairperson
2026-02-12 19:54:16,530 - committee_scraper - INFO - Found 11 composition members and 4 alternate members
2026-02-12 19:54:16,530 - committee_scraper - INFO - Total 15 members for committee: https://www.parliament.gov.za/committee-details/268
2026-02-12 19:54:16,539 - committee_scraper - INFO - Created membership: fhassan -> Portfolio    Committee on Mineral and Petroleum Resources as Committee Chairperson
2026-02-12 19:54:16,571 - committee_scraper - INFO - Created membership: jlorimer -> Portfolio    Committee on Mineral and Petroleum Resources as Committee Chairperson
2026-02-12 19:54:16,597 - committee_scraper - INFO - Created membership: mmanyi -> Portfolio    Committee on Mineral and Petroleum Resources as Committee Chairperson
2026-02-12 19:54:16,629 - committee_scraper - INFO - Created membership: mmncwango -> Portfolio    Committee on Mineral and Petroleum Resources as Committee Chairperson
2026-02-12 19:54:16,654 - committee_scraper - INFO - Created membership: mmofokeng -> Portfolio    Committee on Mineral and Petroleum Resources as Committee Chairperson
2026-02-12 19:54:16,685 - committee_scraper - INFO - Created membership: entlangwini -> Portfolio    Committee on Mineral and Petroleum Resources as Committee Chairperson
2026-02-12 19:54:16,713 - committee_scraper - WARNING - User not found in system: Mr Lehlohonolo Daniel Selepe (search key: lselepe)
2026-02-12 19:54:16,718 - committee_scraper - INFO - Created membership: msenne -> Portfolio    Committee on Mineral and Petroleum Resources as Committee Chairperson
2026-02-12 19:54:16,748 - committee_scraper - INFO - Created membership: szondi -> Portfolio    Committee on Mineral and Petroleum Resources as Committee Chairperson
2026-02-12 19:54:16,787 - committee_scraper - INFO - Created membership: vzungula -> Portfolio    Committee on Mineral and Petroleum Resources as Committee Chairperson
2026-02-12 19:54:16,817 - committee_scraper - INFO - Created membership: jmalinga -> Portfolio    Committee on Mineral and Petroleum Resources as Committee Chairperson
2026-02-12 19:54:16,846 - committee_scraper - INFO - Created membership: lmanaga -> Portfolio    Committee on Mineral and Petroleum Resources as Committee Chairperson
2026-02-12 19:54:16,876 - committee_scraper - INFO - Created membership: anchabeleng -> Portfolio    Committee on Mineral and Petroleum Resources as Committee Chairperson
2026-02-12 19:54:16,904 - committee_scraper - INFO - Created membership: ntshotetsi -> Portfolio    Committee on Mineral and Petroleum Resources as Committee Chairperson
2026-02-12 19:54:17,941 - committee_scraper - INFO - Committee not found in database, creating: Portfolio    Committee on International Relations and Cooperation
2026-02-12 19:54:17,995 - committee_scraper - INFO - Created missing committee: Portfolio    Committee on International Relations and Cooperation (type: internal_committee)
2026-02-12 19:54:18,007 - committee_scraper - INFO - Created membership: sormahumapelo -> Portfolio    Committee on International Relations and Cooperation as Committee Chairperson
2026-02-12 19:54:18,343 - committee_scraper - INFO - Found 10 composition members and 8 alternate members
2026-02-12 19:54:18,343 - committee_scraper - INFO - Total 18 members for committee: https://www.parliament.gov.za/committee-details/265
2026-02-12 19:54:18,357 - committee_scraper - INFO - Created membership: mchetty -> Portfolio    Committee on International Relations and Cooperation as Committee Chairperson
2026-02-12 19:54:18,382 - committee_scraper - INFO - Created membership: wdouglas -> Portfolio    Committee on International Relations and Cooperation as Committee Chairperson
2026-02-12 19:54:18,425 - committee_scraper - INFO - Created membership: iismail-moosa -> Portfolio    Committee on International Relations and Cooperation as Committee Chairperson
2026-02-12 19:54:18,450 - committee_scraper - INFO - Created membership: akumbaca -> Portfolio    Committee on International Relations and Cooperation as Committee Chairperson
2026-02-12 19:54:18,480 - committee_scraper - INFO - Created membership: mmaimane -> Portfolio    Committee on International Relations and Cooperation as Committee Chairperson
2026-02-12 19:54:18,522 - committee_scraper - INFO - Created membership: nmhlongo -> Portfolio    Committee on International Relations and Cooperation as Committee Chairperson
2026-02-12 19:54:18,547 - committee_scraper - INFO - Created membership: mmodise -> Portfolio    Committee on International Relations and Cooperation as Committee Chairperson
2026-02-12 19:54:18,574 - committee_scraper - INFO - Created membership: mmoela -> Portfolio    Committee on International Relations and Cooperation as Committee Chairperson
2026-02-12 19:54:18,602 - committee_scraper - INFO - Created membership: rysmith -> Portfolio    Committee on International Relations and Cooperation as Committee Chairperson
2026-02-12 19:54:18,626 - committee_scraper - INFO - Created membership: faadams -> Portfolio    Committee on International Relations and Cooperation as Committee Chairperson
2026-02-12 19:54:18,661 - committee_scraper - INFO - Created membership: kbilankulu -> Portfolio    Committee on International Relations and Cooperation as Committee Chairperson
2026-02-12 19:54:18,685 - committee_scraper - INFO - Created membership: mchabane -> Portfolio    Committee on International Relations and Cooperation as Committee Chairperson
2026-02-12 19:54:18,711 - committee_scraper - INFO - Created membership: cmakhubele -> Portfolio    Committee on International Relations and Cooperation as Committee Chairperson
2026-02-12 19:54:18,747 - committee_scraper - WARNING - User not found in system: Rev Kenneth Raselabe Joseph Meshoe (search key: rmeshoe)
2026-02-12 19:54:18,752 - committee_scraper - INFO - Created membership: mmncwango -> Portfolio    Committee on International Relations and Cooperation as Committee Chairperson
2026-02-12 19:54:18,782 - committee_scraper - INFO - Created membership: nnolutshungu -> Portfolio    Committee on International Relations and Cooperation as Committee Chairperson
2026-02-12 19:54:18,810 - committee_scraper - INFO - Created membership: dskosana -> Portfolio    Committee on International Relations and Cooperation as Committee Chairperson
2026-02-12 19:54:19,836 - committee_scraper - INFO - Committee not found in database, creating: Standing Committee    on Appropriations
2026-02-12 19:54:19,887 - committee_scraper - INFO - Created missing committee: Standing Committee    on Appropriations (type: internal_committee)
2026-02-12 19:54:19,892 - committee_scraper - INFO - Created membership: mmaimane -> Standing Committee    on Appropriations as Committee Chairperson
2026-02-12 19:54:20,184 - committee_scraper - INFO - Found 11 composition members and 4 alternate members
2026-02-12 19:54:20,185 - committee_scraper - INFO - Total 15 members for committee: https://www.parliament.gov.za/committee-details/282
2026-02-12 19:54:20,192 - committee_scraper - INFO - Created membership: abateman -> Standing Committee    on Appropriations as Committee Chairperson
2026-02-12 19:54:20,216 - committee_scraper - INFO - Created membership: tgamede -> Standing Committee    on Appropriations as Committee Chairperson
2026-02-12 19:54:20,263 - committee_scraper - INFO - Created membership: nmolwele -> Standing Committee    on Appropriations as Committee Chairperson
2026-02-12 19:54:20,288 - committee_scraper - INFO - Created membership: nkwankwa -> Standing Committee    on Appropriations as Committee Chairperson
2026-02-12 19:54:20,317 - committee_scraper - INFO - Created membership: mlekganyane -> Standing Committee    on Appropriations as Committee Chairperson
2026-02-12 19:54:20,339 - committee_scraper - INFO - Created membership: pmailola -> Standing Committee    on Appropriations as Committee Chairperson
2026-02-12 19:54:20,368 - committee_scraper - INFO - Created membership: smwali -> Standing Committee    on Appropriations as Committee Chairperson
2026-02-12 19:54:20,401 - committee_scraper - INFO - Created membership: mseate -> Standing Committee    on Appropriations as Committee Chairperson
2026-02-12 19:54:20,427 - committee_scraper - INFO - Created membership: msegede -> Standing Committee    on Appropriations as Committee Chairperson
2026-02-12 19:54:20,455 - committee_scraper - INFO - Created membership: kwakelin -> Standing Committee    on Appropriations as Committee Chairperson
2026-02-12 19:54:20,482 - committee_scraper - INFO - Created membership: walexander -> Standing Committee    on Appropriations as Committee Chairperson
2026-02-12 19:54:20,506 - committee_scraper - INFO - Created membership: mburke -> Standing Committee    on Appropriations as Committee Chairperson
2026-02-12 19:54:20,533 - committee_scraper - INFO - Created membership: wdouglas -> Standing Committee    on Appropriations as Committee Chairperson
2026-02-12 19:54:20,562 - committee_scraper - INFO - Created membership: nnkabane -> Standing Committee    on Appropriations as Committee Chairperson
2026-02-12 19:54:21,587 - committee_scraper - INFO - Matched "Portfolio    Committee on Basic Education" to existing group "Portfolio    Committee on Higher Education"
2026-02-12 19:54:21,594 - committee_scraper - INFO - Created membership: kmaimela -> Portfolio    Committee on Higher Education as Committee Chairperson
2026-02-12 19:54:21,897 - committee_scraper - INFO - Found 11 composition members and 7 alternate members
2026-02-12 19:54:21,897 - committee_scraper - INFO - Total 18 members for committee: https://www.parliament.gov.za/committee-details/253
2026-02-12 19:54:21,907 - committee_scraper - INFO - Created membership: cjordaan -> Portfolio    Committee on Higher Education as Committee Chairperson
2026-02-12 19:54:21,954 - committee_scraper - INFO - Created membership: pncube -> Portfolio    Committee on Higher Education as Committee Chairperson
2026-02-12 19:54:21,985 - committee_scraper - INFO - Created membership: singcobo -> Portfolio    Committee on Higher Education as Committee Chairperson
2026-02-12 19:54:22,012 - committee_scraper - INFO - Created membership: lngobeni -> Portfolio    Committee on Higher Education as Committee Chairperson
2026-02-12 19:54:22,040 - committee_scraper - INFO - Created membership: nsharif -> Portfolio    Committee on Higher Education as Committee Chairperson
2026-02-12 19:54:22,072 - committee_scraper - INFO - Created membership: mshikwambana -> Portfolio    Committee on Higher Education as Committee Chairperson
2026-02-12 19:54:22,102 - committee_scraper - INFO - Created membership: pxaba-ntshaba -> Portfolio    Committee on Higher Education as Committee Chairperson
2026-02-12 19:54:22,132 - committee_scraper - INFO - Created membership: nwebster -> Portfolio    Committee on Higher Education as Committee Chairperson
2026-02-12 19:54:22,158 - committee_scraper - INFO - Created membership: lkomane -> Portfolio    Committee on Higher Education as Committee Chairperson
2026-02-12 19:54:22,186 - committee_scraper - INFO - Created membership: tmagagula -> Portfolio    Committee on Higher Education as Committee Chairperson
2026-02-12 19:54:22,215 - committee_scraper - INFO - Created membership: mmaimane -> Portfolio    Committee on Higher Education as Committee Chairperson
2026-02-12 19:54:22,245 - committee_scraper - INFO - Created membership: pmkhize -> Portfolio    Committee on Higher Education as Committee Chairperson
2026-02-12 19:54:22,270 - committee_scraper - INFO - Created membership: nmtshweni -> Portfolio    Committee on Higher Education as Committee Chairperson
2026-02-12 19:54:22,306 - committee_scraper - WARNING - User not found in system: Mrs Désirée van der Walt (search key: dwalt)
2026-02-12 19:54:23,588 - committee_scraper - INFO - Found 20 composition members and 3 alternate members
2026-02-12 19:54:23,588 - committee_scraper - INFO - Total 23 members for committee: https://www.parliament.gov.za/committee-details/243
2026-02-12 19:54:24,672 - committee_scraper - INFO - Committee not found in database, creating: Select Committee    on Security and Justice
2026-02-12 19:54:24,739 - committee_scraper - INFO - Created missing committee: Select Committee    on Security and Justice (type: select_committee)
2026-02-12 19:54:24,744 - committee_scraper - INFO - Created membership: jmananiso -> Select Committee    on Security and Justice as Committee Chairperson
2026-02-12 19:54:25,047 - committee_scraper - INFO - Found 12 composition members and 3 alternate members
2026-02-12 19:54:25,048 - committee_scraper - INFO - Total 15 members for committee: https://www.parliament.gov.za/committee-details/297
2026-02-12 19:54:25,055 - committee_scraper - INFO - Created membership: mbilly -> Select Committee    on Security and Justice as Committee Chairperson
2026-02-12 19:54:25,086 - committee_scraper - INFO - Created membership: vgericke -> Select Committee    on Security and Justice as Committee Chairperson
2026-02-12 19:54:25,114 - committee_scraper - INFO - Created membership: ngotsell -> Select Committee    on Security and Justice as Committee Chairperson
2026-02-12 19:54:25,145 - committee_scraper - INFO - Created membership: mmampuru -> Select Committee    on Security and Justice as Committee Chairperson
2026-02-12 19:54:25,172 - committee_scraper - INFO - Created membership: amatshobeni -> Select Committee    on Security and Justice as Committee Chairperson
2026-02-12 19:54:25,195 - committee_scraper - INFO - Created membership: omedupe -> Select Committee    on Security and Justice as Committee Chairperson
2026-02-12 19:54:25,220 - committee_scraper - INFO - Created membership: omokae -> Select Committee    on Security and Justice as Committee Chairperson
2026-02-12 19:54:25,244 - committee_scraper - INFO - Created membership: pnoe -> Select Committee    on Security and Justice as Committee Chairperson
2026-02-12 19:54:25,273 - committee_scraper - WARNING - User not found in system: Adv Inkosi Mwelo Nonkonyana (search key: inonkonyana)
2026-02-12 19:54:25,277 - committee_scraper - INFO - Created membership: pphala -> Select Committee    on Security and Justice as Committee Chairperson
2026-02-12 19:54:25,303 - committee_scraper - INFO - Created membership: szulu -> Select Committee    on Security and Justice as Committee Chairperson
2026-02-12 19:54:25,328 - committee_scraper - INFO - Created membership: smabilo -> Select Committee    on Security and Justice as Committee Chairperson
2026-02-12 19:54:25,356 - committee_scraper - INFO - Created membership: rmolokomme -> Select Committee    on Security and Justice as Committee Chairperson
2026-02-12 19:54:25,388 - committee_scraper - INFO - Created membership: msiwisa -> Select Committee    on Security and Justice as Committee Chairperson
2026-02-12 19:54:26,415 - committee_scraper - INFO - Committee not found in database, creating: Portfolio    Committee on Employment and Labour
2026-02-12 19:54:26,464 - committee_scraper - INFO - Created missing committee: Portfolio    Committee on Employment and Labour (type: internal_committee)
2026-02-12 19:54:26,471 - committee_scraper - INFO - Created membership: bmaneli -> Portfolio    Committee on Employment and Labour as Committee Chairperson
2026-02-12 19:54:26,746 - committee_scraper - INFO - Found 12 composition members and 2 alternate members
2026-02-12 19:54:26,747 - committee_scraper - INFO - Total 14 members for committee: https://www.parliament.gov.za/committee-details/259
2026-02-12 19:54:26,753 - committee_scraper - INFO - Created membership: mbagraim -> Portfolio    Committee on Employment and Labour as Committee Chairperson
2026-02-12 19:54:26,782 - committee_scraper - INFO - Created membership: jubasson -> Portfolio    Committee on Employment and Labour as Committee Chairperson
2026-02-12 19:54:26,809 - committee_scraper - INFO - Created membership: smaeco -> Portfolio    Committee on Employment and Labour as Committee Chairperson
2026-02-12 19:54:26,839 - committee_scraper - INFO - Created membership: mmakgato -> Portfolio    Committee on Employment and Labour as Committee Chairperson
2026-02-12 19:54:26,865 - committee_scraper - INFO - Created membership: hmbele -> Portfolio    Committee on Employment and Labour as Committee Chairperson
2026-02-12 19:54:26,893 - committee_scraper - INFO - Created membership: tmokwele -> Portfolio    Committee on Employment and Labour as Committee Chairperson
2026-02-12 19:54:26,919 - committee_scraper - INFO - Created membership: nnkopane -> Portfolio    Committee on Employment and Labour as Committee Chairperson
2026-02-12 19:54:26,942 - committee_scraper - INFO - Created membership: mnontsele -> Portfolio    Committee on Employment and Labour as Committee Chairperson
2026-02-12 19:54:26,969 - committee_scraper - INFO - Created membership: nshezi -> Portfolio    Committee on Employment and Labour as Committee Chairperson
2026-02-12 19:54:26,999 - committee_scraper - WARNING - User not found in system: Mrs Désirée van der Walt (search key: dwalt)
2026-02-12 19:54:27,002 - committee_scraper - INFO - Created membership: vzungula -> Portfolio    Committee on Employment and Labour as Committee Chairperson
2026-02-12 19:54:27,030 - committee_scraper - INFO - Created membership: hdenner -> Portfolio    Committee on Employment and Labour as Committee Chairperson
2026-02-12 19:54:27,056 - committee_scraper - INFO - Created membership: mmotubatse -> Portfolio    Committee on Employment and Labour as Committee Chairperson
2026-02-12 19:54:28,082 - committee_scraper - INFO - Committee not found in database, creating: Portfolio    Committee on Social Development
2026-02-12 19:54:28,138 - committee_scraper - INFO - Created missing committee: Portfolio    Committee on Social Development (type: internal_committee)
2026-02-12 19:54:28,142 - committee_scraper - INFO - Created membership: bmasango -> Portfolio    Committee on Social Development as Committee Chairperson
2026-02-12 19:54:28,429 - committee_scraper - INFO - Found 12 composition members and 5 alternate members
2026-02-12 19:54:28,429 - committee_scraper - INFO - Total 17 members for committee: https://www.parliament.gov.za/committee-details/275
2026-02-12 19:54:28,439 - committee_scraper - INFO - Created membership: aabrahams -> Portfolio    Committee on Social Development as Committee Chairperson
2026-02-12 19:54:28,473 - committee_scraper - INFO - Created membership: jubasson -> Portfolio    Committee on Social Development as Committee Chairperson
2026-02-12 19:54:28,495 - committee_scraper - INFO - Created membership: sfrenchman -> Portfolio    Committee on Social Development as Committee Chairperson
2026-02-12 19:54:28,526 - committee_scraper - WARNING - User not found in system: Rev Nhlanhla Bernard Gcwabaza (search key: rgcwabaza)
2026-02-12 19:54:28,529 - committee_scraper - INFO - Created membership: mmakgato -> Portfolio    Committee on Social Development as Committee Chairperson
2026-02-12 19:54:28,555 - committee_scraper - INFO - Created membership: pmarais -> Portfolio    Committee on Social Development as Committee Chairperson
2026-02-12 19:54:28,582 - committee_scraper - INFO - Created membership: nmtshweni -> Portfolio    Committee on Social Development as Committee Chairperson
2026-02-12 19:54:28,605 - committee_scraper - INFO - Created membership: tmunyai -> Portfolio    Committee on Social Development as Committee Chairperson
2026-02-12 19:54:28,641 - committee_scraper - INFO - Created membership: shepeters -> Portfolio    Committee on Social Development as Committee Chairperson
2026-02-12 19:54:28,677 - committee_scraper - INFO - Created membership: kramaila -> Portfolio    Committee on Social Development as Committee Chairperson
2026-02-12 19:54:28,701 - committee_scraper - INFO - Created membership: ktlhong -> Portfolio    Committee on Social Development as Committee Chairperson
2026-02-12 19:54:28,726 - committee_scraper - INFO - Created membership: ahlongo -> Portfolio    Committee on Social Development as Committee Chairperson
2026-02-12 19:54:28,751 - committee_scraper - INFO - Created membership: djames -> Portfolio    Committee on Social Development as Committee Chairperson
2026-02-12 19:54:28,776 - committee_scraper - INFO - Created membership: nkwankwa -> Portfolio    Committee on Social Development as Committee Chairperson
2026-02-12 19:54:28,814 - committee_scraper - INFO - Created membership: pncube -> Portfolio    Committee on Social Development as Committee Chairperson
2026-02-12 19:54:28,838 - committee_scraper - INFO - Created membership: ntafeni -> Portfolio    Committee on Social Development as Committee Chairperson
2026-02-12 19:54:29,866 - committee_scraper - INFO - Committee not found in database, creating: Portfolio    Committee on Trade, Industry and Competition
2026-02-12 19:54:29,922 - committee_scraper - INFO - Created missing committee: Portfolio    Committee on Trade, Industry and Competition (type: internal_committee)
2026-02-12 19:54:29,926 - committee_scraper - INFO - Created membership: mmasina -> Portfolio    Committee on Trade, Industry and Competition as Committee Chairperson
2026-02-12 19:54:30,214 - committee_scraper - INFO - Found 13 composition members and 6 alternate members
2026-02-12 19:54:30,214 - committee_scraper - INFO - Total 19 members for committee: https://www.parliament.gov.za/committee-details/278
2026-02-12 19:54:30,221 - committee_scraper - INFO - Created membership: rchance -> Portfolio    Committee on Trade, Industry and Competition as Committee Chairperson
2026-02-12 19:54:30,247 - committee_scraper - INFO - Created membership: sgama -> Portfolio    Committee on Trade, Industry and Competition as Committee Chairperson
2026-02-12 19:54:30,280 - committee_scraper - INFO - Created membership: mgigaba -> Portfolio    Committee on Trade, Industry and Competition as Committee Chairperson
2026-02-12 19:54:30,307 - committee_scraper - INFO - Created membership: nhadebe -> Portfolio    Committee on Trade, Industry and Competition as Committee Chairperson
2026-02-12 19:54:30,336 - committee_scraper - INFO - Created membership: nwebster -> Portfolio    Committee on Trade, Industry and Competition as Committee Chairperson
2026-02-12 19:54:30,367 - committee_scraper - WARNING - User not found in system: Mr Muzi Khoza (search key: mkhoza)
2026-02-12 19:54:30,371 - committee_scraper - INFO - Created membership: tlanga -> Portfolio    Committee on Trade, Industry and Competition as Committee Chairperson
2026-02-12 19:54:30,399 - committee_scraper - INFO - Created membership: mmbatha -> Portfolio    Committee on Trade, Industry and Competition as Committee Chairperson
2026-02-12 19:54:30,424 - committee_scraper - INFO - Created membership: mmdluli -> Portfolio    Committee on Trade, Industry and Competition as Committee Chairperson
2026-02-12 19:54:30,450 - committee_scraper - INFO - Created membership: lmkutu -> Portfolio    Committee on Trade, Industry and Competition as Committee Chairperson
2026-02-12 19:54:30,474 - committee_scraper - INFO - Created membership: smosikatsi -> Portfolio    Committee on Trade, Industry and Competition as Committee Chairperson
2026-02-12 19:54:30,514 - committee_scraper - INFO - Created membership: entshingila -> Portfolio    Committee on Trade, Industry and Competition as Committee Chairperson
2026-02-12 19:54:30,545 - committee_scraper - INFO - Created membership: mgana -> Portfolio    Committee on Trade, Industry and Competition as Committee Chairperson
2026-02-12 19:54:30,575 - committee_scraper - WARNING - User not found in system: Rev Nhlanhla Bernard Gcwabaza (search key: rgcwabaza)
2026-02-12 19:54:30,577 - committee_scraper - INFO - Created membership: mmanyi -> Portfolio    Committee on Trade, Industry and Competition as Committee Chairperson
2026-02-12 19:54:30,605 - committee_scraper - INFO - Created membership: nshezi -> Portfolio    Committee on Trade, Industry and Competition as Committee Chairperson
2026-02-12 19:54:30,634 - committee_scraper - INFO - Created membership: sthambo -> Portfolio    Committee on Trade, Industry and Competition as Committee Chairperson
2026-02-12 19:54:30,666 - committee_scraper - INFO - Created membership: wthring -> Portfolio    Committee on Trade, Industry and Competition as Committee Chairperson
2026-02-12 19:54:31,697 - committee_scraper - INFO - Committee not found in database, creating: Standing Committee    on Finance
2026-02-12 19:54:31,733 - committee_scraper - INFO - Created missing committee: Standing Committee    on Finance (type: internal_committee)
2026-02-12 19:54:31,741 - committee_scraper - INFO - Created membership: jmaswanganyi -> Standing Committee    on Finance as Committee Chairperson
2026-02-12 19:54:32,003 - committee_scraper - INFO - Found 12 composition members and 6 alternate members
2026-02-12 19:54:32,003 - committee_scraper - INFO - Total 18 members for committee: https://www.parliament.gov.za/committee-details/283
2026-02-12 19:54:32,016 - committee_scraper - INFO - Created membership: walexander -> Standing Committee    on Finance as Committee Chairperson
2026-02-12 19:54:32,034 - committee_scraper - INFO - Created membership: abeesley -> Standing Committee    on Finance as Committee Chairperson
2026-02-12 19:54:32,057 - committee_scraper - INFO - Created membership: mburke -> Standing Committee    on Finance as Committee Chairperson
2026-02-12 19:54:32,087 - committee_scraper - INFO - Created membership: nmolwele -> Standing Committee    on Finance as Committee Chairperson
2026-02-12 19:54:32,105 - committee_scraper - INFO - Created membership: nhadebe -> Standing Committee    on Finance as Committee Chairperson
2026-02-12 19:54:32,123 - committee_scraper - INFO - Created membership: mlekganyane -> Standing Committee    on Finance as Committee Chairperson
2026-02-12 19:54:32,140 - committee_scraper - INFO - Created membership: kmadlala -> Standing Committee    on Finance as Committee Chairperson
2026-02-12 19:54:32,158 - committee_scraper - INFO - Created membership: omaotwe -> Standing Committee    on Finance as Committee Chairperson
2026-02-12 19:54:32,181 - committee_scraper - INFO - Created membership: smwali -> Standing Committee    on Finance as Committee Chairperson
2026-02-12 19:54:32,198 - committee_scraper - INFO - Created membership: ssekoati -> Standing Committee    on Finance as Committee Chairperson
2026-02-12 19:54:32,221 - committee_scraper - INFO - Created membership: dvanrooyen -> Standing Committee    on Finance as Committee Chairperson
2026-02-12 19:54:32,240 - committee_scraper - INFO - Created membership: sfrenchman -> Standing Committee    on Finance as Committee Chairperson
2026-02-12 19:54:32,260 - committee_scraper - INFO - Created membership: lmakhubela -> Standing Committee    on Finance as Committee Chairperson
2026-02-12 19:54:32,278 - committee_scraper - INFO - Created membership: mmdluli -> Standing Committee    on Finance as Committee Chairperson
2026-02-12 19:54:32,297 - committee_scraper - INFO - Created membership: sswart -> Standing Committee    on Finance as Committee Chairperson
2026-02-12 19:54:32,314 - committee_scraper - INFO - Created membership: sthambo -> Standing Committee    on Finance as Committee Chairperson
2026-02-12 19:54:32,333 - committee_scraper - INFO - Created membership: kwakelin -> Standing Committee    on Finance as Committee Chairperson
2026-02-12 19:54:33,354 - committee_scraper - INFO - Committee not found in database, creating: Portfolio    Committee on Sport, Arts and Culture
2026-02-12 19:54:33,406 - committee_scraper - INFO - Created missing committee: Portfolio    Committee on Sport, Arts and Culture (type: internal_committee)
2026-02-12 19:54:33,411 - committee_scraper - INFO - Created membership: jmcgluwa -> Portfolio    Committee on Sport, Arts and Culture as Committee Chairperson
2026-02-12 19:54:33,678 - committee_scraper - INFO - Found 10 composition members and 3 alternate members
2026-02-12 19:54:33,678 - committee_scraper - INFO - Total 13 members for committee: https://www.parliament.gov.za/committee-details/276
2026-02-12 19:54:33,685 - committee_scraper - INFO - Created membership: mdaniels -> Portfolio    Committee on Sport, Arts and Culture as Committee Chairperson
2026-02-12 19:54:33,711 - committee_scraper - INFO - Created membership: iismail-moosa -> Portfolio    Committee on Sport, Arts and Culture as Committee Chairperson
2026-02-12 19:54:33,741 - committee_scraper - INFO - Created membership: gkgabo -> Portfolio    Committee on Sport, Arts and Culture as Committee Chairperson
2026-02-12 19:54:33,765 - committee_scraper - INFO - Created membership: gkobane -> Portfolio    Committee on Sport, Arts and Culture as Committee Chairperson
2026-02-12 19:54:33,786 - committee_scraper - INFO - Created membership: mmakgato -> Portfolio    Committee on Sport, Arts and Culture as Committee Chairperson
2026-02-12 19:54:33,811 - committee_scraper - INFO - Created membership: mmmolotsane -> Portfolio    Committee on Sport, Arts and Culture as Committee Chairperson
2026-02-12 19:54:33,834 - committee_scraper - INFO - Created membership: gmotaung -> Portfolio    Committee on Sport, Arts and Culture as Committee Chairperson
2026-02-12 19:54:33,857 - committee_scraper - INFO - Created membership: eumthethwa -> Portfolio    Committee on Sport, Arts and Culture as Committee Chairperson
2026-02-12 19:54:33,886 - committee_scraper - INFO - Created membership: nnkosi -> Portfolio    Committee on Sport, Arts and Culture as Committee Chairperson
2026-02-12 19:54:33,910 - committee_scraper - INFO - Created membership: slonzi -> Portfolio    Committee on Sport, Arts and Culture as Committee Chairperson
2026-02-12 19:54:33,943 - committee_scraper - INFO - Created membership: gmchunu -> Portfolio    Committee on Sport, Arts and Culture as Committee Chairperson
2026-02-12 19:54:33,968 - committee_scraper - INFO - Created membership: tramongalo -> Portfolio    Committee on Sport, Arts and Culture as Committee Chairperson
2026-02-12 19:54:34,996 - committee_scraper - INFO - Committee not found in database, creating: Portfolio    Committee on Planning, Monitoring and Evaluation
2026-02-12 19:54:35,046 - committee_scraper - INFO - Created missing committee: Portfolio    Committee on Planning, Monitoring and Evaluation (type: internal_committee)
2026-02-12 19:54:35,049 - committee_scraper - INFO - Created membership: tmgweba -> Portfolio    Committee on Planning, Monitoring and Evaluation as Committee Chairperson
2026-02-12 19:54:35,349 - committee_scraper - INFO - Found 11 composition members and 5 alternate members
2026-02-12 19:54:35,349 - committee_scraper - INFO - Total 16 members for committee: https://www.parliament.gov.za/committee-details/269
2026-02-12 19:54:35,354 - committee_scraper - INFO - Created membership: maphiri -> Portfolio    Committee on Planning, Monitoring and Evaluation as Committee Chairperson
2026-02-12 19:54:35,376 - committee_scraper - INFO - Created membership: dbergman -> Portfolio    Committee on Planning, Monitoring and Evaluation as Committee Chairperson
2026-02-12 19:54:35,403 - committee_scraper - WARNING - User not found in system: Inkosi Ntuthukoyezwe Zuzifa Buthelezi (search key: ibuthelezi)
2026-02-12 19:54:35,410 - committee_scraper - INFO - Created membership: tchauke -> Portfolio    Committee on Planning, Monitoring and Evaluation as Committee Chairperson
2026-02-12 19:54:35,437 - committee_scraper - INFO - Created membership: kchristie -> Portfolio    Committee on Planning, Monitoring and Evaluation as Committee Chairperson
2026-02-12 19:54:35,475 - committee_scraper - INFO - Created membership: sgama -> Portfolio    Committee on Planning, Monitoring and Evaluation as Committee Chairperson
2026-02-12 19:54:35,505 - committee_scraper - INFO - Created membership: mgana -> Portfolio    Committee on Planning, Monitoring and Evaluation as Committee Chairperson
2026-02-12 19:54:35,530 - committee_scraper - INFO - Created membership: akumbaca -> Portfolio    Committee on Planning, Monitoring and Evaluation as Committee Chairperson
2026-02-12 19:54:35,552 - committee_scraper - INFO - Created membership: mmanyi -> Portfolio    Committee on Planning, Monitoring and Evaluation as Committee Chairperson
2026-02-12 19:54:35,574 - committee_scraper - INFO - Created membership: cmatiwane -> Portfolio    Committee on Planning, Monitoring and Evaluation as Committee Chairperson
2026-02-12 19:54:35,595 - committee_scraper - INFO - Created membership: mdunjwa -> Portfolio    Committee on Planning, Monitoring and Evaluation as Committee Chairperson
2026-02-12 19:54:35,622 - committee_scraper - INFO - Created membership: klitchfield-tshabalala -> Portfolio    Committee on Planning, Monitoring and Evaluation as Committee Chairperson
2026-02-12 19:54:35,650 - committee_scraper - WARNING - User not found in system: Mr Tshepo Lucky Montana (search key: tmontana)
2026-02-12 19:54:35,654 - committee_scraper - INFO - Created membership: ssubrathie -> Portfolio    Committee on Planning, Monitoring and Evaluation as Committee Chairperson
2026-02-12 19:54:35,675 - committee_scraper - INFO - Created membership: rtrollip -> Portfolio    Committee on Planning, Monitoring and Evaluation as Committee Chairperson
2026-02-12 19:54:36,703 - committee_scraper - INFO - Committee not found in database, creating: Portfolio    Committee on Cooperative Governance and Traditional Affairs
2026-02-12 19:54:36,754 - committee_scraper - INFO - Created missing committee: Portfolio    Committee on Cooperative Governance and Traditional Affairs (type: internal_committee)
2026-02-12 19:54:36,758 - committee_scraper - INFO - Created membership: zmkhize -> Portfolio    Committee on Cooperative Governance and Traditional Affairs as Committee Chairperson
2026-02-12 19:54:37,052 - committee_scraper - INFO - Found 13 composition members and 4 alternate members
2026-02-12 19:54:37,052 - committee_scraper - INFO - Total 17 members for committee: https://www.parliament.gov.za/committee-details/255
2026-02-12 19:54:37,060 - committee_scraper - INFO - Created membership: ddireko -> Portfolio    Committee on Cooperative Governance and Traditional Affairs as Committee Chairperson
2026-02-12 19:54:37,088 - committee_scraper - INFO - Created membership: whorn -> Portfolio    Committee on Cooperative Governance and Traditional Affairs as Committee Chairperson
2026-02-12 19:54:37,116 - committee_scraper - INFO - Created membership: clabuschagne -> Portfolio    Committee on Cooperative Governance and Traditional Affairs as Committee Chairperson
2026-02-12 19:54:37,146 - committee_scraper - INFO - Created membership: nmhlongo -> Portfolio    Committee on Cooperative Governance and Traditional Affairs as Committee Chairperson
2026-02-12 19:54:37,173 - committee_scraper - INFO - Created membership: hmkhaliphi -> Portfolio    Committee on Cooperative Governance and Traditional Affairs as Committee Chairperson
2026-02-12 19:54:37,206 - committee_scraper - INFO - Created membership: zmthethwa -> Portfolio    Committee on Cooperative Governance and Traditional Affairs as Committee Chairperson
2026-02-12 19:54:37,233 - committee_scraper - INFO - Created membership: jmtolo -> Portfolio    Committee on Cooperative Governance and Traditional Affairs as Committee Chairperson
2026-02-12 19:54:37,259 - committee_scraper - INFO - Created membership: pndamase -> Portfolio    Committee on Cooperative Governance and Traditional Affairs as Committee Chairperson
2026-02-12 19:54:37,291 - committee_scraper - INFO - Created membership: nsompamasiu -> Portfolio    Committee on Cooperative Governance and Traditional Affairs as Committee Chairperson
2026-02-12 19:54:37,320 - committee_scraper - INFO - Created membership: svanwyk -> Portfolio    Committee on Cooperative Governance and Traditional Affairs as Committee Chairperson
2026-02-12 19:54:37,349 - committee_scraper - INFO - Created membership: avanzyl -> Portfolio    Committee on Cooperative Governance and Traditional Affairs as Committee Chairperson
2026-02-12 19:54:37,380 - committee_scraper - WARNING - User not found in system: Inkosi Ntuthukoyezwe Zuzifa Buthelezi (search key: ibuthelezi)
2026-02-12 19:54:37,383 - committee_scraper - INFO - Created membership: tmabhena -> Portfolio    Committee on Cooperative Governance and Traditional Affairs as Committee Chairperson
2026-02-12 19:54:37,410 - committee_scraper - INFO - Created membership: vreddy -> Portfolio    Committee on Cooperative Governance and Traditional Affairs as Committee Chairperson
2026-02-12 19:54:37,435 - committee_scraper - INFO - Created membership: gtaaibosch -> Portfolio    Committee on Cooperative Governance and Traditional Affairs as Committee Chairperson
2026-02-12 19:54:38,460 - committee_scraper - INFO - Committee not found in database, creating: Portfolio Committee on Land Reform and Rural Development
2026-02-12 19:54:38,511 - committee_scraper - INFO - Created missing committee: Portfolio Committee on Land Reform and Rural Development (type: portfolio_committee)
2026-02-12 19:54:38,518 - committee_scraper - INFO - Created membership: mmncwango -> Portfolio Committee on Land Reform and Rural Development as Committee Chairperson
2026-02-12 19:54:38,809 - committee_scraper - INFO - Found 11 composition members and 4 alternate members
2026-02-12 19:54:38,809 - committee_scraper - INFO - Total 15 members for committee: https://www.parliament.gov.za/committee-details/267
2026-02-12 19:54:38,815 - committee_scraper - INFO - Created membership: radams -> Portfolio Committee on Land Reform and Rural Development as Committee Chairperson
2026-02-12 19:54:38,850 - committee_scraper - INFO - Created membership: slucas -> Portfolio Committee on Land Reform and Rural Development as Committee Chairperson
2026-02-12 19:54:38,873 - committee_scraper - INFO - Created membership: kmadlala -> Portfolio Committee on Land Reform and Rural Development as Committee Chairperson
2026-02-12 19:54:38,901 - committee_scraper - INFO - Created membership: lmahlatsi -> Portfolio Committee on Land Reform and Rural Development as Committee Chairperson
2026-02-12 19:54:38,929 - committee_scraper - INFO - Created membership: lmmaseko -> Portfolio Committee on Land Reform and Rural Development as Committee Chairperson
2026-02-12 19:54:38,969 - committee_scraper - INFO - Created membership: nmatiase -> Portfolio Committee on Land Reform and Rural Development as Committee Chairperson
2026-02-12 19:54:38,996 - committee_scraper - INFO - Created membership: amngxitam -> Portfolio Committee on Land Reform and Rural Development as Committee Chairperson
2026-02-12 19:54:39,019 - committee_scraper - INFO - Created membership: mmrara -> Portfolio Committee on Land Reform and Rural Development as Committee Chairperson
2026-02-12 19:54:39,046 - committee_scraper - INFO - Created membership: nndalane -> Portfolio Committee on Land Reform and Rural Development as Committee Chairperson
2026-02-12 19:54:39,068 - committee_scraper - INFO - Created membership: mnhanha -> Portfolio Committee on Land Reform and Rural Development as Committee Chairperson
2026-02-12 19:54:39,093 - committee_scraper - INFO - Created membership: wboshoff -> Portfolio Committee on Land Reform and Rural Development as Committee Chairperson
2026-02-12 19:54:39,117 - committee_scraper - INFO - Created membership: zmthethwa -> Portfolio Committee on Land Reform and Rural Development as Committee Chairperson
2026-02-12 19:54:39,144 - committee_scraper - INFO - Created membership: ntafeni -> Portfolio Committee on Land Reform and Rural Development as Committee Chairperson
2026-02-12 19:54:39,170 - committee_scraper - INFO - Created membership: svanwyk -> Portfolio Committee on Land Reform and Rural Development as Committee Chairperson
2026-02-12 19:54:40,198 - committee_scraper - INFO - Committee not found in database, creating: Select Committee    on Agriculture, Land Reform, and Mineral Resources
2026-02-12 19:54:40,246 - committee_scraper - INFO - Created missing committee: Select Committee    on Agriculture, Land Reform, and Mineral Resources (type: select_committee)
2026-02-12 19:54:40,250 - committee_scraper - INFO - Created membership: mmodise -> Select Committee    on Agriculture, Land Reform, and Mineral Resources as Committee Chairperson
2026-02-12 19:54:40,704 - committee_scraper - INFO - Found 11 composition members and 5 alternate members
2026-02-12 19:54:40,705 - committee_scraper - INFO - Total 16 members for committee: https://www.parliament.gov.za/committee-details/289
2026-02-12 19:54:40,710 - committee_scraper - INFO - Created membership: hboshoff -> Select Committee    on Agriculture, Land Reform, and Mineral Resources as Committee Chairperson
2026-02-12 19:54:40,737 - committee_scraper - INFO - Created membership: mdhlamini -> Select Committee    on Agriculture, Land Reform, and Mineral Resources as Committee Chairperson
2026-02-12 19:54:40,761 - committee_scraper - INFO - Created membership: bfarmer -> Select Committee    on Agriculture, Land Reform, and Mineral Resources as Committee Chairperson
2026-02-12 19:54:40,791 - committee_scraper - INFO - Created membership: smabilo -> Select Committee    on Agriculture, Land Reform, and Mineral Resources as Committee Chairperson
2026-02-12 19:54:40,814 - committee_scraper - INFO - Created membership: szondi -> Select Committee    on Agriculture, Land Reform, and Mineral Resources as Committee Chairperson
2026-02-12 19:54:40,844 - committee_scraper - INFO - Created membership: mmontwedi -> Select Committee    on Agriculture, Land Reform, and Mineral Resources as Committee Chairperson
2026-02-12 19:54:40,871 - committee_scraper - INFO - Created membership: mndlangisa -> Select Committee    on Agriculture, Land Reform, and Mineral Resources as Committee Chairperson
2026-02-12 19:54:40,900 - committee_scraper - INFO - Created membership: npienaar -> Select Committee    on Agriculture, Land Reform, and Mineral Resources as Committee Chairperson
2026-02-12 19:54:40,924 - committee_scraper - INFO - Created membership: ssithole -> Select Committee    on Agriculture, Land Reform, and Mineral Resources as Committee Chairperson
2026-02-12 19:54:40,958 - committee_scraper - INFO - Created membership: hvandenberg -> Select Committee    on Agriculture, Land Reform, and Mineral Resources as Committee Chairperson
2026-02-12 19:54:40,989 - committee_scraper - INFO - Created membership: niduplessis -> Select Committee    on Agriculture, Land Reform, and Mineral Resources as Committee Chairperson
2026-02-12 19:54:41,013 - committee_scraper - INFO - Created membership: mkennedy -> Select Committee    on Agriculture, Land Reform, and Mineral Resources as Committee Chairperson
2026-02-12 19:54:41,043 - committee_scraper - WARNING - User not found in system: Mr Jerome Sibongiseni Majola (search key: jmajola)
2026-02-12 19:54:41,046 - committee_scraper - INFO - Created membership: jmananiso -> Select Committee    on Agriculture, Land Reform, and Mineral Resources as Committee Chairperson
2026-02-12 19:54:41,068 - committee_scraper - INFO - Created membership: amatshobeni -> Select Committee    on Agriculture, Land Reform, and Mineral Resources as Committee Chairperson
2026-02-12 19:54:42,094 - committee_scraper - INFO - Committee not found in database, creating: Select Committee    on Public Petitions and Executive Undertakings
2026-02-12 19:54:42,153 - committee_scraper - INFO - Created missing committee: Select Committee    on Public Petitions and Executive Undertakings (type: select_committee)
2026-02-12 19:54:42,157 - committee_scraper - INFO - Created membership: omokae -> Select Committee    on Public Petitions and Executive Undertakings as Committee Chairperson
2026-02-12 19:54:43,809 - committee_scraper - INFO - Found 12 composition members and 3 alternate members
2026-02-12 19:54:43,809 - committee_scraper - INFO - Total 15 members for committee: https://www.parliament.gov.za/committee-details/296
2026-02-12 19:54:43,815 - committee_scraper - INFO - Created membership: mbilly -> Select Committee    on Public Petitions and Executive Undertakings as Committee Chairperson
2026-02-12 19:54:43,846 - committee_scraper - INFO - Created membership: vgericke -> Select Committee    on Public Petitions and Executive Undertakings as Committee Chairperson
2026-02-12 19:54:43,871 - committee_scraper - INFO - Created membership: ngotsell -> Select Committee    on Public Petitions and Executive Undertakings as Committee Chairperson
2026-02-12 19:54:43,903 - committee_scraper - INFO - Created membership: mmampuru -> Select Committee    on Public Petitions and Executive Undertakings as Committee Chairperson
2026-02-12 19:54:43,931 - committee_scraper - INFO - Created membership: jmananiso -> Select Committee    on Public Petitions and Executive Undertakings as Committee Chairperson
2026-02-12 19:54:43,958 - committee_scraper - INFO - Created membership: amatshobeni -> Select Committee    on Public Petitions and Executive Undertakings as Committee Chairperson
2026-02-12 19:54:43,995 - committee_scraper - INFO - Created membership: omedupe -> Select Committee    on Public Petitions and Executive Undertakings as Committee Chairperson
2026-02-12 19:54:44,019 - committee_scraper - INFO - Created membership: pnoe -> Select Committee    on Public Petitions and Executive Undertakings as Committee Chairperson
2026-02-12 19:54:44,056 - committee_scraper - WARNING - User not found in system: Adv Inkosi Mwelo Nonkonyana (search key: inonkonyana)
2026-02-12 19:54:44,059 - committee_scraper - INFO - Created membership: pphala -> Select Committee    on Public Petitions and Executive Undertakings as Committee Chairperson
2026-02-12 19:54:44,085 - committee_scraper - INFO - Created membership: szulu -> Select Committee    on Public Petitions and Executive Undertakings as Committee Chairperson
2026-02-12 19:54:44,113 - committee_scraper - INFO - Created membership: smabilo -> Select Committee    on Public Petitions and Executive Undertakings as Committee Chairperson
2026-02-12 19:54:44,152 - committee_scraper - INFO - Created membership: rmolokomme -> Select Committee    on Public Petitions and Executive Undertakings as Committee Chairperson
2026-02-12 19:54:44,183 - committee_scraper - INFO - Created membership: msiwisa -> Select Committee    on Public Petitions and Executive Undertakings as Committee Chairperson
2026-02-12 19:54:45,210 - committee_scraper - INFO - Committee not found in database, creating: Portfolio    Committee on Electricity and Energy
2026-02-12 19:54:45,259 - committee_scraper - INFO - Created missing committee: Portfolio    Committee on Electricity and Energy (type: internal_committee)
2026-02-12 19:54:45,263 - committee_scraper - INFO - Created membership: nmvana -> Portfolio    Committee on Electricity and Energy as Committee Chairperson
2026-02-12 19:54:45,539 - committee_scraper - INFO - Found 11 composition members and 3 alternate members
2026-02-12 19:54:45,539 - committee_scraper - INFO - Total 14 members for committee: https://www.parliament.gov.za/committee-details/258
2026-02-12 19:54:45,548 - committee_scraper - INFO - Created membership: ebaptie -> Portfolio    Committee on Electricity and Energy as Committee Chairperson
2026-02-12 19:54:45,572 - committee_scraper - INFO - Created membership: fhassan -> Portfolio    Committee on Electricity and Energy as Committee Chairperson
2026-02-12 19:54:45,600 - committee_scraper - INFO - Created membership: nkwankwa -> Portfolio    Committee on Electricity and Energy as Committee Chairperson
2026-02-12 19:54:45,627 - committee_scraper - INFO - Created membership: lmakhubela -> Portfolio    Committee on Electricity and Energy as Committee Chairperson
2026-02-12 19:54:45,661 - committee_scraper - INFO - Created membership: kmileham -> Portfolio    Committee on Electricity and Energy as Committee Chairperson
2026-02-12 19:54:45,685 - committee_scraper - INFO - Created membership: anchabeleng -> Portfolio    Committee on Electricity and Energy as Committee Chairperson
2026-02-12 19:54:45,712 - committee_scraper - INFO - Created membership: vnkosi -> Portfolio    Committee on Electricity and Energy as Committee Chairperson
2026-02-12 19:54:45,736 - committee_scraper - INFO - Created membership: mpaulsen -> Portfolio    Committee on Electricity and Energy as Committee Chairperson
2026-02-12 19:54:45,772 - committee_scraper - INFO - Created membership: nsompamasiu -> Portfolio    Committee on Electricity and Energy as Committee Chairperson
2026-02-12 19:54:45,805 - committee_scraper - INFO - Created membership: wthring -> Portfolio    Committee on Electricity and Energy as Committee Chairperson
2026-02-12 19:54:45,831 - committee_scraper - INFO - Created membership: mmaimane -> Portfolio    Committee on Electricity and Energy as Committee Chairperson
2026-02-12 19:54:45,861 - committee_scraper - INFO - Created membership: mmbatha -> Portfolio    Committee on Electricity and Energy as Committee Chairperson
2026-02-12 19:54:45,886 - committee_scraper - INFO - Created membership: mshikwambana -> Portfolio    Committee on Electricity and Energy as Committee Chairperson
2026-02-12 19:54:46,915 - committee_scraper - INFO - Committee not found in database, creating: Portfolio    Committee on Tourism
2026-02-12 19:54:46,973 - committee_scraper - INFO - Created missing committee: Portfolio    Committee on Tourism (type: internal_committee)
2026-02-12 19:54:46,977 - committee_scraper - INFO - Created membership: rnalumango -> Portfolio    Committee on Tourism as Committee Chairperson
2026-02-12 19:54:47,275 - committee_scraper - INFO - Found 11 composition members and 5 alternate members
2026-02-12 19:54:47,275 - committee_scraper - INFO - Total 16 members for committee: https://www.parliament.gov.za/committee-details/277
2026-02-12 19:54:47,286 - committee_scraper - INFO - Created membership: jubasson -> Portfolio    Committee on Tourism as Committee Member
2026-02-12 19:54:47,316 - committee_scraper - INFO - Created membership: nobuthelezi -> Portfolio    Committee on Tourism as Committee Member
2026-02-12 19:54:47,340 - committee_scraper - INFO - Created membership: sfrenchman -> Portfolio    Committee on Tourism as Committee Member
2026-02-12 19:54:47,374 - committee_scraper - INFO - Created membership: ahlongo -> Portfolio    Committee on Tourism as Committee Member
2026-02-12 19:54:47,405 - committee_scraper - INFO - Created membership: hismail -> Portfolio    Committee on Tourism as Committee Member
2026-02-12 19:54:47,431 - committee_scraper - INFO - Created membership: lligaraba -> Portfolio    Committee on Tourism as Committee Member
2026-02-12 19:54:47,459 - committee_scraper - INFO - Created membership: elinde -> Portfolio    Committee on Tourism as Committee Member
2026-02-12 19:54:47,485 - committee_scraper - INFO - Created membership: smaeco -> Portfolio    Committee on Tourism as Committee Member
2026-02-12 19:54:47,513 - committee_scraper - INFO - Created membership: nmashabela -> Portfolio    Committee on Tourism as Committee Member
2026-02-12 19:54:47,538 - committee_scraper - INFO - Created membership: smoodley -> Portfolio    Committee on Tourism as Committee Member
2026-02-12 19:54:47,562 - committee_scraper - INFO - Created membership: gmotaung -> Portfolio    Committee on Tourism as Alternate Committee Member
2026-02-12 19:54:47,593 - committee_scraper - INFO - Created membership: nshezi -> Portfolio    Committee on Tourism as Alternate Committee Member
2026-02-12 19:54:47,623 - committee_scraper - INFO - Created membership: ltito -> Portfolio    Committee on Tourism as Alternate Committee Member
2026-02-12 19:54:47,651 - committee_scraper - INFO - Created membership: ktlhong -> Portfolio    Committee on Tourism as Alternate Committee Member
2026-02-12 19:54:47,683 - committee_scraper - INFO - Created membership: lvandermerwe -> Portfolio    Committee on Tourism as Alternate Committee Member
2026-02-12 19:54:48,989 - committee_scraper - INFO - Found 14 composition members and 3 alternate members
2026-02-12 19:54:48,989 - committee_scraper - INFO - Total 17 members for committee: https://www.parliament.gov.za/committee-details/246
2026-02-12 19:54:50,053 - committee_scraper - INFO - Committee not found in database, creating: Select Committee    on Finance
2026-02-12 19:54:50,099 - committee_scraper - INFO - Created missing committee: Select Committee    on Finance (type: select_committee)
2026-02-12 19:54:50,103 - committee_scraper - INFO - Created membership: sndhlovu -> Select Committee    on Finance as Committee Chairperson
2026-02-12 19:54:50,395 - committee_scraper - INFO - Found 9 composition members and 6 alternate members
2026-02-12 19:54:50,395 - committee_scraper - INFO - Total 15 members for committee: https://www.parliament.gov.za/committee-details/294
2026-02-12 19:54:50,400 - committee_scraper - INFO - Created membership: jbritz -> Select Committee    on Finance as Committee Chairperson
2026-02-12 19:54:50,428 - committee_scraper - INFO - Created membership: tlegwase -> Select Committee    on Finance as Committee Chairperson
2026-02-12 19:54:50,459 - committee_scraper - WARNING - User not found in system: Mr Jerome Sibongiseni Majola (search key: jmajola)
2026-02-12 19:54:50,464 - committee_scraper - INFO - Created membership: snxumalo -> Select Committee    on Finance as Committee Chairperson
2026-02-12 19:54:50,491 - committee_scraper - INFO - Created membership: bradebe -> Select Committee    on Finance as Committee Chairperson
2026-02-12 19:54:50,520 - committee_scraper - INFO - Created membership: dryder -> Select Committee    on Finance as Committee Chairperson
2026-02-12 19:54:50,557 - committee_scraper - INFO - Created membership: msiwisa -> Select Committee    on Finance as Committee Chairperson
2026-02-12 19:54:50,584 - committee_scraper - INFO - Created membership: paswart -> Select Committee    on Finance as Committee Chairperson
2026-02-12 19:54:50,612 - committee_scraper - INFO - Created membership: jadriaanse -> Select Committee    on Finance as Committee Chairperson
2026-02-12 19:54:50,640 - committee_scraper - INFO - Created membership: kceza -> Select Committee    on Finance as Committee Chairperson
2026-02-12 19:54:50,668 - committee_scraper - INFO - Created membership: mdhlamini -> Select Committee    on Finance as Committee Chairperson
2026-02-12 19:54:50,691 - committee_scraper - INFO - Created membership: szondi -> Select Committee    on Finance as Committee Chairperson
2026-02-12 19:54:50,716 - committee_scraper - INFO - Created membership: mmokwele -> Select Committee    on Finance as Committee Chairperson
2026-02-12 19:54:50,740 - committee_scraper - INFO - Created membership: ssithole -> Select Committee    on Finance as Committee Chairperson
2026-02-12 19:54:51,767 - committee_scraper - INFO - Committee not found in database, creating: Portfolio    Committee on Justice and Constitutional Development
2026-02-12 19:54:51,816 - committee_scraper - INFO - Created missing committee: Portfolio    Committee on Justice and Constitutional Development (type: internal_committee)
2026-02-12 19:54:51,819 - committee_scraper - INFO - Created membership: xnqola -> Portfolio    Committee on Justice and Constitutional Development as Committee Chairperson
2026-02-12 19:54:52,117 - committee_scraper - INFO - Found 11 composition members and 3 alternate members
2026-02-12 19:54:52,117 - committee_scraper - INFO - Total 14 members for committee: https://www.parliament.gov.za/committee-details/266
2026-02-12 19:54:52,120 - committee_scraper - INFO - Created membership: gbreytenbach -> Portfolio    Committee on Justice and Constitutional Development as Committee Chairperson
2026-02-12 19:54:52,159 - committee_scraper - INFO - Created membership: hdenner -> Portfolio    Committee on Justice and Constitutional Development as Committee Chairperson
2026-02-12 19:54:52,183 - committee_scraper - INFO - Created membership: dklopper -> Portfolio    Committee on Justice and Constitutional Development as Committee Chairperson
2026-02-12 19:54:52,208 - committee_scraper - INFO - Created membership: klitchfield-tshabalala -> Portfolio    Committee on Justice and Constitutional Development as Committee Chairperson
2026-02-12 19:54:52,234 - committee_scraper - INFO - Created membership: omathafa -> Portfolio    Committee on Justice and Constitutional Development as Committee Chairperson
2026-02-12 19:54:52,258 - committee_scraper - INFO - Created membership: mmohlala -> Portfolio    Committee on Justice and Constitutional Development as Committee Chairperson
2026-02-12 19:54:52,285 - committee_scraper - INFO - Created membership: nmotaung -> Portfolio    Committee on Justice and Constitutional Development as Committee Chairperson
2026-02-12 19:54:52,309 - committee_scraper - INFO - Created membership: snomvalo -> Portfolio    Committee on Justice and Constitutional Development as Committee Chairperson
2026-02-12 19:54:52,332 - committee_scraper - INFO - Created membership: sswart -> Portfolio    Committee on Justice and Constitutional Development as Committee Chairperson
2026-02-12 19:54:52,359 - committee_scraper - INFO - Created membership: ntshotetsi -> Portfolio    Committee on Justice and Constitutional Development as Committee Chairperson
2026-02-12 19:54:52,389 - committee_scraper - INFO - Created membership: wdouglas -> Portfolio    Committee on Justice and Constitutional Development as Committee Chairperson
2026-02-12 19:54:52,417 - committee_scraper - INFO - Created membership: jaengelbrecht -> Portfolio    Committee on Justice and Constitutional Development as Committee Chairperson
2026-02-12 19:54:52,446 - committee_scraper - INFO - Created membership: iismail-moosa -> Portfolio    Committee on Justice and Constitutional Development as Committee Chairperson
2026-02-12 19:54:53,760 - committee_scraper - INFO - Found 16 composition members and 0 alternate members
2026-02-12 19:54:53,761 - committee_scraper - INFO - Total 16 members for committee: https://www.parliament.gov.za/committee-details/245
2026-02-12 19:54:53,785 - committee_scraper - WARNING - User not found in system: Inkosi Russel Nsikayezwe Cebekhulu (search key: icebekhulu)
2026-02-12 19:54:53,820 - committee_scraper - WARNING - User not found in system: Ms Mabel Rweqana (search key: mrweqana)
2026-02-12 19:54:54,827 - committee_scraper - INFO - Committee not found in database, creating: Portfolio    Committee on Public Works and Infrastructure
2026-02-12 19:54:54,880 - committee_scraper - INFO - Created missing committee: Portfolio    Committee on Public Works and Infrastructure (type: internal_committee)
2026-02-12 19:54:54,883 - committee_scraper - INFO - Created membership: cphiri -> Portfolio    Committee on Public Works and Infrastructure as Committee Chairperson
2026-02-12 19:54:55,159 - committee_scraper - INFO - Found 11 composition members and 4 alternate members
2026-02-12 19:54:55,159 - committee_scraper - INFO - Total 15 members for committee: https://www.parliament.gov.za/committee-details/272
2026-02-12 19:54:55,166 - committee_scraper - INFO - Created membership: ebath -> Portfolio    Committee on Public Works and Infrastructure as Committee Chairperson
2026-02-12 19:54:55,189 - committee_scraper - INFO - Created membership: mdlelanga -> Portfolio    Committee on Public Works and Infrastructure as Committee Chairperson
2026-02-12 19:54:55,213 - committee_scraper - INFO - Created membership: mkobe -> Portfolio    Committee on Public Works and Infrastructure as Committee Chairperson
2026-02-12 19:54:55,243 - committee_scraper - INFO - Created membership: mletlape -> Portfolio    Committee on Public Works and Infrastructure as Committee Chairperson
2026-02-12 19:54:55,271 - committee_scraper - INFO - Created membership: bmadikizela -> Portfolio    Committee on Public Works and Infrastructure as Committee Chairperson
2026-02-12 19:54:55,298 - committee_scraper - INFO - Created membership: simahlangu -> Portfolio    Committee on Public Works and Infrastructure as Committee Chairperson
2026-02-12 19:54:55,325 - committee_scraper - INFO - Created membership: pmkhize -> Portfolio    Committee on Public Works and Infrastructure as Committee Chairperson
2026-02-12 19:54:55,359 - committee_scraper - INFO - Created membership: singcobo -> Portfolio    Committee on Public Works and Infrastructure as Committee Chairperson
2026-02-12 19:54:55,387 - committee_scraper - INFO - Created membership: nnkosi -> Portfolio    Committee on Public Works and Infrastructure as Committee Chairperson
2026-02-12 19:54:55,414 - committee_scraper - INFO - Created membership: nnxumalo -> Portfolio    Committee on Public Works and Infrastructure as Committee Chairperson
2026-02-12 19:54:55,440 - committee_scraper - INFO - Created membership: sgama -> Portfolio    Committee on Public Works and Infrastructure as Committee Chairperson
2026-02-12 19:54:55,468 - committee_scraper - INFO - Created membership: kmadlala -> Portfolio    Committee on Public Works and Infrastructure as Committee Chairperson
2026-02-12 19:54:55,493 - committee_scraper - INFO - Created membership: nmakasi -> Portfolio    Committee on Public Works and Infrastructure as Committee Chairperson
2026-02-12 19:54:55,524 - committee_scraper - INFO - Created membership: wthring -> Portfolio    Committee on Public Works and Infrastructure as Committee Chairperson
2026-02-12 19:54:56,553 - committee_scraper - INFO - Committee not found in database, creating: Portfolio    Committee on Agriculture
2026-02-12 19:54:56,599 - committee_scraper - INFO - Created missing committee: Portfolio    Committee on Agriculture (type: internal_committee)
2026-02-12 19:54:56,603 - committee_scraper - INFO - Created membership: dpule -> Portfolio    Committee on Agriculture as Committee Chairperson
2026-02-12 19:54:56,893 - committee_scraper - INFO - Found 11 composition members and 5 alternate members
2026-02-12 19:54:56,893 - committee_scraper - INFO - Total 16 members for committee: https://www.parliament.gov.za/committee-details/252
2026-02-12 19:54:56,899 - committee_scraper - INFO - Created membership: larries -> Portfolio    Committee on Agriculture as Committee Chairperson
2026-02-12 19:54:56,929 - committee_scraper - WARNING - User not found in system: Mr Willem Abraham Stephanus Aucamp (search key: waucamp)
2026-02-12 19:54:56,939 - committee_scraper - WARNING - User not found in system: Inkosi Russel Nsikayezwe Cebekhulu (search key: icebekhulu)
2026-02-12 19:54:56,950 - committee_scraper - INFO - Created membership: swdavids -> Portfolio    Committee on Agriculture as Committee Chairperson
2026-02-12 19:54:56,975 - committee_scraper - INFO - Created membership: kmadlala -> Portfolio    Committee on Agriculture as Committee Chairperson
2026-02-12 19:54:56,999 - committee_scraper - INFO - Created membership: zmthethwa -> Portfolio    Committee on Agriculture as Committee Chairperson
2026-02-12 19:54:57,023 - committee_scraper - INFO - Created membership: nndalane -> Portfolio    Committee on Agriculture as Committee Chairperson
2026-02-12 19:54:57,046 - committee_scraper - INFO - Created membership: nnkabane -> Portfolio    Committee on Agriculture as Committee Chairperson
2026-02-12 19:54:57,072 - committee_scraper - INFO - Created membership: csmit -> Portfolio    Committee on Agriculture as Committee Chairperson
2026-02-12 19:54:57,095 - committee_scraper - INFO - Created membership: rtrollip -> Portfolio    Committee on Agriculture as Committee Chairperson
2026-02-12 19:54:57,130 - committee_scraper - INFO - Created membership: lmahlatsi -> Portfolio    Committee on Agriculture as Committee Chairperson
2026-02-12 19:54:57,155 - committee_scraper - INFO - Created membership: mmatutu -> Portfolio    Committee on Agriculture as Committee Chairperson
2026-02-12 19:54:57,185 - committee_scraper - INFO - Created membership: amngxitam -> Portfolio    Committee on Agriculture as Committee Chairperson
2026-02-12 19:54:57,214 - committee_scraper - INFO - Created membership: ssekoati -> Portfolio    Committee on Agriculture as Committee Chairperson
2026-02-12 19:54:57,243 - committee_scraper - INFO - Created membership: ssingh -> Portfolio    Committee on Agriculture as Committee Chairperson
2026-02-12 19:54:58,269 - committee_scraper - INFO - Committee not found in database, creating: Portfolio    Committee on Correctional Services
2026-02-12 19:54:58,323 - committee_scraper - INFO - Created missing committee: Portfolio    Committee on Correctional Services (type: internal_committee)
2026-02-12 19:54:58,327 - committee_scraper - INFO - Created membership: aramolobeng -> Portfolio    Committee on Correctional Services as Committee Chairperson
2026-02-12 19:54:58,620 - committee_scraper - INFO - Found 10 composition members and 5 alternate members
2026-02-12 19:54:58,620 - committee_scraper - INFO - Total 15 members for committee: https://www.parliament.gov.za/committee-details/256
2026-02-12 19:54:58,631 - committee_scraper - INFO - Created membership: ecloete -> Portfolio    Committee on Correctional Services as Committee Chairperson
2026-02-12 19:54:58,658 - committee_scraper - INFO - Created membership: jaengelbrecht -> Portfolio    Committee on Correctional Services as Committee Chairperson
2026-02-12 19:54:58,682 - committee_scraper - INFO - Created membership: mgasa -> Portfolio    Committee on Correctional Services as Committee Chairperson
2026-02-12 19:54:58,706 - committee_scraper - INFO - Created membership: erhendricks -> Portfolio    Committee on Correctional Services as Committee Chairperson
2026-02-12 19:54:58,733 - committee_scraper - INFO - Created membership: djames -> Portfolio    Committee on Correctional Services as Committee Chairperson
2026-02-12 19:54:58,761 - committee_scraper - INFO - Created membership: kkgobisangcaba -> Portfolio    Committee on Correctional Services as Committee Chairperson
2026-02-12 19:54:58,787 - committee_scraper - INFO - Created membership: mmoela -> Portfolio    Committee on Correctional Services as Committee Chairperson
2026-02-12 19:54:58,813 - committee_scraper - INFO - Created membership: lshangase -> Portfolio    Committee on Correctional Services as Committee Chairperson
2026-02-12 19:54:58,842 - committee_scraper - INFO - Created membership: msokopo -> Portfolio    Committee on Correctional Services as Committee Chairperson
2026-02-12 19:54:58,868 - committee_scraper - INFO - Created membership: gbreytenbach -> Portfolio    Committee on Correctional Services as Committee Chairperson
2026-02-12 19:54:58,904 - committee_scraper - INFO - Created membership: mdaniels -> Portfolio    Committee on Correctional Services as Committee Chairperson
2026-02-12 19:54:58,931 - committee_scraper - INFO - Created membership: cniehaus -> Portfolio    Committee on Correctional Services as Committee Chairperson
2026-02-12 19:54:58,955 - committee_scraper - INFO - Created membership: wplaatjies -> Portfolio    Committee on Correctional Services as Committee Chairperson
2026-02-12 19:54:58,983 - committee_scraper - INFO - Created membership: gtaaibosch -> Portfolio    Committee on Correctional Services as Committee Chairperson
2026-02-12 19:55:00,012 - committee_scraper - INFO - Committee not found in database, creating: Portfolio    Committee on Communications and Digital Technologies
2026-02-12 19:55:00,076 - committee_scraper - INFO - Created missing committee: Portfolio    Committee on Communications and Digital Technologies (type: internal_committee)
2026-02-12 19:55:00,080 - committee_scraper - INFO - Created membership: ksangoni -> Portfolio    Committee on Communications and Digital Technologies as Committee Chairperson
2026-02-12 19:55:00,365 - committee_scraper - INFO - Found 12 composition members and 3 alternate members
2026-02-12 19:55:00,365 - committee_scraper - INFO - Total 15 members for committee: https://www.parliament.gov.za/committee-details/254
2026-02-12 19:55:00,372 - committee_scraper - INFO - Created membership: tbodlani -> Portfolio    Committee on Communications and Digital Technologies as Committee Chairperson
2026-02-12 19:55:00,396 - committee_scraper - INFO - Created membership: cmakhubele -> Portfolio    Committee on Communications and Digital Technologies as Committee Chairperson
2026-02-12 19:55:00,425 - committee_scraper - INFO - Created membership: omathafa -> Portfolio    Committee on Communications and Digital Technologies as Committee Chairperson
2026-02-12 19:55:00,451 - committee_scraper - INFO - Created membership: lmathys -> Portfolio    Committee on Communications and Digital Technologies as Committee Chairperson
2026-02-12 19:55:00,475 - committee_scraper - INFO - Created membership: mmrara -> Portfolio    Committee on Communications and Digital Technologies as Committee Chairperson
2026-02-12 19:55:00,501 - committee_scraper - INFO - Created membership: anchabeleng -> Portfolio    Committee on Communications and Digital Technologies as Committee Chairperson
2026-02-12 19:55:00,533 - committee_scraper - INFO - Created membership: angobese -> Portfolio    Committee on Communications and Digital Technologies as Committee Chairperson
2026-02-12 19:55:00,562 - committee_scraper - INFO - Created membership: asauls -> Portfolio    Committee on Communications and Digital Technologies as Committee Chairperson
2026-02-12 19:55:00,592 - committee_scraper - INFO - Created membership: cshongwe -> Portfolio    Committee on Communications and Digital Technologies as Committee Chairperson
2026-02-12 19:55:00,620 - committee_scraper - INFO - Created membership: ssingh -> Portfolio    Committee on Communications and Digital Technologies as Committee Chairperson
2026-02-12 19:55:00,648 - committee_scraper - INFO - Created membership: ssubrathie -> Portfolio    Committee on Communications and Digital Technologies as Committee Chairperson
2026-02-12 19:55:00,682 - committee_scraper - INFO - Created membership: tchauke -> Portfolio    Committee on Communications and Digital Technologies as Committee Chairperson
2026-02-12 19:55:00,712 - committee_scraper - INFO - Created membership: jngubane -> Portfolio    Committee on Communications and Digital Technologies as Committee Chairperson
2026-02-12 19:55:00,742 - committee_scraper - INFO - Created membership: vpambo -> Portfolio    Committee on Communications and Digital Technologies as Committee Chairperson
2026-02-12 19:55:01,779 - committee_scraper - INFO - Committee not found in database, creating: Portfolio    Committee on Human Settlements
2026-02-12 19:55:01,834 - committee_scraper - INFO - Created missing committee: Portfolio    Committee on Human Settlements (type: internal_committee)
2026-02-12 19:55:01,838 - committee_scraper - INFO - Created membership: aseabi -> Portfolio    Committee on Human Settlements as Committee Chairperson
2026-02-12 19:55:02,147 - committee_scraper - INFO - Found 9 composition members and 4 alternate members
2026-02-12 19:55:02,147 - committee_scraper - INFO - Total 13 members for committee: https://www.parliament.gov.za/committee-details/264
2026-02-12 19:55:02,157 - committee_scraper - INFO - Created membership: zabader -> Portfolio    Committee on Human Settlements as Committee Chairperson
2026-02-12 19:55:02,199 - committee_scraper - INFO - Created membership: sdithebe -> Portfolio    Committee on Human Settlements as Committee Chairperson
2026-02-12 19:55:02,223 - committee_scraper - INFO - Created membership: mdlamini -> Portfolio    Committee on Human Settlements as Committee Chairperson
2026-02-12 19:55:02,256 - committee_scraper - INFO - Created membership: tgamede -> Portfolio    Committee on Human Settlements as Committee Chairperson
2026-02-12 19:55:02,291 - committee_scraper - INFO - Created membership: bkegakilwe -> Portfolio    Committee on Human Settlements as Committee Chairperson
2026-02-12 19:55:02,320 - committee_scraper - INFO - Created membership: tmagagula -> Portfolio    Committee on Human Settlements as Committee Chairperson
2026-02-12 19:55:02,347 - committee_scraper - INFO - Created membership: lmphithi -> Portfolio    Committee on Human Settlements as Committee Chairperson
2026-02-12 19:55:02,375 - committee_scraper - INFO - Created membership: cjpoole -> Portfolio    Committee on Human Settlements as Committee Chairperson
2026-02-12 19:55:02,399 - committee_scraper - INFO - Created membership: mletlape -> Portfolio    Committee on Human Settlements as Committee Chairperson
2026-02-12 19:55:02,435 - committee_scraper - INFO - Created membership: cmafagane -> Portfolio    Committee on Human Settlements as Committee Chairperson
2026-02-12 19:55:02,472 - committee_scraper - INFO - Created membership: mmohlala -> Portfolio    Committee on Human Settlements as Committee Chairperson
2026-02-12 19:55:02,496 - committee_scraper - INFO - Created membership: athemba -> Portfolio    Committee on Human Settlements as Committee Chairperson
2026-02-12 19:55:03,525 - committee_scraper - INFO - Committee not found in database, creating: Portfolio    Committee on Transport
2026-02-12 19:55:03,564 - committee_scraper - INFO - Created missing committee: Portfolio    Committee on Transport (type: internal_committee)
2026-02-12 19:55:03,568 - committee_scraper - INFO - Created membership: sselamolela -> Portfolio    Committee on Transport as Committee Chairperson
2026-02-12 19:55:03,857 - committee_scraper - INFO - Found 11 composition members and 5 alternate members
2026-02-12 19:55:03,857 - committee_scraper - INFO - Total 16 members for committee: https://www.parliament.gov.za/committee-details/279
2026-02-12 19:55:03,866 - committee_scraper - INFO - Created membership: mblose -> Portfolio    Committee on Transport as Committee Chairperson
2026-02-12 19:55:03,980 - committee_scraper - INFO - Created membership: mgana -> Portfolio    Committee on Transport as Committee Chairperson
2026-02-12 19:55:04,018 - committee_scraper - INFO - Created membership: chunsinger -> Portfolio    Committee on Transport as Committee Chairperson
2026-02-12 19:55:04,052 - committee_scraper - INFO - Created membership: tkubheka -> Portfolio    Committee on Transport as Committee Chairperson
2026-02-12 19:55:04,091 - committee_scraper - INFO - Created membership: tmabhena -> Portfolio    Committee on Transport as Committee Chairperson
2026-02-12 19:55:04,142 - committee_scraper - INFO - Created membership: nmaduna -> Portfolio    Committee on Transport as Committee Chairperson
2026-02-12 19:55:04,207 - committee_scraper - INFO - Created membership: cmalematja -> Portfolio    Committee on Transport as Committee Chairperson
2026-02-12 19:55:04,256 - committee_scraper - INFO - Created membership: tmarawu -> Portfolio    Committee on Transport as Committee Chairperson
2026-02-12 19:55:04,287 - committee_scraper - WARNING - User not found in system: Mr Tshepo Lucky Montana (search key: tmontana)
2026-02-12 19:55:04,291 - committee_scraper - INFO - Created membership: nnkopane -> Portfolio    Committee on Transport as Committee Chairperson
2026-02-12 19:55:04,321 - committee_scraper - INFO - Created membership: mkobe -> Portfolio    Committee on Transport as Committee Chairperson
2026-02-12 19:55:04,350 - committee_scraper - INFO - Created membership: imbiyo -> Portfolio    Committee on Transport as Committee Chairperson
2026-02-12 19:55:04,375 - committee_scraper - INFO - Created membership: mmotubatse -> Portfolio    Committee on Transport as Committee Chairperson
2026-02-12 19:55:04,400 - committee_scraper - INFO - Created membership: nnolutshungu -> Portfolio    Committee on Transport as Committee Chairperson
2026-02-12 19:55:04,435 - committee_scraper - INFO - Created membership: pvanstaden -> Portfolio    Committee on Transport as Committee Chairperson
2026-02-12 19:55:05,458 - committee_scraper - INFO - Committee not found in database, creating: Portfolio Committee  on Science, Technology and Innovation
2026-02-12 19:55:05,509 - committee_scraper - INFO - Created missing committee: Portfolio Committee  on Science, Technology and Innovation (type: portfolio_committee)
2026-02-12 19:55:05,517 - committee_scraper - INFO - Created membership: tshiviti -> Portfolio Committee  on Science, Technology and Innovation as Committee Chairperson
2026-02-12 19:55:05,781 - committee_scraper - INFO - Found 10 composition members and 0 alternate members
2026-02-12 19:55:05,781 - committee_scraper - INFO - Total 10 members for committee: https://www.parliament.gov.za/committee-details/273
2026-02-12 19:55:05,793 - committee_scraper - INFO - Created membership: wboshoff -> Portfolio Committee  on Science, Technology and Innovation as Committee Chairperson
2026-02-12 19:55:05,833 - committee_scraper - INFO - Created membership: nmazzone -> Portfolio Committee  on Science, Technology and Innovation as Committee Chairperson
2026-02-12 19:55:05,860 - committee_scraper - INFO - Created membership: tmchunu -> Portfolio Committee  on Science, Technology and Innovation as Committee Chairperson
2026-02-12 19:55:05,887 - committee_scraper - INFO - Created membership: tmjadu -> Portfolio Committee  on Science, Technology and Innovation as Committee Chairperson
2026-02-12 19:55:05,915 - committee_scraper - INFO - Created membership: vnkosi -> Portfolio Committee  on Science, Technology and Innovation as Committee Chairperson
2026-02-12 19:55:05,944 - committee_scraper - INFO - Created membership: tramongalo -> Portfolio Committee  on Science, Technology and Innovation as Committee Chairperson
2026-02-12 19:55:05,981 - committee_scraper - INFO - Created membership: lsapo -> Portfolio Committee  on Science, Technology and Innovation as Committee Chairperson
2026-02-12 19:55:06,010 - committee_scraper - INFO - Created membership: sthembekwayo -> Portfolio Committee  on Science, Technology and Innovation as Committee Chairperson
2026-02-12 19:55:06,039 - committee_scraper - INFO - Created membership: szondo -> Portfolio Committee  on Science, Technology and Innovation as Committee Chairperson
2026-02-12 19:55:07,341 - committee_scraper - INFO - Found 22 composition members and 4 alternate members
2026-02-12 19:55:07,341 - committee_scraper - INFO - Total 26 members for committee: https://www.parliament.gov.za/committee-details/248
2026-02-12 19:55:07,438 - committee_scraper - WARNING - User not found in system: Mr Tshepo Lucky Montana (search key: tmontana)
2026-02-12 19:55:08,444 - committee_scraper - INFO - Committee not found in database, creating: Portfolio    Committee on Women, Youth and Persons with Disabilities
2026-02-12 19:55:08,485 - committee_scraper - INFO - Created missing committee: Portfolio    Committee on Women, Youth and Persons with Disabilities (type: internal_committee)
2026-02-12 19:55:08,493 - committee_scraper - INFO - Created membership: lvandermerwe -> Portfolio    Committee on Women, Youth and Persons with Disabilities as Committee Chairperson
2026-02-12 19:55:08,765 - committee_scraper - INFO - Found 16 composition members and 6 alternate members
2026-02-12 19:55:08,765 - committee_scraper - INFO - Total 22 members for committee: https://www.parliament.gov.za/committee-details/281
2026-02-12 19:55:08,769 - committee_scraper - INFO - Created membership: radams -> Portfolio    Committee on Women, Youth and Persons with Disabilities as Committee Chairperson
2026-02-12 19:55:08,799 - committee_scraper - INFO - Created membership: tchauke -> Portfolio    Committee on Women, Youth and Persons with Disabilities as Committee Chairperson
2026-02-12 19:55:08,826 - committee_scraper - INFO - Created membership: mdunjwa -> Portfolio    Committee on Women, Youth and Persons with Disabilities as Committee Chairperson
2026-02-12 19:55:08,849 - committee_scraper - INFO - Created membership: mkennedy -> Portfolio    Committee on Women, Youth and Persons with Disabilities as Committee Chairperson
2026-02-12 19:55:08,876 - committee_scraper - INFO - Created membership: akhanyile -> Portfolio    Committee on Women, Youth and Persons with Disabilities as Committee Chairperson
2026-02-12 19:55:08,902 - committee_scraper - INFO - Created membership: pmailola -> Portfolio    Committee on Women, Youth and Persons with Disabilities as Committee Chairperson
2026-02-12 19:55:08,926 - committee_scraper - INFO - Created membership: amatshobeni -> Portfolio    Committee on Women, Youth and Persons with Disabilities as Committee Chairperson
2026-02-12 19:55:08,952 - committee_scraper - INFO - Created membership: fmbiko -> Portfolio    Committee on Women, Youth and Persons with Disabilities as Committee Chairperson
2026-02-12 19:55:08,979 - committee_scraper - INFO - Created membership: gmchunu -> Portfolio    Committee on Women, Youth and Persons with Disabilities as Committee Chairperson
2026-02-12 19:55:09,003 - committee_scraper - INFO - Created membership: lmhlongo -> Portfolio    Committee on Women, Youth and Persons with Disabilities as Committee Chairperson
2026-02-12 19:55:09,028 - committee_scraper - INFO - Created membership: cmkhonto -> Portfolio    Committee on Women, Youth and Persons with Disabilities as Committee Chairperson
2026-02-12 19:55:09,052 - committee_scraper - INFO - Created membership: jpetersen -> Portfolio    Committee on Women, Youth and Persons with Disabilities as Committee Chairperson
2026-02-12 19:55:09,081 - committee_scraper - WARNING - User not found in system: Ms Mabel Rweqana (search key: mrweqana)
2026-02-12 19:55:09,085 - committee_scraper - INFO - Created membership: fshabangu -> Portfolio    Committee on Women, Youth and Persons with Disabilities as Committee Chairperson
2026-02-12 19:55:09,117 - committee_scraper - INFO - Created membership: ntshotetsi -> Portfolio    Committee on Women, Youth and Persons with Disabilities as Committee Chairperson
2026-02-12 19:55:09,140 - committee_scraper - INFO - Created membership: zcele -> Portfolio    Committee on Women, Youth and Persons with Disabilities as Committee Chairperson
2026-02-12 19:55:09,162 - committee_scraper - INFO - Created membership: mkhawula -> Portfolio    Committee on Women, Youth and Persons with Disabilities as Committee Chairperson
2026-02-12 19:55:09,187 - committee_scraper - INFO - Created membership: tletlape -> Portfolio    Committee on Women, Youth and Persons with Disabilities as Committee Chairperson
2026-02-12 19:55:09,217 - committee_scraper - WARNING - User not found in system: Mr Jerome Sibongiseni Majola (search key: jmajola)
2026-02-12 19:55:09,220 - committee_scraper - INFO - Created membership: mmakesini -> Portfolio    Committee on Women, Youth and Persons with Disabilities as Committee Chairperson
2026-02-12 19:55:09,244 - committee_scraper - INFO - Created membership: dntshaba -> Portfolio    Committee on Women, Youth and Persons with Disabilities as Committee Chairperson
2026-02-12 19:55:10,266 - committee_scraper - INFO - Committee not found in database, creating: Standing Committee    on the Auditor-General
2026-02-12 19:55:10,313 - committee_scraper - INFO - Created missing committee: Standing Committee    on the Auditor-General (type: internal_committee)
2026-02-12 19:55:10,320 - committee_scraper - INFO - Created membership: wwessels -> Standing Committee    on the Auditor-General as Committee Chairperson
2026-02-12 19:55:10,634 - committee_scraper - INFO - Found 11 composition members and 4 alternate members
2026-02-12 19:55:10,634 - committee_scraper - INFO - Total 15 members for committee: https://www.parliament.gov.za/committee-details/285
2026-02-12 19:55:10,643 - committee_scraper - INFO - Created membership: tbila -> Standing Committee    on the Auditor-General as Committee Chairperson
2026-02-12 19:55:10,669 - committee_scraper - INFO - Created membership: lligaraba -> Standing Committee    on the Auditor-General as Committee Chairperson
2026-02-12 19:55:10,692 - committee_scraper - INFO - Created membership: emadlala -> Standing Committee    on the Auditor-General as Committee Chairperson
2026-02-12 19:55:10,731 - committee_scraper - INFO - Created membership: emarais -> Standing Committee    on the Auditor-General as Committee Chairperson
2026-02-12 19:55:10,762 - committee_scraper - INFO - Created membership: nnkuna -> Standing Committee    on the Auditor-General as Committee Chairperson
2026-02-12 19:55:10,789 - committee_scraper - INFO - Created membership: mmncwango -> Standing Committee    on the Auditor-General as Committee Chairperson
2026-02-12 19:55:10,812 - committee_scraper - INFO - Created membership: mmofokeng -> Standing Committee    on the Auditor-General as Committee Chairperson
2026-02-12 19:55:10,838 - committee_scraper - INFO - Created membership: smwali -> Standing Committee    on the Auditor-General as Committee Chairperson
2026-02-12 19:55:10,864 - committee_scraper - INFO - Created membership: ssubrathie -> Standing Committee    on the Auditor-General as Committee Chairperson
2026-02-12 19:55:10,892 - committee_scraper - INFO - Created membership: svilakazi -> Standing Committee    on the Auditor-General as Committee Chairperson
2026-02-12 19:55:10,914 - committee_scraper - INFO - Created membership: abateman -> Standing Committee    on the Auditor-General as Committee Chairperson
2026-02-12 19:55:10,941 - committee_scraper - INFO - Created membership: abeesley -> Standing Committee    on the Auditor-General as Committee Chairperson
2026-02-12 19:55:10,963 - committee_scraper - INFO - Created membership: nmaduna -> Standing Committee    on the Auditor-General as Committee Chairperson
2026-02-12 19:55:10,993 - committee_scraper - WARNING - User not found in system: Mr Tshepo Lucky Montana (search key: tmontana)
2026-02-12 19:55:11,999 - committee_scraper - INFO - Committee not found in database, creating: Standing Committee    on Public Accounts
2026-02-12 19:55:12,074 - committee_scraper - INFO - Created missing committee: Standing Committee    on Public Accounts (type: internal_committee)
2026-02-12 19:55:12,082 - committee_scraper - INFO - Created membership: szibi -> Standing Committee    on Public Accounts as Committee Chairperson
2026-02-12 19:55:12,389 - committee_scraper - INFO - Found 11 composition members and 6 alternate members
2026-02-12 19:55:12,389 - committee_scraper - INFO - Total 17 members for committee: https://www.parliament.gov.za/committee-details/284
2026-02-12 19:55:12,398 - committee_scraper - INFO - Created membership: patkinson -> Standing Committee    on Public Accounts as Committee Chairperson
2026-02-12 19:55:12,427 - committee_scraper - INFO - Created membership: abeesley -> Standing Committee    on Public Accounts as Committee Chairperson
2026-02-12 19:55:12,452 - committee_scraper - INFO - Created membership: tbila -> Standing Committee    on Public Accounts as Committee Chairperson
2026-02-12 19:55:12,480 - committee_scraper - INFO - Created membership: fessack -> Standing Committee    on Public Accounts as Committee Chairperson
2026-02-12 19:55:12,507 - committee_scraper - INFO - Created membership: tkubheka -> Standing Committee    on Public Accounts as Committee Chairperson
2026-02-12 19:55:12,534 - committee_scraper - INFO - Created membership: nmaduna -> Standing Committee    on Public Accounts as Committee Chairperson
2026-02-12 19:55:12,563 - committee_scraper - INFO - Created membership: nnkuna -> Standing Committee    on Public Accounts as Committee Chairperson
2026-02-12 19:55:12,593 - committee_scraper - INFO - Created membership: hneale-may -> Standing Committee    on Public Accounts as Committee Chairperson
2026-02-12 19:55:12,633 - committee_scraper - INFO - Created membership: gskosana -> Standing Committee    on Public Accounts as Committee Chairperson
2026-02-12 19:55:12,660 - committee_scraper - INFO - Created membership: dskosana -> Standing Committee    on Public Accounts as Committee Chairperson
2026-02-12 19:55:12,691 - committee_scraper - INFO - Created membership: mburke -> Standing Committee    on Public Accounts as Committee Chairperson
2026-02-12 19:55:12,714 - committee_scraper - INFO - Created membership: cdugmore -> Standing Committee    on Public Accounts as Committee Chairperson
2026-02-12 19:55:12,743 - committee_scraper - INFO - Created membership: emadlala -> Standing Committee    on Public Accounts as Committee Chairperson
2026-02-12 19:55:12,769 - committee_scraper - INFO - Created membership: cmatiwane -> Standing Committee    on Public Accounts as Committee Chairperson
2026-02-12 19:55:12,794 - committee_scraper - INFO - Created membership: cnontenja -> Standing Committee    on Public Accounts as Committee Chairperson
2026-02-12 19:55:12,820 - committee_scraper - INFO - Created membership: kwakelin -> Standing Committee    on Public Accounts as Committee Chairperson
2026-02-12 19:55:13,847 - committee_scraper - WARNING - MISSING USERS REPORT - 40 users not found in system:
2026-02-12 19:55:13,847 - committee_scraper - WARNING - Missing User: Mr Jerome Sibongiseni Majola | Search Key: jmajola | Parsed: {'title': 'mr', 'first_name': 'Jerome', 'last_name': 'Sibongiseni Majola'} | Profile: https://www.parliament.gov.za/person-details/6065
2026-02-12 19:55:13,847 - committee_scraper - WARNING - Missing User: Mr Tshepo Lucky Montana | Search Key: tmontana | Parsed: {'title': 'mr', 'first_name': 'Tshepo', 'last_name': 'Lucky Montana'} | Profile: https://www.parliament.gov.za/person-details/8200
2026-02-12 19:55:13,848 - committee_scraper - WARNING - Missing User: Rev Kenneth Raselabe Joseph Meshoe | Search Key: rmeshoe | Parsed: {'title': '', 'first_name': 'Rev', 'last_name': 'Kenneth Raselabe Joseph Meshoe'} | Profile: https://www.parliament.gov.za/person-details/5847
2026-02-12 19:55:13,848 - committee_scraper - WARNING - Missing User: Mr Muzi Khoza | Search Key: mkhoza | Parsed: {'title': 'mr', 'first_name': 'Muzi', 'last_name': 'Khoza'} | Profile: https://www.parliament.gov.za/person-details/9198
2026-02-12 19:55:13,848 - committee_scraper - WARNING - Missing User: Ms Dianne Kohler | Search Key: dkohler | Parsed: {'title': 'ms', 'first_name': 'Dianne', 'last_name': 'Kohler'} | Profile: https://www.parliament.gov.za/person-details/5884
2026-02-12 19:55:13,848 - committee_scraper - WARNING - Missing User: Mr Hendrik Christiaan Crafford Krüger | Search Key: hkrüger | Parsed: {'title': 'mr', 'first_name': 'Hendrik', 'last_name': 'Christiaan Crafford Krüger'} | Profile: https://www.parliament.gov.za/person-details/5890
2026-02-12 19:55:13,848 - committee_scraper - WARNING - Missing User: Rev Nhlanhla Bernard Gcwabaza | Search Key: rgcwabaza | Parsed: {'title': '', 'first_name': 'Rev', 'last_name': 'Nhlanhla Bernard Gcwabaza'} | Profile: https://www.parliament.gov.za/person-details/6073
2026-02-12 19:55:13,849 - committee_scraper - WARNING - Missing User: Mr Les Govender | Search Key: lgovender | Parsed: {'title': 'mr', 'first_name': 'Les', 'last_name': 'Govender'} | Profile: https://www.parliament.gov.za/person-details/5508
2026-02-12 19:55:13,849 - committee_scraper - WARNING - Missing User: Mr Jerome Sibongiseni Majola | Search Key: jmajola | Parsed: {'title': 'mr', 'first_name': 'Jerome', 'last_name': 'Sibongiseni Majola'} | Profile: https://www.parliament.gov.za/person-details/6065
2026-02-12 19:55:13,849 - committee_scraper - WARNING - Missing User: Adv Inkosi Mwelo Nonkonyana | Search Key: inonkonyana | Parsed: {'title': 'adv', 'first_name': 'Inkosi', 'last_name': 'Mwelo Nonkonyana'} | Profile: https://www.parliament.gov.za/person-details/5398
2026-02-12 19:55:13,849 - committee_scraper - WARNING - Missing User: Mr Les Govender | Search Key: lgovender | Parsed: {'title': 'mr', 'first_name': 'Les', 'last_name': 'Govender'} | Profile: https://www.parliament.gov.za/person-details/5508
2026-02-12 19:55:13,849 - committee_scraper - WARNING - Missing User: Adv Inkosi Mwelo Nonkonyana | Search Key: inonkonyana | Parsed: {'title': 'adv', 'first_name': 'Inkosi', 'last_name': 'Mwelo Nonkonyana'} | Profile: https://www.parliament.gov.za/person-details/5398
2026-02-12 19:55:13,849 - committee_scraper - WARNING - Missing User: Inkosi Russel Nsikayezwe Cebekhulu | Search Key: icebekhulu | Parsed: {'title': '', 'first_name': 'Inkosi', 'last_name': 'Russel Nsikayezwe Cebekhulu'} | Profile: https://www.parliament.gov.za/person-details/5349
2026-02-12 19:55:13,850 - committee_scraper - WARNING - Missing User: Ms Mabel Rweqana | Search Key: mrweqana | Parsed: {'title': 'ms', 'first_name': 'Mabel', 'last_name': 'Rweqana'} | Profile: https://www.parliament.gov.za/person-details/6115
2026-02-12 19:55:13,850 - committee_scraper - WARNING - Missing User: Inkosi Russel Nsikayezwe Cebekhulu | Search Key: icebekhulu | Parsed: {'title': '', 'first_name': 'Inkosi', 'last_name': 'Russel Nsikayezwe Cebekhulu'} | Profile: https://www.parliament.gov.za/person-details/5349
2026-02-12 19:55:13,850 - committee_scraper - WARNING - Missing User: Mr Jerome Sibongiseni Majola | Search Key: jmajola | Parsed: {'title': 'mr', 'first_name': 'Jerome', 'last_name': 'Sibongiseni Majola'} | Profile: https://www.parliament.gov.za/person-details/6065
2026-02-12 19:55:13,850 - committee_scraper - WARNING - Missing User: Ms Dianne Kohler | Search Key: dkohler | Parsed: {'title': 'ms', 'first_name': 'Dianne', 'last_name': 'Kohler'} | Profile: https://www.parliament.gov.za/person-details/5884
2026-02-12 19:55:13,850 - committee_scraper - WARNING - Missing User: Mr Lehlohonolo Daniel Selepe | Search Key: lselepe | Parsed: {'title': 'mr', 'first_name': 'Lehlohonolo', 'last_name': 'Daniel Selepe'} | Profile: https://www.parliament.gov.za/person-details/6116
2026-02-12 19:55:13,850 - committee_scraper - WARNING - Missing User: Rev Kenneth Raselabe Joseph Meshoe | Search Key: rmeshoe | Parsed: {'title': '', 'first_name': 'Rev', 'last_name': 'Kenneth Raselabe Joseph Meshoe'} | Profile: https://www.parliament.gov.za/person-details/5847
2026-02-12 19:55:13,850 - committee_scraper - WARNING - Missing User: Mrs Désirée van der Walt | Search Key: dwalt | Parsed: {'title': 'mrs', 'first_name': 'Désirée', 'last_name': 'van der Walt'} | Profile: https://www.parliament.gov.za/person-details/5236
2026-02-12 19:55:13,850 - committee_scraper - WARNING - Missing User: Adv Inkosi Mwelo Nonkonyana | Search Key: inonkonyana | Parsed: {'title': 'adv', 'first_name': 'Inkosi', 'last_name': 'Mwelo Nonkonyana'} | Profile: https://www.parliament.gov.za/person-details/5398
2026-02-12 19:55:13,851 - committee_scraper - WARNING - Missing User: Mrs Désirée van der Walt | Search Key: dwalt | Parsed: {'title': 'mrs', 'first_name': 'Désirée', 'last_name': 'van der Walt'} | Profile: https://www.parliament.gov.za/person-details/5236
2026-02-12 19:55:13,851 - committee_scraper - WARNING - Missing User: Rev Nhlanhla Bernard Gcwabaza | Search Key: rgcwabaza | Parsed: {'title': '', 'first_name': 'Rev', 'last_name': 'Nhlanhla Bernard Gcwabaza'} | Profile: https://www.parliament.gov.za/person-details/6073
2026-02-12 19:55:13,851 - committee_scraper - WARNING - Missing User: Mr Muzi Khoza | Search Key: mkhoza | Parsed: {'title': 'mr', 'first_name': 'Muzi', 'last_name': 'Khoza'} | Profile: https://www.parliament.gov.za/person-details/9198
2026-02-12 19:55:13,851 - committee_scraper - WARNING - Missing User: Rev Nhlanhla Bernard Gcwabaza | Search Key: rgcwabaza | Parsed: {'title': '', 'first_name': 'Rev', 'last_name': 'Nhlanhla Bernard Gcwabaza'} | Profile: https://www.parliament.gov.za/person-details/6073
2026-02-12 19:55:13,851 - committee_scraper - WARNING - Missing User: Inkosi Ntuthukoyezwe Zuzifa Buthelezi | Search Key: ibuthelezi | Parsed: {'title': '', 'first_name': 'Inkosi', 'last_name': 'Ntuthukoyezwe Zuzifa Buthelezi'} | Profile: https://www.parliament.gov.za/person-details/5319
2026-02-12 19:55:13,851 - committee_scraper - WARNING - Missing User: Mr Tshepo Lucky Montana | Search Key: tmontana | Parsed: {'title': 'mr', 'first_name': 'Tshepo', 'last_name': 'Lucky Montana'} | Profile: https://www.parliament.gov.za/person-details/8200
2026-02-12 19:55:13,851 - committee_scraper - WARNING - Missing User: Inkosi Ntuthukoyezwe Zuzifa Buthelezi | Search Key: ibuthelezi | Parsed: {'title': '', 'first_name': 'Inkosi', 'last_name': 'Ntuthukoyezwe Zuzifa Buthelezi'} | Profile: https://www.parliament.gov.za/person-details/5319
2026-02-12 19:55:13,851 - committee_scraper - WARNING - Missing User: Mr Jerome Sibongiseni Majola | Search Key: jmajola | Parsed: {'title': 'mr', 'first_name': 'Jerome', 'last_name': 'Sibongiseni Majola'} | Profile: https://www.parliament.gov.za/person-details/6065
2026-02-12 19:55:13,851 - committee_scraper - WARNING - Missing User: Adv Inkosi Mwelo Nonkonyana | Search Key: inonkonyana | Parsed: {'title': 'adv', 'first_name': 'Inkosi', 'last_name': 'Mwelo Nonkonyana'} | Profile: https://www.parliament.gov.za/person-details/5398
2026-02-12 19:55:13,851 - committee_scraper - WARNING - Missing User: Mr Jerome Sibongiseni Majola | Search Key: jmajola | Parsed: {'title': 'mr', 'first_name': 'Jerome', 'last_name': 'Sibongiseni Majola'} | Profile: https://www.parliament.gov.za/person-details/6065
2026-02-12 19:55:13,851 - committee_scraper - WARNING - Missing User: Inkosi Russel Nsikayezwe Cebekhulu | Search Key: icebekhulu | Parsed: {'title': '', 'first_name': 'Inkosi', 'last_name': 'Russel Nsikayezwe Cebekhulu'} | Profile: https://www.parliament.gov.za/person-details/5349
2026-02-12 19:55:13,852 - committee_scraper - WARNING - Missing User: Ms Mabel Rweqana | Search Key: mrweqana | Parsed: {'title': 'ms', 'first_name': 'Mabel', 'last_name': 'Rweqana'} | Profile: https://www.parliament.gov.za/person-details/6115
2026-02-12 19:55:13,852 - committee_scraper - WARNING - Missing User: Mr Willem Abraham Stephanus Aucamp | Search Key: waucamp | Parsed: {'title': 'mr', 'first_name': 'Willem', 'last_name': 'Abraham Stephanus Aucamp'} | Profile: https://www.parliament.gov.za/person-details/5196
2026-02-12 19:55:13,852 - committee_scraper - WARNING - Missing User: Inkosi Russel Nsikayezwe Cebekhulu | Search Key: icebekhulu | Parsed: {'title': '', 'first_name': 'Inkosi', 'last_name': 'Russel Nsikayezwe Cebekhulu'} | Profile: https://www.parliament.gov.za/person-details/5349
2026-02-12 19:55:13,852 - committee_scraper - WARNING - Missing User: Mr Tshepo Lucky Montana | Search Key: tmontana | Parsed: {'title': 'mr', 'first_name': 'Tshepo', 'last_name': 'Lucky Montana'} | Profile: https://www.parliament.gov.za/person-details/8200
2026-02-12 19:55:13,852 - committee_scraper - WARNING - Missing User: Mr Tshepo Lucky Montana | Search Key: tmontana | Parsed: {'title': 'mr', 'first_name': 'Tshepo', 'last_name': 'Lucky Montana'} | Profile: https://www.parliament.gov.za/person-details/8200
2026-02-12 19:55:13,852 - committee_scraper - WARNING - Missing User: Ms Mabel Rweqana | Search Key: mrweqana | Parsed: {'title': 'ms', 'first_name': 'Mabel', 'last_name': 'Rweqana'} | Profile: https://www.parliament.gov.za/person-details/6115
2026-02-12 19:55:13,852 - committee_scraper - WARNING - Missing User: Mr Jerome Sibongiseni Majola | Search Key: jmajola | Parsed: {'title': 'mr', 'first_name': 'Jerome', 'last_name': 'Sibongiseni Majola'} | Profile: https://www.parliament.gov.za/person-details/6065
2026-02-12 19:55:13,852 - committee_scraper - WARNING - Missing User: Mr Tshepo Lucky Montana | Search Key: tmontana | Parsed: {'title': 'mr', 'first_name': 'Tshepo', 'last_name': 'Lucky Montana'} | Profile: https://www.parliament.gov.za/person-details/8200
2026-02-12 19:55:13,852 - committee_scraper - INFO - Scraping completed - Committees: 53, Committees created: 47, Users found: 848, Users not found: 40, Memberships created: 723, Memberships skipped: 40, Errors: 0
