2026-02-12 19:28:21,942 - oracle_user_sync_modern - INFO - [handle:157] - Starting Oracle user sync
2026-02-12 19:28:21,942 - oracle_user_sync_modern - INFO - [connect_to_oracle:204] - 🔧 Using modern oracledb library
2026-02-12 19:28:21,942 - oracle_user_sync_modern - INFO - [connect_to_oracle:207] - 🔧 Initializing Oracle thick mode (required for network encryption)...
2026-02-12 19:28:21,949 - oracle_user_sync_modern - INFO - [connect_to_oracle:249] - ✅ Initialized Oracle thick mode (method 1)
2026-02-12 19:28:22,143 - oracle_user_sync_modern - INFO - [connect_to_oracle:316] - ✅ Connected using modern oracledb (method 1)
2026-02-12 19:28:22,148 - oracle_user_sync_modern - INFO - [connect_to_oracle:344] -   Successfully connected to Oracle database
2026-02-12 19:28:22,148 - oracle_user_sync_modern - INFO - [sync_users_and_groups:705] - 🔄 Starting comprehensive user and group synchronization...
2026-02-12 19:28:22,148 - oracle_user_sync_modern - INFO - [fetch_oracle_users:374] - 
2026-02-12 19:28:22,715 - oracle_user_sync_modern - INFO - [fetch_oracle_users:409] - 📊 Fetched 1585 unique users from Oracle
2026-02-12 19:28:22,715 - oracle_user_sync_modern - INFO - [get_or_create_groups:418] - 🏛️  Setting up parliamentary groups...
2026-02-12 19:28:22,725 - oracle_user_sync_modern - INFO - [get_or_create_roles:484] - 👥 Setting up parliamentary roles...
2026-02-12 19:28:22,794 - oracle_user_sync_modern - INFO - [sync_users_and_groups:723] - 📊 Found 0 existing users in local database
2026-02-12 19:28:22,795 - oracle_user_sync_modern - INFO - [sync_users_and_groups:731] - 📦 Processing 1585 users in 16 batches
2026-02-12 19:28:22,795 - oracle_user_sync_modern - INFO - [sync_users_and_groups:740] - 🔄 Processing batch 1/16 (100 users)
2026-02-12 19:28:22,818 - oracle_user_sync_modern - INFO - [process_single_user:956] - 🔄 Updated user AABBAS: party:  -> None
2026-02-12 19:28:22,838 - oracle_user_sync_modern - INFO - [process_single_user:956] - 🔄 Updated user AABRAHAMS: party:  -> None
2026-02-12 19:28:22,880 - oracle_user_sync_modern - INFO - [process_single_user:956] - 🔄 Updated user BRABRAHAMS: party:  -> None
2026-02-12 19:28:22,920 - oracle_user_sync_modern - INFO - [process_single_user:956] - 🔄 Updated user EABRAHAMS: party:  -> None
2026-02-12 19:28:22,961 - oracle_user_sync_modern - INFO - [process_single_user:956] - 🔄 Updated user KAABRAHAMS: party:  -> None
2026-02-12 19:28:22,986 - oracle_user_sync_modern - INFO - [process_single_user:956] - 🔄 Updated user SHABRAHAMS: party:  -> None
2026-02-12 19:28:23,006 - oracle_user_sync_modern - INFO - [process_single_user:956] - 🔄 Updated user VABRAHAMS: party:  -> None
2026-02-12 19:28:23,023 - oracle_user_sync_modern - INFO - [process_single_user:956] - 🔄 Updated user AABUDULAI: party:  -> None
2026-02-12 19:28:23,043 - oracle_user_sync_modern - INFO - [process_single_user:956] - 🔄 Updated user BADAMS: party:  -> None
2026-02-12 19:28:23,069 - oracle_user_sync_modern - INFO - [process_single_user:956] - 🔄 Updated user GADAMS: party:  -> None
2026-02-12 19:28:23,088 - oracle_user_sync_modern - INFO - [process_single_user:956] - 🔄 Updated user HADAMS: party:  -> None
2026-02-12 19:28:23,107 - oracle_user_sync_modern - INFO - [process_single_user:956] - 🔄 Updated user LAADAMS: party:  -> None
2026-02-12 19:28:23,128 - oracle_user_sync_modern - INFO - [process_single_user:956] - 🔄 Updated user AADONIS: party:  -> None
2026-02-12 19:28:23,157 - oracle_user_sync_modern - INFO - [process_single_user:956] - 🔄 Updated user JADONIS: party:  -> None
2026-02-12 19:28:23,199 - oracle_user_sync_modern - INFO - [process_single_user:956] - 🔄 Updated user NAFRICA: party:  -> None
2026-02-12 19:28:23,226 - oracle_user_sync_modern - INFO - [process_single_user:956] - 🔄 Updated user NALBERT: party:  -> None
2026-02-12 19:28:23,251 - oracle_user_sync_modern - INFO - [process_single_user:956] - 🔄 Updated user GALBERTS: party:  -> None
2026-02-12 19:28:23,275 - oracle_user_sync_modern - INFO - [process_single_user:956] - 🔄 Updated user GALBERTYN: party:  -> None
2026-02-12 19:28:23,303 - oracle_user_sync_modern - INFO - [process_single_user:956] - 🔄 Updated user SALLY: party:  -> None
2026-02-12 19:28:23,333 - oracle_user_sync_modern - INFO - [process_single_user:956] - 🔄 Updated user NANDREKA: party:  -> None
2026-02-12 19:28:23,363 - oracle_user_sync_modern - INFO - [process_single_user:956] - 🔄 Updated user VANDRIES: party:  -> None
2026-02-12 19:28:23,392 - oracle_user_sync_modern - INFO - [process_single_user:956] - 🔄 Updated user LONRUST: party:  -> None
2026-02-12 19:28:23,420 - oracle_user_sync_modern - INFO - [process_single_user:956] - 🔄 Updated user YAPOLISI: party:  -> None
2026-02-12 19:28:23,449 - oracle_user_sync_modern - INFO - [process_single_user:956] - 🔄 Updated user CARENDS: party:  -> None
2026-02-12 19:28:23,485 - oracle_user_sync_modern - INFO - [process_single_user:956] - 🔄 Updated user DAARENDS: party:  -> None
2026-02-12 19:28:23,513 - oracle_user_sync_modern - INFO - [process_single_user:956] - 🔄 Updated user AARENDSE: party:  -> None
2026-02-12 19:28:23,549 - oracle_user_sync_modern - INFO - [process_single_user:956] - 🔄 Updated user DARENDSE: party:  -> None
2026-02-12 19:28:23,586 - oracle_user_sync_modern - INFO - [process_single_user:956] - 🔄 Updated user LARENDSE: party:  -> None
2026-02-12 19:28:23,609 - oracle_user_sync_modern - INFO - [process_single_user:956] - 🔄 Updated user MGARENDSE: party:  -> None
2026-02-12 19:28:23,630 - oracle_user_sync_modern - INFO - [process_single_user:956] - 🔄 Updated user TARENDSE: party:  -> None
2026-02-12 19:28:23,657 - oracle_user_sync_modern - INFO - [process_single_user:956] - 🔄 Updated user JARENZ: party:  -> None
2026-02-12 19:28:23,684 - oracle_user_sync_modern - INFO - [process_single_user:956] - 🔄 Updated user AARNOLD: party:  -> None
2026-02-12 19:28:23,708 - oracle_user_sync_modern - INFO - [process_single_user:956] - 🔄 Updated user ZARNOLD: party:  -> None
2026-02-12 19:28:23,735 - oracle_user_sync_modern - INFO - [process_single_user:956] - 🔄 Updated user MAUCAMP: party:  -> None
2026-02-12 19:28:23,764 - oracle_user_sync_modern - INFO - [process_single_user:956] - 🔄 Updated user NAYFORD: party:  -> None
2026-02-12 19:28:23,797 - oracle_user_sync_modern - INFO - [process_single_user:956] - 🔄 Updated user RAZZAKANI: party:  -> None
2026-02-12 19:28:23,830 - oracle_user_sync_modern - INFO - [process_single_user:956] - 🔄 Updated user BBAATJIES: party:  -> None
2026-02-12 19:28:23,856 - oracle_user_sync_modern - INFO - [process_single_user:956] - 🔄 Updated user SBABA: party:  -> None
2026-02-12 19:28:23,889 - oracle_user_sync_modern - INFO - [process_single_user:956] - 🔄 Updated user NBADUZA: party:  -> None
2026-02-12 19:28:23,914 - oracle_user_sync_modern - INFO - [process_single_user:956] - 🔄 Updated user SBAGLEY: party:  -> None
2026-02-12 19:28:23,940 - oracle_user_sync_modern - INFO - [process_single_user:956] - 🔄 Updated user NMARAIS: party:  -> None
2026-02-12 19:28:23,968 - oracle_user_sync_modern - INFO - [process_single_user:956] - 🔄 Updated user LBALFOUR: party:  -> None
2026-02-12 19:28:23,992 - oracle_user_sync_modern - INFO - [process_single_user:956] - 🔄 Updated user CBALIE: party:  -> None
2026-02-12 19:28:24,022 - oracle_user_sync_modern - INFO - [process_single_user:956] - 🔄 Updated user MBALIE: party:  -> None
2026-02-12 19:28:24,048 - oracle_user_sync_modern - INFO - [process_single_user:956] - 🔄 Updated user HLBALOYI: party:  -> None
2026-02-12 19:28:24,073 - oracle_user_sync_modern - INFO - [process_single_user:956] - 🔄 Updated user NBANDI: party:  -> None
2026-02-12 19:28:24,097 - oracle_user_sync_modern - INFO - [process_single_user:956] - 🔄 Updated user CBANGANI: party:  -> None
2026-02-12 19:28:24,122 - oracle_user_sync_modern - INFO - [process_single_user:956] - 🔄 Updated user KBANGE: party:  -> None
2026-02-12 19:28:24,149 - oracle_user_sync_modern - INFO - [process_single_user:956] - 🔄 Updated user NBARLOW: party:  -> None
2026-02-12 19:28:24,175 - oracle_user_sync_modern - INFO - [process_single_user:956] - 🔄 Updated user ABARNARD: party:  -> None
2026-02-12 19:28:24,197 - oracle_user_sync_modern - INFO - [process_single_user:956] - 🔄 Updated user SBARNES: party:  -> None
2026-02-12 19:28:24,222 - oracle_user_sync_modern - INFO - [process_single_user:956] - 🔄 Updated user RBASARDIEN: party:  -> None
2026-02-12 19:28:24,258 - oracle_user_sync_modern - INFO - [process_single_user:956] - 🔄 Updated user BBASHE: party:  -> None
2026-02-12 19:28:24,288 - oracle_user_sync_modern - INFO - [process_single_user:956] - 🔄 Updated user STYHOMFA: party:  -> None
2026-02-12 19:28:24,321 - oracle_user_sync_modern - INFO - [process_single_user:956] - 🔄 Updated user JBASSUDAY: party:  -> None
2026-02-12 19:28:24,347 - oracle_user_sync_modern - INFO - [process_single_user:956] - 🔄 Updated user NBATALA: party:  -> None
2026-02-12 19:28:24,372 - oracle_user_sync_modern - INFO - [process_single_user:956] - 🔄 Updated user NBAVUMA: party:  -> None
2026-02-12 19:28:24,396 - oracle_user_sync_modern - INFO - [process_single_user:956] - 🔄 Updated user ABAWA: party:  -> None
2026-02-12 19:28:24,419 - oracle_user_sync_modern - INFO - [process_single_user:956] - 🔄 Updated user EBAZIER: party:  -> None
2026-02-12 19:28:24,446 - oracle_user_sync_modern - INFO - [process_single_user:956] - 🔄 Updated user SNARIAN: party:  -> None
2026-02-12 19:28:24,471 - oracle_user_sync_modern - INFO - [process_single_user:956] - 🔄 Updated user LBEN: party:  -> None
2026-02-12 19:28:24,498 - oracle_user_sync_modern - INFO - [process_single_user:956] - 🔄 Updated user NBERRY: party:  -> None
2026-02-12 19:28:24,521 - oracle_user_sync_modern - INFO - [process_single_user:956] - 🔄 Updated user TBETA: party:  -> None
2026-02-12 19:28:24,545 - oracle_user_sync_modern - INFO - [process_single_user:956] - 🔄 Updated user NBETANA: party:  -> None
2026-02-12 19:28:24,570 - oracle_user_sync_modern - INFO - [process_single_user:956] - 🔄 Updated user MBEUKES: party:  -> None
2026-02-12 19:28:24,597 - oracle_user_sync_modern - INFO - [process_single_user:956] - 🔄 Updated user CBHENGU: party:  -> None
2026-02-12 19:28:24,627 - oracle_user_sync_modern - INFO - [process_single_user:956] - 🔄 Updated user DBILLY: party:  -> None
2026-02-12 19:28:24,655 - oracle_user_sync_modern - INFO - [process_single_user:956] - 🔄 Updated user CBIRCH: party:  -> None
2026-02-12 19:28:24,683 - oracle_user_sync_modern - INFO - [process_single_user:956] - 🔄 Updated user NBITYASHE: party:  -> None
2026-02-12 19:28:24,704 - oracle_user_sync_modern - INFO - [process_single_user:956] - 🔄 Updated user TBLOEM: party:  -> None
2026-02-12 19:28:24,732 - oracle_user_sync_modern - INFO - [process_single_user:956] - 🔄 Updated user SBLOWU: party:  -> None
2026-02-12 19:28:24,753 - oracle_user_sync_modern - INFO - [process_single_user:956] - 🔄 Updated user TBOBELO: party:  -> None
2026-02-12 19:28:24,787 - oracle_user_sync_modern - INFO - [process_single_user:956] - 🔄 Updated user GBOOI: party:  -> None
2026-02-12 19:28:24,814 - oracle_user_sync_modern - INFO - [process_single_user:956] - 🔄 Updated user PBOOI: party:  -> None
2026-02-12 19:28:24,837 - oracle_user_sync_modern - INFO - [process_single_user:956] - 🔄 Updated user LBOPAPE: party:  -> None
2026-02-12 19:28:24,863 - oracle_user_sync_modern - INFO - [process_single_user:956] - 🔄 Updated user NBORCHARD: party:  -> None
2026-02-12 19:28:24,867 - oracle_user_sync_modern - INFO - [sync_users_and_groups:740] - 🔄 Processing batch 2/16 (100 users)
2026-02-12 19:28:24,894 - oracle_user_sync_modern - INFO - [process_single_user:956] - 🔄 Updated user EBOSKATI: party:  -> None
2026-02-12 19:28:24,917 - oracle_user_sync_modern - INFO - [process_single_user:956] - 🔄 Updated user JBOSMAN: party:  -> None
2026-02-12 19:28:24,941 - oracle_user_sync_modern - INFO - [process_single_user:956] - 🔄 Updated user ABOSS: party:  -> None
2026-02-12 19:28:24,966 - oracle_user_sync_modern - INFO - [process_single_user:956] - 🔄 Updated user NBOTHA: party:  -> None
2026-02-12 19:28:24,992 - oracle_user_sync_modern - INFO - [process_single_user:956] - 🔄 Updated user TBOTTOMAN: party:  -> None
2026-02-12 19:28:25,016 - oracle_user_sync_modern - INFO - [process_single_user:956] - 🔄 Updated user MBOUGAARD: party:  -> None
2026-02-12 19:28:25,042 - oracle_user_sync_modern - INFO - [process_single_user:956] - 🔄 Updated user SBOWERS: party:  -> None
2026-02-12 19:28:25,064 - oracle_user_sync_modern - INFO - [process_single_user:956] - 🔄 Updated user DBOWMAN: party:  -> None
2026-02-12 19:28:25,091 - oracle_user_sync_modern - INFO - [process_single_user:956] - 🔄 Updated user SBRAAF: party:  -> None
2026-02-12 19:28:25,112 - oracle_user_sync_modern - INFO - [process_single_user:956] - 🔄 Updated user LBRAMWELL: party:  -> None
2026-02-12 19:28:25,134 - oracle_user_sync_modern - INFO - [process_single_user:956] - 🔄 Updated user MABRANDT: party:  -> None
2026-02-12 19:28:25,157 - oracle_user_sync_modern - INFO - [process_single_user:956] - 🔄 Updated user DEBREDENKAMP: party:  -> None
2026-02-12 19:28:25,184 - oracle_user_sync_modern - INFO - [process_single_user:956] - 🔄 Updated user LBRIAN: party:  -> None
2026-02-12 19:28:25,207 - oracle_user_sync_modern - INFO - [process_single_user:956] - 🔄 Updated user LBROWN: party:  -> None
2026-02-12 19:28:25,231 - oracle_user_sync_modern - INFO - [process_single_user:956] - 🔄 Updated user SBROWN: party:  -> None
2026-02-12 19:28:25,258 - oracle_user_sync_modern - INFO - [process_single_user:956] - 🔄 Updated user YBROWN: party:  -> None
2026-02-12 19:28:25,286 - oracle_user_sync_modern - INFO - [process_single_user:956] - 🔄 Updated user FBULAWA: party:  -> None
2026-02-12 19:28:25,314 - oracle_user_sync_modern - INFO - [process_single_user:956] - 🔄 Updated user HBURGER: party:  -> None
2026-02-12 19:28:25,351 - oracle_user_sync_modern - INFO - [process_single_user:956] - 🔄 Updated user KBUSO: party:  -> None
2026-02-12 19:28:25,382 - oracle_user_sync_modern - INFO - [process_single_user:956] - 🔄 Updated user RBUTHELEZI: party:  -> None
2026-02-12 19:28:25,407 - oracle_user_sync_modern - INFO - [process_single_user:956] - 🔄 Updated user SIBUTHELEZI: party:  -> None
2026-02-12 19:28:25,435 - oracle_user_sync_modern - INFO - [process_single_user:956] - 🔄 Updated user MBUYEPHI: party:  -> None
2026-02-12 19:28:25,457 - oracle_user_sync_modern - INFO - [process_single_user:956] - 🔄 Updated user BCABANGANA: party:  -> None
2026-02-12 19:28:25,486 - oracle_user_sync_modern - INFO - [process_single_user:956] - 🔄 Updated user BCADMAN: party:  -> None
2026-02-12 19:28:25,514 - oracle_user_sync_modern - INFO - [process_single_user:956] - 🔄 Updated user CCAMPBELL: party:  -> None
2026-02-12 19:28:25,543 - oracle_user_sync_modern - INFO - [process_single_user:956] - 🔄 Updated user SCAMPHER: party:  -> None
2026-02-12 19:28:25,567 - oracle_user_sync_modern - INFO - [process_single_user:956] - 🔄 Updated user LCARELSE: party:  -> None
2026-02-12 19:28:25,594 - oracle_user_sync_modern - INFO - [process_single_user:956] - 🔄 Updated user VCARELSE: party:  -> None
2026-02-12 19:28:25,620 - oracle_user_sync_modern - INFO - [process_single_user:956] - 🔄 Updated user JNYMAN: party:  -> None
2026-02-12 19:28:25,647 - oracle_user_sync_modern - INFO - [process_single_user:956] - 🔄 Updated user SCASOOJEE: party:  -> None
2026-02-12 19:28:25,671 - oracle_user_sync_modern - INFO - [process_single_user:956] - 🔄 Updated user SCASSIEM: party:  -> None
2026-02-12 19:28:25,694 - oracle_user_sync_modern - INFO - [process_single_user:956] - 🔄 Updated user TCASSISA: party:  -> None
2026-02-12 19:28:25,715 - oracle_user_sync_modern - INFO - [process_single_user:956] - 🔄 Updated user TCAWE: party:  -> None
2026-02-12 19:28:25,742 - oracle_user_sync_modern - INFO - [process_single_user:956] - 🔄 Updated user ZCAWE: party:  -> None
2026-02-12 19:28:25,771 - oracle_user_sync_modern - INFO - [process_single_user:956] - 🔄 Updated user ZCELE: party:  -> None
2026-02-12 19:28:25,796 - oracle_user_sync_modern - INFO - [process_single_user:956] - 🔄 Updated user YCELE: party:  -> None
2026-02-12 19:28:25,822 - oracle_user_sync_modern - INFO - [process_single_user:956] - 🔄 Updated user NCENGE: party:  -> None
2026-02-12 19:28:25,850 - oracle_user_sync_modern - INFO - [process_single_user:956] - 🔄 Updated user GCHABALALA: party:  -> None
2026-02-12 19:28:25,880 - oracle_user_sync_modern - INFO - [process_single_user:956] - 🔄 Updated user JCHARLES: party:  -> None
2026-02-12 19:28:25,915 - oracle_user_sync_modern - INFO - [process_single_user:956] - 🔄 Updated user NCHASO: party:  -> None
2026-02-12 19:28:25,944 - oracle_user_sync_modern - INFO - [process_single_user:956] - 🔄 Updated user TCHAWUKE: party:  -> None
2026-02-12 19:28:26,038 - oracle_user_sync_modern - INFO - [process_single_user:956] - 🔄 Updated user GCHOBOKOANE: party:  -> None
2026-02-12 19:28:26,123 - oracle_user_sync_modern - INFO - [process_single_user:956] - 🔄 Updated user MCHOKWE: party:  -> None
2026-02-12 19:28:26,208 - oracle_user_sync_modern - INFO - [process_single_user:956] - 🔄 Updated user ACHOOLAN: party:  -> None
2026-02-12 19:28:26,310 - oracle_user_sync_modern - INFO - [process_single_user:956] - 🔄 Updated user KCHRISTIANS: party:  -> None
2026-02-12 19:28:26,373 - oracle_user_sync_modern - INFO - [process_single_user:956] - 🔄 Updated user SCHUENE: party:  -> None
2026-02-12 19:28:26,471 - oracle_user_sync_modern - INFO - [process_single_user:956] - 🔄 Updated user NCISHE: party:  -> None
2026-02-12 19:28:26,564 - oracle_user_sync_modern - INFO - [process_single_user:956] - 🔄 Updated user LCLAASSEN: party:  -> None
2026-02-12 19:28:26,639 - oracle_user_sync_modern - INFO - [process_single_user:956] - 🔄 Updated user ACLARK: party:  -> None
2026-02-12 19:28:26,718 - oracle_user_sync_modern - INFO - [process_single_user:956] - 🔄 Updated user FCLAYTON: party:  -> None
2026-02-12 19:28:26,799 - oracle_user_sync_modern - INFO - [process_single_user:956] - 🔄 Updated user NCLOETE: party:  -> None
2026-02-12 19:28:26,864 - oracle_user_sync_modern - INFO - [process_single_user:956] - 🔄 Updated user PCLOETE: party:  -> None
2026-02-12 19:28:26,965 - oracle_user_sync_modern - INFO - [process_single_user:956] - 🔄 Updated user MCOLLINS: party:  -> None
2026-02-12 19:28:27,080 - oracle_user_sync_modern - INFO - [process_single_user:956] - 🔄 Updated user SCONSTABLE: party:  -> None
2026-02-12 19:28:27,214 - oracle_user_sync_modern - INFO - [process_single_user:956] - 🔄 Updated user CCUPIDO: party:  -> None
2026-02-12 19:28:27,331 - oracle_user_sync_modern - INFO - [process_single_user:956] - 🔄 Updated user JCORNISH: party:  -> None
2026-02-12 19:28:27,453 - oracle_user_sync_modern - INFO - [process_single_user:956] - 🔄 Updated user SCREIGHTON: party:  -> None
2026-02-12 19:28:27,546 - oracle_user_sync_modern - INFO - [process_single_user:956] - 🔄 Updated user CCUBA: party:  -> None
2026-02-12 19:28:27,614 - oracle_user_sync_modern - INFO - [process_single_user:956] - 🔄 Updated user CCUIENS: party:  -> None
2026-02-12 19:28:27,684 - oracle_user_sync_modern - INFO - [process_single_user:956] - 🔄 Updated user ACUPIDO: party:  -> None
2026-02-12 19:28:27,774 - oracle_user_sync_modern - INFO - [process_single_user:956] - 🔄 Updated user GCUPIDO: party:  -> None
2026-02-12 19:28:27,836 - oracle_user_sync_modern - INFO - [process_single_user:956] - 🔄 Updated user YCURNOW: party:  -> None
2026-02-12 19:28:27,888 - oracle_user_sync_modern - INFO - [process_single_user:956] - 🔄 Updated user SCURRAN: party:  -> None
2026-02-12 19:28:27,957 - oracle_user_sync_modern - INFO - [process_single_user:956] - 🔄 Updated user TCURRAN: party:  -> None
2026-02-12 19:28:28,003 - oracle_user_sync_modern - INFO - [process_single_user:956] - 🔄 Updated user WDASILVA: party:  -> None
2026-02-12 19:28:28,080 - oracle_user_sync_modern - INFO - [process_single_user:956] - 🔄 Updated user PDADLANA: party:  -> None
2026-02-12 19:28:28,132 - oracle_user_sync_modern - INFO - [process_single_user:956] - 🔄 Updated user NDALIWE: party:  -> None
2026-02-12 19:28:28,196 - oracle_user_sync_modern - INFO - [process_single_user:956] - 🔄 Updated user MDAMON: party:  -> None
2026-02-12 19:28:28,266 - oracle_user_sync_modern - INFO - [process_single_user:956] - 🔄 Updated user CDAMONS: party:  -> None
2026-02-12 19:28:28,296 - oracle_user_sync_modern - INFO - [process_single_user:956] - 🔄 Updated user IDAMONS: party:  -> None
2026-02-12 19:28:28,349 - oracle_user_sync_modern - INFO - [process_single_user:956] - 🔄 Updated user LDANIEL: party:  -> None
2026-02-12 19:28:28,380 - oracle_user_sync_modern - INFO - [process_single_user:956] - 🔄 Updated user NDANIELS: party:  -> None
2026-02-12 19:28:28,404 - oracle_user_sync_modern - INFO - [process_single_user:956] - 🔄 Updated user YDANIELS: party:  -> None
2026-02-12 19:28:28,444 - oracle_user_sync_modern - INFO - [process_single_user:956] - 🔄 Updated user NDANISO: party:  -> None
2026-02-12 19:28:28,465 - oracle_user_sync_modern - INFO - [process_single_user:956] - 🔄 Updated user MDANO: party:  -> None
2026-02-12 19:28:28,494 - oracle_user_sync_modern - INFO - [process_single_user:956] - 🔄 Updated user ZVANDERMEULEN: party:  -> None
2026-02-12 19:28:28,518 - oracle_user_sync_modern - INFO - [process_single_user:956] - 🔄 Updated user SDEBOER: party:  -> None
2026-02-12 19:28:28,521 - oracle_user_sync_modern - INFO - [sync_users_and_groups:740] - 🔄 Processing batch 3/16 (100 users)
2026-02-12 19:28:28,549 - oracle_user_sync_modern - INFO - [process_single_user:956] - 🔄 Updated user ZDEBRUYN: party:  -> None
2026-02-12 19:28:28,572 - oracle_user_sync_modern - INFO - [process_single_user:956] - 🔄 Updated user MDELACROES: party:  -> None
2026-02-12 19:28:28,597 - oracle_user_sync_modern - INFO - [process_single_user:956] - 🔄 Updated user DDEVILLIERS: party:  -> None
2026-02-12 19:28:28,624 - oracle_user_sync_modern - INFO - [process_single_user:956] - 🔄 Updated user JDEWEE: party:  -> None
2026-02-12 19:28:28,651 - oracle_user_sync_modern - INFO - [process_single_user:956] - 🔄 Updated user DDELPORT: party:  -> None
2026-02-12 19:28:28,679 - oracle_user_sync_modern - INFO - [process_single_user:956] - 🔄 Updated user SDENYSSEN: party:  -> None
2026-02-12 19:28:28,704 - oracle_user_sync_modern - INFO - [process_single_user:956] - 🔄 Updated user EDEYSEL: party:  -> None
2026-02-12 19:28:28,728 - oracle_user_sync_modern - INFO - [process_single_user:956] - 🔄 Updated user LDEYSEL: party:  -> None
2026-02-12 19:28:28,758 - oracle_user_sync_modern - INFO - [process_single_user:956] - 🔄 Updated user JDICKINSON: party:  -> None
2026-02-12 19:28:28,787 - oracle_user_sync_modern - INFO - [process_single_user:956] - 🔄 Updated user MDIERGAARDT: party:  -> None
2026-02-12 19:28:28,811 - oracle_user_sync_modern - INFO - [process_single_user:956] - 🔄 Updated user MDIETLOFF: party:  -> None
2026-02-12 19:28:28,846 - oracle_user_sync_modern - INFO - [process_single_user:956] - 🔄 Updated user TDIKGACWI: party:  -> None
2026-02-12 19:28:28,877 - oracle_user_sync_modern - INFO - [process_single_user:956] - 🔄 Updated user NDINGINTO: party:  -> None
2026-02-12 19:28:28,908 - oracle_user_sync_modern - INFO - [process_single_user:956] - 🔄 Updated user BDIXON: party:  -> None
2026-02-12 19:28:28,935 - oracle_user_sync_modern - INFO - [process_single_user:956] - 🔄 Updated user GDIXON: party:  -> None
2026-02-12 19:28:28,965 - oracle_user_sync_modern - INFO - [process_single_user:956] - 🔄 Updated user NDIYA: party:  -> None
2026-02-12 19:28:28,987 - oracle_user_sync_modern - INFO - [process_single_user:956] - 🔄 Updated user MDLABAZANA: party:  -> None
2026-02-12 19:28:29,014 - oracle_user_sync_modern - INFO - [process_single_user:956] - 🔄 Updated user SDLADLA: party:  -> None
2026-02-12 19:28:29,037 - oracle_user_sync_modern - INFO - [process_single_user:956] - 🔄 Updated user NDLAKAVU: party:  -> None
2026-02-12 19:28:29,067 - oracle_user_sync_modern - INFO - [process_single_user:956] - 🔄 Updated user BADLAMINI: party:  -> None
2026-02-12 19:28:29,094 - oracle_user_sync_modern - INFO - [process_single_user:956] - 🔄 Updated user MADLAMINI: party:  -> None
2026-02-12 19:28:29,117 - oracle_user_sync_modern - INFO - [process_single_user:956] - 🔄 Updated user MFDLAMINI: party:  -> None
2026-02-12 19:28:29,147 - oracle_user_sync_modern - INFO - [process_single_user:956] - 🔄 Updated user NDLAMINI: party:  -> None
2026-02-12 19:28:29,168 - oracle_user_sync_modern - INFO - [process_single_user:956] - 🔄 Updated user TDLAMINI: party:  -> None
2026-02-12 19:28:29,195 - oracle_user_sync_modern - INFO - [process_single_user:956] - 🔄 Updated user MDLEKEDLA: party:  -> None
2026-02-12 19:28:29,219 - oracle_user_sync_modern - INFO - [process_single_user:956] - 🔄 Updated user ADLOMO: party:  -> None
2026-02-12 19:28:29,245 - oracle_user_sync_modern - INFO - [process_single_user:956] - 🔄 Updated user PDLOMO: party:  -> None
2026-02-12 19:28:29,269 - oracle_user_sync_modern - INFO - [process_single_user:956] - 🔄 Updated user MDLULA: party:  -> None
2026-02-12 19:28:29,295 - oracle_user_sync_modern - INFO - [process_single_user:956] - 🔄 Updated user MDODO: party:  -> None
2026-02-12 19:28:29,319 - oracle_user_sync_modern - INFO - [process_single_user:956] - 🔄 Updated user RDOLBY: party:  -> None
2026-02-12 19:28:29,346 - oracle_user_sync_modern - INFO - [process_single_user:956] - 🔄 Updated user NDOLLIE: party:  -> None
2026-02-12 19:28:29,372 - oracle_user_sync_modern - INFO - [process_single_user:956] - 🔄 Updated user FDOWNS: party:  -> None
2026-02-12 19:28:29,398 - oracle_user_sync_modern - INFO - [process_single_user:956] - 🔄 Updated user SDRAMAT: party:  -> None
2026-02-12 19:28:29,426 - oracle_user_sync_modern - INFO - [process_single_user:956] - 🔄 Updated user JDUPOKOY: party:  -> None
2026-02-12 19:28:29,452 - oracle_user_sync_modern - INFO - [process_single_user:956] - 🔄 Updated user SDUBE: party:  -> None
2026-02-12 19:28:29,476 - oracle_user_sync_modern - INFO - [process_single_user:956] - 🔄 Updated user NDUMAKUDE: party:  -> None
2026-02-12 19:28:29,502 - oracle_user_sync_modern - INFO - [process_single_user:956] - 🔄 Updated user MDUMEZWENI: party:  -> None
2026-02-12 19:28:29,527 - oracle_user_sync_modern - INFO - [process_single_user:956] - 🔄 Updated user MDUNGELO: party:  -> None
2026-02-12 19:28:29,557 - oracle_user_sync_modern - INFO - [process_single_user:956] - 🔄 Updated user BDYANTYI: party:  -> None
2026-02-12 19:28:29,584 - oracle_user_sync_modern - INFO - [process_single_user:956] - 🔄 Updated user GDYERS: party:  -> None
2026-02-12 19:28:29,611 - oracle_user_sync_modern - INFO - [process_single_user:956] - 🔄 Updated user KDYERS: party:  -> None
2026-02-12 19:28:29,632 - oracle_user_sync_modern - INFO - [process_single_user:956] - 🔄 Updated user NDYOMFANA: party:  -> None
2026-02-12 19:28:29,661 - oracle_user_sync_modern - INFO - [process_single_user:956] - 🔄 Updated user NDYONTA: party:  -> None
2026-02-12 19:28:29,685 - oracle_user_sync_modern - INFO - [process_single_user:956] - 🔄 Updated user FEBRAHIM: party:  -> None
2026-02-12 19:28:29,712 - oracle_user_sync_modern - INFO - [process_single_user:956] - 🔄 Updated user SEDEM: party:  -> None
2026-02-12 19:28:29,736 - oracle_user_sync_modern - INFO - [process_single_user:956] - 🔄 Updated user GELIE: party:  -> None
2026-02-12 19:28:29,772 - oracle_user_sync_modern - INFO - [process_single_user:956] - 🔄 Updated user QELIE: party:  -> None
2026-02-12 19:28:29,801 - oracle_user_sync_modern - INFO - [process_single_user:956] - 🔄 Updated user SELIE: party:  -> None
2026-02-12 19:28:29,828 - oracle_user_sync_modern - INFO - [process_single_user:956] - 🔄 Updated user MELOFF: party:  -> None
2026-02-12 19:28:29,855 - oracle_user_sync_modern - INFO - [process_single_user:956] - 🔄 Updated user AKISTEN: party:  -> None
2026-02-12 19:28:29,882 - oracle_user_sync_modern - INFO - [process_single_user:956] - 🔄 Updated user FERASMUS: party:  -> None
2026-02-12 19:28:29,911 - oracle_user_sync_modern - INFO - [process_single_user:956] - 🔄 Updated user GERASMUS: party:  -> None
2026-02-12 19:28:29,939 - oracle_user_sync_modern - INFO - [process_single_user:956] - 🔄 Updated user MERASMUS: party:  -> None
2026-02-12 19:28:29,964 - oracle_user_sync_modern - INFO - [process_single_user:956] - 🔄 Updated user JEVERSON: party:  -> None
2026-02-12 19:28:29,986 - oracle_user_sync_modern - INFO - [process_single_user:956] - 🔄 Updated user LEZIEFOR: party:  -> None
2026-02-12 19:28:30,028 - oracle_user_sync_modern - INFO - [process_single_user:956] - 🔄 Updated user NFAKIER: party:  -> None
2026-02-12 19:28:30,053 - oracle_user_sync_modern - INFO - [process_single_user:956] - 🔄 Updated user HKHUMALO: party:  -> None
2026-02-12 19:28:30,076 - oracle_user_sync_modern - INFO - [process_single_user:956] - 🔄 Updated user SFANA: party:  -> None
2026-02-12 19:28:30,101 - oracle_user_sync_modern - INFO - [process_single_user:956] - 🔄 Updated user MFANELE: party:  -> None
2026-02-12 19:28:30,128 - oracle_user_sync_modern - INFO - [process_single_user:956] - 🔄 Updated user RFAVIERS: party:  -> None
2026-02-12 19:28:30,158 - oracle_user_sync_modern - INFO - [process_single_user:956] - 🔄 Updated user JFEBRUARY: party:  -> None
2026-02-12 19:28:30,190 - oracle_user_sync_modern - INFO - [process_single_user:956] - 🔄 Updated user AFERNANDEZ: party:  -> None
2026-02-12 19:28:30,216 - oracle_user_sync_modern - INFO - [process_single_user:956] - 🔄 Updated user DFIELD: party:  -> None
2026-02-12 19:28:30,245 - oracle_user_sync_modern - INFO - [process_single_user:956] - 🔄 Updated user OFINCA: party:  -> None
2026-02-12 19:28:30,277 - oracle_user_sync_modern - INFO - [process_single_user:956] - 🔄 Updated user NFISA: party:  -> None
2026-02-12 19:28:30,311 - oracle_user_sync_modern - INFO - [process_single_user:956] - 🔄 Updated user EFISHER: party:  -> None
2026-02-12 19:28:30,333 - oracle_user_sync_modern - INFO - [process_single_user:956] - 🔄 Updated user ZFO: party:  -> None
2026-02-12 19:28:30,360 - oracle_user_sync_modern - INFO - [process_single_user:956] - 🔄 Updated user EFORBES: party:  -> None
2026-02-12 19:28:30,389 - oracle_user_sync_modern - INFO - [process_single_user:956] - 🔄 Updated user SFORTUIN: party:  -> None
2026-02-12 19:28:30,415 - oracle_user_sync_modern - INFO - [process_single_user:956] - 🔄 Updated user SFORTUNE: party:  -> None
2026-02-12 19:28:30,438 - oracle_user_sync_modern - INFO - [process_single_user:956] - 🔄 Updated user MFOSTER: party:  -> None
2026-02-12 19:28:30,468 - oracle_user_sync_modern - INFO - [process_single_user:956] - 🔄 Updated user AFOULDIEN: party:  -> None
2026-02-12 19:28:30,494 - oracle_user_sync_modern - INFO - [process_single_user:956] - 🔄 Updated user ZFRANCE: party:  -> None
2026-02-12 19:28:30,518 - oracle_user_sync_modern - INFO - [process_single_user:956] - 🔄 Updated user NFREDERICKS: party:  -> None
2026-02-12 19:28:30,543 - oracle_user_sync_modern - INFO - [process_single_user:956] - 🔄 Updated user SFREEMAN: party:  -> None
2026-02-12 19:28:30,572 - oracle_user_sync_modern - INFO - [process_single_user:956] - 🔄 Updated user SGABIER: party:  -> None
2026-02-12 19:28:30,596 - oracle_user_sync_modern - INFO - [process_single_user:956] - 🔄 Updated user LGABRIEL: party:  -> None
2026-02-12 19:28:30,619 - oracle_user_sync_modern - INFO - [process_single_user:956] - 🔄 Updated user TGADALA: party:  -> None
2026-02-12 19:28:30,648 - oracle_user_sync_modern - INFO - [process_single_user:956] - 🔄 Updated user XGALADA: party:  -> None
2026-02-12 19:28:30,651 - oracle_user_sync_modern - INFO - [sync_users_and_groups:740] - 🔄 Processing batch 4/16 (100 users)
2026-02-12 19:28:30,674 - oracle_user_sync_modern - INFO - [process_single_user:956] - 🔄 Updated user YGAMBENO: party:  -> None
2026-02-12 19:28:30,707 - oracle_user_sync_modern - INFO - [process_single_user:956] - 🔄 Updated user TGANGEN: party:  -> None
2026-02-12 19:28:30,730 - oracle_user_sync_modern - INFO - [process_single_user:956] - 🔄 Updated user AGANIEF: party:  -> None
2026-02-12 19:28:30,760 - oracle_user_sync_modern - INFO - [process_single_user:956] - 🔄 Updated user TGANYAZA-TWALO: party:  -> None
2026-02-12 19:28:30,789 - oracle_user_sync_modern - INFO - [process_single_user:956] - 🔄 Updated user NGCASAMBA: party:  -> None
2026-02-12 19:28:30,819 - oracle_user_sync_modern - INFO - [process_single_user:956] - 🔄 Updated user NGCOLOTELA: party:  -> None
2026-02-12 19:28:30,848 - oracle_user_sync_modern - INFO - [process_single_user:956] - 🔄 Updated user ZGCWABE: party:  -> None
2026-02-12 19:28:30,870 - oracle_user_sync_modern - INFO - [process_single_user:956] - 🔄 Updated user EGENNISON: party:  -> None
2026-02-12 19:28:30,897 - oracle_user_sync_modern - INFO - [process_single_user:956] - 🔄 Updated user TGENU-MQHOMA: party:  -> None
2026-02-12 19:28:30,918 - oracle_user_sync_modern - INFO - [process_single_user:956] - 🔄 Updated user GGEORGE: party:  -> None
2026-02-12 19:28:30,942 - oracle_user_sync_modern - INFO - [process_single_user:956] - 🔄 Updated user XGEORGE: party:  -> None
2026-02-12 19:28:30,980 - oracle_user_sync_modern - INFO - [process_single_user:956] - 🔄 Updated user LGEZA: party:  -> None
2026-02-12 19:28:31,004 - oracle_user_sync_modern - INFO - [process_single_user:956] - 🔄 Updated user NGIBA: party:  -> None
2026-02-12 19:28:31,031 - oracle_user_sync_modern - INFO - [process_single_user:956] - 🔄 Updated user DGILLION: party:  -> None
2026-02-12 19:28:31,056 - oracle_user_sync_modern - INFO - [process_single_user:956] - 🔄 Updated user NGININDZA: party:  -> None
2026-02-12 19:28:31,081 - oracle_user_sync_modern - INFO - [process_single_user:956] - 🔄 Updated user SGOBA: party:  -> None
2026-02-12 19:28:31,105 - oracle_user_sync_modern - INFO - [process_single_user:956] - 🔄 Updated user PGODONGWANA: party:  -> None
2026-02-12 19:28:31,131 - oracle_user_sync_modern - INFO - [process_single_user:956] - 🔄 Updated user ZKALIMASHE: party:  -> None
2026-02-12 19:28:31,156 - oracle_user_sync_modern - INFO - [process_single_user:956] - 🔄 Updated user CGOEIEMAN: party:  -> None
2026-02-12 19:28:31,189 - oracle_user_sync_modern - INFO - [process_single_user:956] - 🔄 Updated user JGOGWANA: party:  -> None
2026-02-12 19:28:31,216 - oracle_user_sync_modern - INFO - [process_single_user:956] - 🔄 Updated user LGOLIATH: party:  -> None
2026-02-12 19:28:31,240 - oracle_user_sync_modern - INFO - [process_single_user:956] - 🔄 Updated user KGORATA: party:  -> None
2026-02-12 19:28:31,265 - oracle_user_sync_modern - INFO - [process_single_user:956] - 🔄 Updated user AGORDON: party:  -> None
2026-02-12 19:28:31,296 - oracle_user_sync_modern - INFO - [process_single_user:956] - 🔄 Updated user RGORDON: party:  -> None
2026-02-12 19:28:31,325 - oracle_user_sync_modern - INFO - [process_single_user:956] - 🔄 Updated user FGOSA: party:  -> None
2026-02-12 19:28:31,351 - oracle_user_sync_modern - INFO - [process_single_user:956] - 🔄 Updated user HGOUWS: party:  -> None
2026-02-12 19:28:31,377 - oracle_user_sync_modern - INFO - [process_single_user:956] - 🔄 Updated user VDEVRIES: party:  -> None
2026-02-12 19:28:31,402 - oracle_user_sync_modern - INFO - [process_single_user:956] - 🔄 Updated user AGOVA: party:  -> None
2026-02-12 19:28:31,436 - oracle_user_sync_modern - INFO - [process_single_user:956] - 🔄 Updated user SGOVENDER: party:  -> None
2026-02-12 19:28:31,464 - oracle_user_sync_modern - INFO - [process_single_user:956] - 🔄 Updated user SUGOVENDER: party:  -> None
2026-02-12 19:28:31,493 - oracle_user_sync_modern - INFO - [process_single_user:956] - 🔄 Updated user KGOVENDER-JONES: party:  -> None
2026-02-12 19:28:31,520 - oracle_user_sync_modern - INFO - [process_single_user:956] - 🔄 Updated user NGQIRANA: party:  -> None
2026-02-12 19:28:31,546 - oracle_user_sync_modern - INFO - [process_single_user:956] - 🔄 Updated user FGREEN: party:  -> None
2026-02-12 19:28:31,569 - oracle_user_sync_modern - INFO - [process_single_user:956] - 🔄 Updated user GGREENFIELD: party:  -> None
2026-02-12 19:28:31,593 - oracle_user_sync_modern - INFO - [process_single_user:956] - 🔄 Updated user AGROENER: party:  -> None
2026-02-12 19:28:31,618 - oracle_user_sync_modern - INFO - [process_single_user:956] - 🔄 Updated user EGRUNEWALD: party:  -> None
2026-02-12 19:28:31,645 - oracle_user_sync_modern - INFO - [process_single_user:956] - 🔄 Updated user TGUBULA: party:  -> None
2026-02-12 19:28:31,671 - oracle_user_sync_modern - INFO - [process_single_user:956] - 🔄 Updated user SGUDULA: party:  -> None
2026-02-12 19:28:31,698 - oracle_user_sync_modern - INFO - [process_single_user:956] - 🔄 Updated user PGUMEDE: party:  -> None
2026-02-12 19:28:31,720 - oracle_user_sync_modern - INFO - [process_single_user:956] - 🔄 Updated user SIGUMEDE: party:  -> None
2026-02-12 19:28:31,746 - oracle_user_sync_modern - INFO - [process_single_user:956] - 🔄 Updated user TMGUMEDE: party:  -> None
2026-02-12 19:28:31,767 - oracle_user_sync_modern - INFO - [process_single_user:956] - 🔄 Updated user NGUSHA: party:  -> None
2026-02-12 19:28:31,793 - oracle_user_sync_modern - INFO - [process_single_user:956] - 🔄 Updated user MGWADELA: party:  -> None
2026-02-12 19:28:31,815 - oracle_user_sync_modern - INFO - [process_single_user:956] - 🔄 Updated user PGWEBU: party:  -> None
2026-02-12 19:28:31,856 - oracle_user_sync_modern - INFO - [process_single_user:956] - 🔄 Updated user KDINGA: party:  -> None
2026-02-12 19:28:31,882 - oracle_user_sync_modern - INFO - [process_single_user:956] - 🔄 Updated user PHAHNDIEK: party:  -> None
2026-02-12 19:28:31,909 - oracle_user_sync_modern - INFO - [process_single_user:956] - 🔄 Updated user THALLEY-STARKEY: party:  -> None
2026-02-12 19:28:31,932 - oracle_user_sync_modern - INFO - [process_single_user:956] - 🔄 Updated user MHALU: party:  -> None
2026-02-12 19:28:31,961 - oracle_user_sync_modern - INFO - [process_single_user:956] - 🔄 Updated user SHANEKOM: party:  -> None
2026-02-12 19:28:32,154 - oracle_user_sync_modern - INFO - [process_single_user:956] - 🔄 Updated user LHARPER: party:  -> None
2026-02-12 19:28:32,176 - oracle_user_sync_modern - INFO - [process_single_user:956] - 🔄 Updated user CHARTOGH: party:  -> None
2026-02-12 19:28:32,195 - oracle_user_sync_modern - INFO - [process_single_user:956] - 🔄 Updated user MHASHE: party:  -> None
2026-02-12 19:28:32,217 - oracle_user_sync_modern - INFO - [process_single_user:956] - 🔄 Updated user MHASSAN: party:  -> None
2026-02-12 19:28:32,238 - oracle_user_sync_modern - INFO - [process_single_user:956] - 🔄 Updated user WHECTOR: party:  -> None
2026-02-12 19:28:32,256 - oracle_user_sync_modern - INFO - [process_single_user:956] - 🔄 Updated user AHENDRICKS: party:  -> None
2026-02-12 19:28:32,274 - oracle_user_sync_modern - INFO - [process_single_user:956] - 🔄 Updated user RHENDRICKS: party:  -> None
2026-02-12 19:28:32,295 - oracle_user_sync_modern - INFO - [process_single_user:956] - 🔄 Updated user LHENDRICKS-SIMMERS: party:  -> None
2026-02-12 19:28:32,317 - oracle_user_sync_modern - INFO - [process_single_user:956] - 🔄 Updated user BHENDRIK: party:  -> None
2026-02-12 19:28:32,338 - oracle_user_sync_modern - INFO - [process_single_user:956] - 🔄 Updated user AHENDRY: party:  -> None
2026-02-12 19:28:32,359 - oracle_user_sync_modern - INFO - [process_single_user:956] - 🔄 Updated user IHENRICI: party:  -> None
2026-02-12 19:28:32,376 - oracle_user_sync_modern - INFO - [process_single_user:956] - 🔄 Updated user JHENSHALL: party:  -> None
2026-02-12 19:28:32,398 - oracle_user_sync_modern - INFO - [process_single_user:956] - 🔄 Updated user THERBERT: party:  -> None
2026-02-12 19:28:32,416 - oracle_user_sync_modern - INFO - [process_single_user:956] - 🔄 Updated user HHERMAN: party:  -> None
2026-02-12 19:28:32,435 - oracle_user_sync_modern - INFO - [process_single_user:956] - 🔄 Updated user AHERMANS: party:  -> None
2026-02-12 19:28:32,454 - oracle_user_sync_modern - INFO - [process_single_user:956] - 🔄 Updated user NOHERMANS: party:  -> None
2026-02-12 19:28:32,470 - oracle_user_sync_modern - INFO - [process_single_user:956] - 🔄 Updated user PHINTSHO: party:  -> None
2026-02-12 19:28:32,487 - oracle_user_sync_modern - INFO - [process_single_user:956] - 🔄 Updated user HHLATANA: party:  -> None
2026-02-12 19:28:32,503 - oracle_user_sync_modern - INFO - [process_single_user:956] - 🔄 Updated user LHLATSHWAYO: party:  -> None
2026-02-12 19:28:32,522 - oracle_user_sync_modern - INFO - [process_single_user:956] - 🔄 Updated user MHLEKISO: party:  -> None
2026-02-12 19:28:32,544 - oracle_user_sync_modern - INFO - [process_single_user:956] - 🔄 Updated user NHLOMBE: party:  -> None
2026-02-12 19:28:32,567 - oracle_user_sync_modern - INFO - [process_single_user:956] - 🔄 Updated user ZHLOPHE: party:  -> None
2026-02-12 19:28:32,588 - oracle_user_sync_modern - INFO - [process_single_user:956] - 🔄 Updated user AHLOTSE: party:  -> None
2026-02-12 19:28:32,617 - oracle_user_sync_modern - INFO - [process_single_user:956] - 🔄 Updated user VHOGANA: party:  -> None
2026-02-12 19:28:32,654 - oracle_user_sync_modern - INFO - [process_single_user:956] - 🔄 Updated user EHOLLIDAY: party:  -> None
2026-02-12 19:28:32,680 - oracle_user_sync_modern - INFO - [process_single_user:956] - 🔄 Updated user VHOLLOWAY: party:  -> None
2026-02-12 19:28:32,701 - oracle_user_sync_modern - INFO - [process_single_user:956] - 🔄 Updated user MHOMANI: party:  -> None
2026-02-12 19:28:32,726 - oracle_user_sync_modern - INFO - [process_single_user:956] - 🔄 Updated user THOOSAIN: party:  -> None
2026-02-12 19:28:32,751 - oracle_user_sync_modern - INFO - [process_single_user:956] - 🔄 Updated user EHOPANE: party:  -> None
2026-02-12 19:28:32,755 - oracle_user_sync_modern - INFO - [sync_users_and_groups:740] - 🔄 Processing batch 5/16 (100 users)
2026-02-12 19:28:32,776 - oracle_user_sync_modern - INFO - [process_single_user:956] - 🔄 Updated user DINTOLL: party:  -> None
2026-02-12 19:28:32,797 - oracle_user_sync_modern - INFO - [process_single_user:956] - 🔄 Updated user SISAAC: party:  -> None
2026-02-12 19:28:32,817 - oracle_user_sync_modern - INFO - [process_single_user:956] - 🔄 Updated user NBANTOM: party:  -> None
2026-02-12 19:28:32,837 - oracle_user_sync_modern - INFO - [process_single_user:956] - 🔄 Updated user NISAACS: party:  -> None
2026-02-12 19:28:32,860 - oracle_user_sync_modern - INFO - [process_single_user:956] - 🔄 Updated user RISAACS: party:  -> None
2026-02-12 19:28:32,882 - oracle_user_sync_modern - INFO - [process_single_user:956] - 🔄 Updated user SHISAACS: party:  -> None
2026-02-12 19:28:32,907 - oracle_user_sync_modern - INFO - [process_single_user:956] - 🔄 Updated user FISMAIL: party:  -> None
2026-02-12 19:28:32,934 - oracle_user_sync_modern - INFO - [process_single_user:956] - 🔄 Updated user NISMAIL: party:  -> None
2026-02-12 19:28:32,959 - oracle_user_sync_modern - INFO - [process_single_user:956] - 🔄 Updated user BJACOBS: party:  -> None
2026-02-12 19:28:32,981 - oracle_user_sync_modern - INFO - [process_single_user:956] - 🔄 Updated user CJACOBS: party:  -> None
2026-02-12 19:28:33,003 - oracle_user_sync_modern - INFO - [process_single_user:956] - 🔄 Updated user DJACOBS: party:  -> None
2026-02-12 19:28:33,026 - oracle_user_sync_modern - INFO - [process_single_user:956] - 🔄 Updated user VJACOBS: party:  -> None
2026-02-12 19:28:33,050 - oracle_user_sync_modern - INFO - [process_single_user:956] - 🔄 Updated user NJADA: party:  -> None
2026-02-12 19:28:33,069 - oracle_user_sync_modern - INFO - [process_single_user:956] - 🔄 Updated user AJAFFER: party:  -> None
2026-02-12 19:28:33,089 - oracle_user_sync_modern - INFO - [process_single_user:956] - 🔄 Updated user MJAKOBS: party:  -> None
2026-02-12 19:28:33,111 - oracle_user_sync_modern - INFO - [process_single_user:956] - 🔄 Updated user VJAKUJA: party:  -> None
2026-02-12 19:28:33,133 - oracle_user_sync_modern - INFO - [process_single_user:956] - 🔄 Updated user LJALISA: party:  -> None
2026-02-12 19:28:33,160 - oracle_user_sync_modern - INFO - [process_single_user:956] - 🔄 Updated user ZJAMES: party:  -> None
2026-02-12 19:28:33,181 - oracle_user_sync_modern - INFO - [process_single_user:956] - 🔄 Updated user WJANSEVANRENSBURG: party:  -> None
2026-02-12 19:28:33,203 - oracle_user_sync_modern - INFO - [process_single_user:956] - 🔄 Updated user VJANSEN: party:  -> None
2026-02-12 19:28:33,224 - oracle_user_sync_modern - INFO - [process_single_user:956] - 🔄 Updated user ZJANSEN: party:  -> None
2026-02-12 19:28:33,243 - oracle_user_sync_modern - INFO - [process_single_user:956] - 🔄 Updated user NJARA: party:  -> None
2026-02-12 19:28:33,264 - oracle_user_sync_modern - INFO - [process_single_user:956] - 🔄 Updated user ZJARDINE: party:  -> None
2026-02-12 19:28:33,286 - oracle_user_sync_modern - INFO - [process_single_user:956] - 🔄 Updated user EJAWOODEEN: party:  -> None
2026-02-12 19:28:33,312 - oracle_user_sync_modern - INFO - [process_single_user:956] - 🔄 Updated user FJENKINS: party:  -> None
2026-02-12 19:28:33,340 - oracle_user_sync_modern - INFO - [process_single_user:956] - 🔄 Updated user SJEZILE: party:  -> None
2026-02-12 19:28:33,371 - oracle_user_sync_modern - INFO - [process_single_user:956] - 🔄 Updated user PJIKELO: party:  -> None
2026-02-12 19:28:33,397 - oracle_user_sync_modern - INFO - [process_single_user:956] - 🔄 Updated user JJOHANNES: party:  -> None
2026-02-12 19:28:33,436 - oracle_user_sync_modern - INFO - [process_single_user:956] - 🔄 Updated user RJOHNSON: party:  -> None
2026-02-12 19:28:33,458 - oracle_user_sync_modern - INFO - [process_single_user:956] - 🔄 Updated user NJOKA: party:  -> None
2026-02-12 19:28:33,482 - oracle_user_sync_modern - INFO - [process_single_user:956] - 🔄 Updated user ZJONASE: party:  -> None
2026-02-12 19:28:33,511 - oracle_user_sync_modern - INFO - [process_single_user:956] - 🔄 Updated user NJONGWANA: party:  -> None
2026-02-12 19:28:33,536 - oracle_user_sync_modern - INFO - [process_single_user:956] - 🔄 Updated user GJOOD: party:  -> None
2026-02-12 19:28:33,569 - oracle_user_sync_modern - INFO - [process_single_user:956] - 🔄 Updated user JJOOSTE: party:  -> None
2026-02-12 19:28:33,597 - oracle_user_sync_modern - INFO - [process_single_user:956] - 🔄 Updated user DJORDAAN: party:  -> None
2026-02-12 19:28:33,623 - oracle_user_sync_modern - INFO - [process_single_user:956] - 🔄 Updated user RJORDAAN: party:  -> None
2026-02-12 19:28:33,643 - oracle_user_sync_modern - INFO - [process_single_user:956] - 🔄 Updated user NJOYI: party:  -> None
2026-02-12 19:28:33,664 - oracle_user_sync_modern - INFO - [process_single_user:956] - 🔄 Updated user FJULIUS: party:  -> None
2026-02-12 19:28:33,689 - oracle_user_sync_modern - INFO - [process_single_user:956] - 🔄 Updated user MKABELI: party:  -> None
2026-02-12 19:28:33,712 - oracle_user_sync_modern - INFO - [process_single_user:956] - 🔄 Updated user AKABINGESI: party:  -> None
2026-02-12 19:28:33,736 - oracle_user_sync_modern - INFO - [process_single_user:956] - 🔄 Updated user NKADER: party:  -> None
2026-02-12 19:28:33,760 - oracle_user_sync_modern - INFO - [process_single_user:956] - 🔄 Updated user RKAFAAR: party:  -> None
2026-02-12 19:28:33,781 - oracle_user_sync_modern - INFO - [process_single_user:956] - 🔄 Updated user AKAKAZA: party:  -> None
2026-02-12 19:28:33,810 - oracle_user_sync_modern - INFO - [process_single_user:956] - 🔄 Updated user NKALIMASHE: party:  -> None
2026-02-12 19:28:33,834 - oracle_user_sync_modern - INFO - [process_single_user:956] - 🔄 Updated user MKANZI: party:  -> None
2026-02-12 19:28:33,868 - oracle_user_sync_modern - INFO - [process_single_user:956] - 🔄 Updated user NKASI: party:  -> None
2026-02-12 19:28:33,892 - oracle_user_sync_modern - INFO - [process_single_user:956] - 🔄 Updated user DKASSAN: party:  -> None
2026-02-12 19:28:33,918 - oracle_user_sync_modern - INFO - [process_single_user:956] - 🔄 Updated user AKEDAMA: party:  -> None
2026-02-12 19:28:33,940 - oracle_user_sync_modern - INFO - [process_single_user:956] - 🔄 Updated user MAKEKANA: party:  -> None
2026-02-12 19:28:33,962 - oracle_user_sync_modern - INFO - [process_single_user:956] - 🔄 Updated user MKEKANA: party:  -> None
2026-02-12 19:28:33,988 - oracle_user_sync_modern - INFO - [process_single_user:956] - 🔄 Updated user TKEPE: party:  -> None
2026-02-12 19:28:34,016 - oracle_user_sync_modern - INFO - [process_single_user:956] - 🔄 Updated user NKETELO: party:  -> None
2026-02-12 19:28:34,042 - oracle_user_sync_modern - INFO - [process_single_user:956] - 🔄 Updated user LKETYE: party:  -> None
2026-02-12 19:28:34,065 - oracle_user_sync_modern - INFO - [process_single_user:956] - 🔄 Updated user TKETYE: party:  -> None
2026-02-12 19:28:34,091 - oracle_user_sync_modern - INFO - [process_single_user:956] - 🔄 Updated user LKGANYAGO: party:  -> None
2026-02-12 19:28:34,117 - oracle_user_sync_modern - INFO - [process_single_user:956] - 🔄 Updated user OKGOPE: party:  -> None
2026-02-12 19:28:34,144 - oracle_user_sync_modern - INFO - [process_single_user:956] - 🔄 Updated user YKHANYE: party:  -> None
2026-02-12 19:28:34,171 - oracle_user_sync_modern - INFO - [process_single_user:956] - 🔄 Updated user SKHESWA: party:  -> None
2026-02-12 19:28:34,194 - oracle_user_sync_modern - INFO - [process_single_user:956] - 🔄 Updated user EKHOSA: party:  -> None
2026-02-12 19:28:34,219 - oracle_user_sync_modern - INFO - [process_single_user:956] - 🔄 Updated user MKHUMALO: party:  -> None
2026-02-12 19:28:34,248 - oracle_user_sync_modern - INFO - [process_single_user:956] - 🔄 Updated user QKHUMALO: party:  -> None
2026-02-12 19:28:34,268 - oracle_user_sync_modern - INFO - [process_single_user:956] - 🔄 Updated user JKHUZWAYO: party:  -> None
2026-02-12 19:28:34,293 - oracle_user_sync_modern - INFO - [process_single_user:956] - 🔄 Updated user SKHUZWAYO: party:  -> None
2026-02-12 19:28:34,314 - oracle_user_sync_modern - INFO - [process_single_user:956] - 🔄 Updated user RKIRSTEN: party:  -> None
2026-02-12 19:28:34,336 - oracle_user_sync_modern - INFO - [process_single_user:956] - 🔄 Updated user GLKLASSEN: party:  -> None
2026-02-12 19:28:34,360 - oracle_user_sync_modern - INFO - [process_single_user:956] - 🔄 Updated user TKLEINHANS: party:  -> None
2026-02-12 19:28:34,386 - oracle_user_sync_modern - INFO - [process_single_user:956] - 🔄 Updated user RKLEYN: party:  -> None
2026-02-12 19:28:34,417 - oracle_user_sync_modern - INFO - [process_single_user:956] - 🔄 Updated user KKOEGELENBERG: party:  -> None
2026-02-12 19:28:34,440 - oracle_user_sync_modern - INFO - [process_single_user:956] - 🔄 Updated user MKOFF: party:  -> None
2026-02-12 19:28:34,464 - oracle_user_sync_modern - INFO - [process_single_user:956] - 🔄 Updated user TKOFF: party:  -> None
2026-02-12 19:28:34,489 - oracle_user_sync_modern - INFO - [process_single_user:956] - 🔄 Updated user AKOK: party:  -> None
2026-02-12 19:28:34,515 - oracle_user_sync_modern - INFO - [process_single_user:956] - 🔄 Updated user NKOMANISI: party:  -> None
2026-02-12 19:28:34,542 - oracle_user_sync_modern - INFO - [process_single_user:956] - 🔄 Updated user LKONDLO: party:  -> None
2026-02-12 19:28:34,568 - oracle_user_sync_modern - INFO - [process_single_user:956] - 🔄 Updated user ZKOSTILE: party:  -> None
2026-02-12 19:28:34,589 - oracle_user_sync_modern - INFO - [process_single_user:956] - 🔄 Updated user AKOTZE: party:  -> None
2026-02-12 19:28:34,619 - oracle_user_sync_modern - INFO - [process_single_user:956] - 🔄 Updated user HKOTZE: party:  -> None
2026-02-12 19:28:34,645 - oracle_user_sync_modern - INFO - [process_single_user:956] - 🔄 Updated user BKRIEL: party:  -> None
2026-02-12 19:28:34,648 - oracle_user_sync_modern - INFO - [sync_users_and_groups:740] - 🔄 Processing batch 6/16 (100 users)
2026-02-12 19:28:34,674 - oracle_user_sync_modern - INFO - [process_single_user:956] - 🔄 Updated user AKULA: party:  -> None
2026-02-12 19:28:34,703 - oracle_user_sync_modern - INFO - [process_single_user:956] - 🔄 Updated user MKULA: party:  -> None
2026-02-12 19:28:34,732 - oracle_user_sync_modern - INFO - [process_single_user:956] - 🔄 Updated user ZKULA: party:  -> None
2026-02-12 19:28:34,755 - oracle_user_sync_modern - INFO - [process_single_user:956] - 🔄 Updated user BKULATA: party:  -> None
2026-02-12 19:28:34,786 - oracle_user_sync_modern - INFO - [process_single_user:956] - 🔄 Updated user KKUNENE: party:  -> None
2026-02-12 19:28:34,810 - oracle_user_sync_modern - INFO - [process_single_user:956] - 🔄 Updated user OKUNENE: party:  -> None
2026-02-12 19:28:34,833 - oracle_user_sync_modern - INFO - [process_single_user:956] - 🔄 Updated user VLALLA: party:  -> None
2026-02-12 19:28:34,855 - oracle_user_sync_modern - INFO - [process_single_user:956] - 🔄 Updated user SLAMBEY: party:  -> None
2026-02-12 19:28:34,884 - oracle_user_sync_modern - INFO - [process_single_user:956] - 🔄 Updated user YLANDU: party:  -> None
2026-02-12 19:28:34,907 - oracle_user_sync_modern - INFO - [process_single_user:956] - 🔄 Updated user WLAWANA: party:  -> None
2026-02-12 19:28:34,938 - oracle_user_sync_modern - INFO - [process_single_user:956] - 🔄 Updated user LLAWRENCE: party:  -> None
2026-02-12 19:28:34,960 - oracle_user_sync_modern - INFO - [process_single_user:956] - 🔄 Updated user RLAWRENCE: party:  -> None
2026-02-12 19:28:34,983 - oracle_user_sync_modern - INFO - [process_single_user:956] - 🔄 Updated user JLEROUX: party:  -> None
2026-02-12 19:28:35,003 - oracle_user_sync_modern - INFO - [process_single_user:956] - 🔄 Updated user PLEBEKO: party:  -> None
2026-02-12 19:28:35,023 - oracle_user_sync_modern - INFO - [process_single_user:956] - 🔄 Updated user LLEEUWNER: party:  -> None
2026-02-12 19:28:35,044 - oracle_user_sync_modern - INFO - [process_single_user:956] - 🔄 Updated user JLEFIFI: party:  -> None
2026-02-12 19:28:35,064 - oracle_user_sync_modern - INFO - [process_single_user:956] - 🔄 Updated user WLEGODI: party:  -> None
2026-02-12 19:28:35,087 - oracle_user_sync_modern - INFO - [process_single_user:956] - 🔄 Updated user MLEHONG: party:  -> None
2026-02-12 19:28:35,108 - oracle_user_sync_modern - INFO - [process_single_user:956] - 🔄 Updated user NLEIBRANDT: party:  -> None
2026-02-12 19:28:35,132 - oracle_user_sync_modern - INFO - [process_single_user:956] - 🔄 Updated user ELESHOPE: party:  -> None
2026-02-12 19:28:35,158 - oracle_user_sync_modern - INFO - [process_single_user:956] - 🔄 Updated user MLESOMA: party:  -> None
2026-02-12 19:28:35,187 - oracle_user_sync_modern - INFO - [process_single_user:956] - 🔄 Updated user SLETLHAKE: party:  -> None
2026-02-12 19:28:35,210 - oracle_user_sync_modern - INFO - [process_single_user:956] - 🔄 Updated user NLETSIE: party:  -> None
2026-02-12 19:28:35,237 - oracle_user_sync_modern - INFO - [process_single_user:956] - 🔄 Updated user MLETSIE: party:  -> None
2026-02-12 19:28:35,262 - oracle_user_sync_modern - INFO - [process_single_user:956] - 🔄 Updated user CLEVENDALE: party:  -> None
2026-02-12 19:28:35,289 - oracle_user_sync_modern - INFO - [process_single_user:956] - 🔄 Updated user TLIGEGE: party:  -> None
2026-02-12 19:28:35,316 - oracle_user_sync_modern - INFO - [process_single_user:956] - 🔄 Updated user FLOMBARD: party:  -> None
2026-02-12 19:28:35,341 - oracle_user_sync_modern - INFO - [process_single_user:956] - 🔄 Updated user MLONDT: party:  -> None
2026-02-12 19:28:35,363 - oracle_user_sync_modern - INFO - [process_single_user:956] - 🔄 Updated user SLONI: party:  -> None
2026-02-12 19:28:35,390 - oracle_user_sync_modern - INFO - [process_single_user:956] - 🔄 Updated user BLOOTS: party:  -> None
2026-02-12 19:28:35,413 - oracle_user_sync_modern - INFO - [process_single_user:956] - 🔄 Updated user KLOQO: party:  -> None
2026-02-12 19:28:35,441 - oracle_user_sync_modern - INFO - [process_single_user:956] - 🔄 Updated user TLOUW: party:  -> None
2026-02-12 19:28:35,476 - oracle_user_sync_modern - INFO - [process_single_user:956] - 🔄 Updated user GLUBISI: party:  -> None
2026-02-12 19:28:35,501 - oracle_user_sync_modern - INFO - [process_single_user:956] - 🔄 Updated user MLUKANI: party:  -> None
2026-02-12 19:28:35,528 - oracle_user_sync_modern - INFO - [process_single_user:956] - 🔄 Updated user TLYONS: party:  -> None
2026-02-12 19:28:35,555 - oracle_user_sync_modern - INFO - [process_single_user:956] - 🔄 Updated user NMAART: party:  -> None
2026-02-12 19:28:35,581 - oracle_user_sync_modern - INFO - [process_single_user:956] - 🔄 Updated user TMABASA: party:  -> None
2026-02-12 19:28:35,618 - oracle_user_sync_modern - INFO - [process_single_user:956] - 🔄 Updated user MMABELANE: party:  -> None
2026-02-12 19:28:35,646 - oracle_user_sync_modern - INFO - [process_single_user:956] - 🔄 Updated user NMABENA: party:  -> None
2026-02-12 19:28:35,677 - oracle_user_sync_modern - INFO - [process_single_user:956] - 🔄 Updated user SIMABENTSELA: party:  -> None
2026-02-12 19:28:35,705 - oracle_user_sync_modern - INFO - [process_single_user:956] - 🔄 Updated user TMABILISA: party:  -> None
2026-02-12 19:28:35,733 - oracle_user_sync_modern - INFO - [process_single_user:956] - 🔄 Updated user XMABINDISA: party:  -> None
2026-02-12 19:28:35,761 - oracle_user_sync_modern - INFO - [process_single_user:956] - 🔄 Updated user DMABITSELA: party:  -> None
2026-02-12 19:28:35,783 - oracle_user_sync_modern - INFO - [process_single_user:956] - 🔄 Updated user SMABODA: party:  -> None
2026-02-12 19:28:35,807 - oracle_user_sync_modern - INFO - [process_single_user:956] - 🔄 Updated user MMABUELA: party:  -> None
2026-02-12 19:28:35,846 - oracle_user_sync_modern - INFO - [process_single_user:956] - 🔄 Updated user DMABUNDA: party:  -> None
2026-02-12 19:28:35,869 - oracle_user_sync_modern - INFO - [process_single_user:956] - 🔄 Updated user EMABUNDA: party:  -> None
2026-02-12 19:28:35,897 - oracle_user_sync_modern - INFO - [process_single_user:956] - 🔄 Updated user RMABUNDA: party:  -> None
2026-02-12 19:28:35,922 - oracle_user_sync_modern - INFO - [process_single_user:956] - 🔄 Updated user NMABUZWANA: party:  -> None
2026-02-12 19:28:35,944 - oracle_user_sync_modern - INFO - [process_single_user:956] - 🔄 Updated user AMACANDA: party:  -> None
2026-02-12 19:28:35,970 - oracle_user_sync_modern - INFO - [process_single_user:956] - 🔄 Updated user ASMACANDA: party:  -> None
2026-02-12 19:28:35,991 - oracle_user_sync_modern - INFO - [process_single_user:956] - 🔄 Updated user TMACANDA: party:  -> None
2026-02-12 19:28:36,024 - oracle_user_sync_modern - INFO - [process_single_user:956] - 🔄 Updated user MMACHEBE: party:  -> None
2026-02-12 19:28:36,046 - oracle_user_sync_modern - INFO - [process_single_user:956] - 🔄 Updated user EMACHETE: party:  -> None
2026-02-12 19:28:36,074 - oracle_user_sync_modern - INFO - [process_single_user:956] - 🔄 Updated user NMADAKANA: party:  -> None
2026-02-12 19:28:36,099 - oracle_user_sync_modern - INFO - [process_single_user:956] - 🔄 Updated user ZMADALANE: party:  -> None
2026-02-12 19:28:36,126 - oracle_user_sync_modern - INFO - [process_single_user:956] - 🔄 Updated user MMADIBA: party:  -> None
2026-02-12 19:28:36,150 - oracle_user_sync_modern - INFO - [process_single_user:956] - 🔄 Updated user ZMADIKIZA: party:  -> None
2026-02-12 19:28:36,179 - oracle_user_sync_modern - INFO - [process_single_user:956] - 🔄 Updated user DMADLALA: party:  -> None
2026-02-12 19:28:36,210 - oracle_user_sync_modern - INFO - [process_single_user:956] - 🔄 Updated user TMADLALA: party:  -> None
2026-02-12 19:28:36,234 - oracle_user_sync_modern - INFO - [process_single_user:956] - 🔄 Updated user PMADLAMBA: party:  -> None
2026-02-12 19:28:36,257 - oracle_user_sync_modern - INFO - [process_single_user:956] - 🔄 Updated user NMADLAVU: party:  -> None
2026-02-12 19:28:36,286 - oracle_user_sync_modern - INFO - [process_single_user:956] - 🔄 Updated user TMADUBELA: party:  -> None
2026-02-12 19:28:36,310 - oracle_user_sync_modern - INFO - [process_single_user:956] - 🔄 Updated user AMADUNA: party:  -> None
2026-02-12 19:28:36,343 - oracle_user_sync_modern - INFO - [process_single_user:956] - 🔄 Updated user PMABIJA: party:  -> None
2026-02-12 19:28:36,374 - oracle_user_sync_modern - INFO - [process_single_user:956] - 🔄 Updated user LMAFULAKO: party:  -> None
2026-02-12 19:28:36,398 - oracle_user_sync_modern - INFO - [process_single_user:956] - 🔄 Updated user BMAFUYA: party:  -> None
2026-02-12 19:28:36,424 - oracle_user_sync_modern - INFO - [process_single_user:956] - 🔄 Updated user VMAGADANA: party:  -> None
2026-02-12 19:28:36,428 - oracle_user_sync_modern - INFO - [sync_users_and_groups:740] - 🔄 Processing batch 7/16 (100 users)
2026-02-12 19:28:36,451 - oracle_user_sync_modern - INFO - [process_single_user:956] - 🔄 Updated user PMAGAGULA: party:  -> None
2026-02-12 19:28:36,478 - oracle_user_sync_modern - INFO - [process_single_user:956] - 🔄 Updated user SMAGAGULA: party:  -> None
2026-02-12 19:28:36,502 - oracle_user_sync_modern - INFO - [process_single_user:956] - 🔄 Updated user NMAGANLAL: party:  -> None
2026-02-12 19:28:36,531 - oracle_user_sync_modern - INFO - [process_single_user:956] - 🔄 Updated user DMAGARA: party:  -> None
2026-02-12 19:28:36,553 - oracle_user_sync_modern - INFO - [process_single_user:956] - 🔄 Updated user NOMAGAZI: party:  -> None
2026-02-12 19:28:36,582 - oracle_user_sync_modern - INFO - [process_single_user:956] - 🔄 Updated user BMAGELE: party:  -> None
2026-02-12 19:28:36,605 - oracle_user_sync_modern - INFO - [process_single_user:956] - 🔄 Updated user SMAGQAZANA: party:  -> None
2026-02-12 19:28:36,633 - oracle_user_sync_modern - INFO - [process_single_user:956] - 🔄 Updated user SMAGQOGQO: party:  -> None
2026-02-12 19:28:36,656 - oracle_user_sync_modern - INFO - [process_single_user:956] - 🔄 Updated user NMAGUBANE: party:  -> None
2026-02-12 19:28:36,687 - oracle_user_sync_modern - INFO - [process_single_user:956] - 🔄 Updated user LMAGWA: party:  -> None
2026-02-12 19:28:36,713 - oracle_user_sync_modern - INFO - [process_single_user:956] - 🔄 Updated user MMAGWAGWA: party:  -> None
2026-02-12 19:28:36,740 - oracle_user_sync_modern - INFO - [process_single_user:956] - 🔄 Updated user TMAHAMBA: party:  -> None
2026-02-12 19:28:36,765 - oracle_user_sync_modern - INFO - [process_single_user:956] - 🔄 Updated user FMAHANI: party:  -> None
2026-02-12 19:28:36,795 - oracle_user_sync_modern - INFO - [process_single_user:956] - 🔄 Updated user HMAHATE: party:  -> None
2026-02-12 19:28:36,820 - oracle_user_sync_modern - INFO - [process_single_user:956] - 🔄 Updated user JOMAHLANGU: party:  -> None
2026-02-12 19:28:36,847 - oracle_user_sync_modern - INFO - [process_single_user:956] - 🔄 Updated user SMAHLANGU: party:  -> None
2026-02-12 19:28:36,880 - oracle_user_sync_modern - INFO - [process_single_user:956] - 🔄 Updated user XMAHLANGU: party:  -> None
2026-02-12 19:28:36,904 - oracle_user_sync_modern - INFO - [process_single_user:956] - 🔄 Updated user ZMAHLANGU: party:  -> None
2026-02-12 19:28:36,931 - oracle_user_sync_modern - INFO - [process_single_user:956] - 🔄 Updated user LMAHLASELA: party:  -> None
2026-02-12 19:28:36,953 - oracle_user_sync_modern - INFO - [process_single_user:956] - 🔄 Updated user PMAHLASELA: party:  -> None
2026-02-12 19:28:36,983 - oracle_user_sync_modern - INFO - [process_single_user:956] - 🔄 Updated user PMAHLATHI: party:  -> None
2026-02-12 19:28:37,011 - oracle_user_sync_modern - INFO - [process_single_user:956] - 🔄 Updated user ARIGALA: party:  -> None
2026-02-12 19:28:37,039 - oracle_user_sync_modern - INFO - [process_single_user:956] - 🔄 Updated user LMAILA: party:  -> None
2026-02-12 19:28:37,078 - oracle_user_sync_modern - INFO - [process_single_user:956] - 🔄 Updated user VMAJALAMBA: party:  -> None
2026-02-12 19:28:37,103 - oracle_user_sync_modern - INFO - [process_single_user:956] - 🔄 Updated user FMAJIJA: party:  -> None
2026-02-12 19:28:37,136 - oracle_user_sync_modern - INFO - [process_single_user:956] - 🔄 Updated user JAMAJOZI: party:  -> None
2026-02-12 19:28:37,166 - oracle_user_sync_modern - INFO - [process_single_user:956] - 🔄 Updated user LMAKABA: party:  -> None
2026-02-12 19:28:37,190 - oracle_user_sync_modern - INFO - [process_single_user:956] - 🔄 Updated user LMAKAMBA: party:  -> None
2026-02-12 19:28:37,216 - oracle_user_sync_modern - INFO - [process_single_user:956] - 🔄 Updated user SMAKANA: party:  -> None
2026-02-12 19:28:37,242 - oracle_user_sync_modern - INFO - [process_single_user:956] - 🔄 Updated user SMAKELENI: party:  -> None
2026-02-12 19:28:37,279 - oracle_user_sync_modern - INFO - [process_single_user:956] - 🔄 Updated user MMAKGOLANE: party:  -> None
2026-02-12 19:28:37,306 - oracle_user_sync_modern - INFO - [process_single_user:956] - 🔄 Updated user MMAKHADO: party:  -> None
2026-02-12 19:28:37,332 - oracle_user_sync_modern - INFO - [process_single_user:956] - 🔄 Updated user PMAKHANYA: party:  -> None
2026-02-12 19:28:37,358 - oracle_user_sync_modern - INFO - [process_single_user:956] - 🔄 Updated user TMAKHANYA: party:  -> None
2026-02-12 19:28:37,382 - oracle_user_sync_modern - INFO - [process_single_user:956] - 🔄 Updated user TMAKHANYE: party:  -> None
2026-02-12 19:28:37,410 - oracle_user_sync_modern - INFO - [process_single_user:956] - 🔄 Updated user YMAKHASI: party:  -> None
2026-02-12 19:28:37,435 - oracle_user_sync_modern - INFO - [process_single_user:956] - 🔄 Updated user GMAKHOBELA-KANYINDA: party:  -> None
2026-02-12 19:28:37,460 - oracle_user_sync_modern - INFO - [process_single_user:956] - 🔄 Updated user LMAKHOHLISO: party:  -> None
2026-02-12 19:28:37,490 - oracle_user_sync_modern - INFO - [process_single_user:956] - 🔄 Updated user BMAKOFANE: party:  -> None
2026-02-12 19:28:37,514 - oracle_user_sync_modern - INFO - [process_single_user:956] - 🔄 Updated user VMAKUBALO: party:  -> None
2026-02-12 19:28:37,538 - oracle_user_sync_modern - INFO - [process_single_user:956] - 🔄 Updated user FMALAKA: party:  -> None
2026-02-12 19:28:37,566 - oracle_user_sync_modern - INFO - [process_single_user:956] - 🔄 Updated user TMALAMBA: party:  -> None
2026-02-12 19:28:37,593 - oracle_user_sync_modern - INFO - [process_single_user:956] - 🔄 Updated user VMALAMBA: party:  -> None
2026-02-12 19:28:37,619 - oracle_user_sync_modern - INFO - [process_single_user:956] - 🔄 Updated user AMALEBYE: party:  -> None
2026-02-12 19:28:37,646 - oracle_user_sync_modern - INFO - [process_single_user:956] - 🔄 Updated user CMALEDU: party:  -> None
2026-02-12 19:28:37,670 - oracle_user_sync_modern - INFO - [process_single_user:956] - 🔄 Updated user TMALEEME: party:  -> None
2026-02-12 19:28:37,696 - oracle_user_sync_modern - INFO - [process_single_user:956] - 🔄 Updated user MMALEFANE: party:  -> None
2026-02-12 19:28:37,720 - oracle_user_sync_modern - INFO - [process_single_user:956] - 🔄 Updated user BMALEFO: party:  -> None
2026-02-12 19:28:37,745 - oracle_user_sync_modern - INFO - [process_single_user:956] - 🔄 Updated user MMALEKA: party:  -> None
2026-02-12 19:28:37,776 - oracle_user_sync_modern - INFO - [process_single_user:956] - 🔄 Updated user SMALI: party:  -> None
2026-02-12 19:28:37,803 - oracle_user_sync_modern - INFO - [process_single_user:956] - 🔄 Updated user IMALINGA: party:  -> None
2026-02-12 19:28:37,828 - oracle_user_sync_modern - INFO - [process_single_user:956] - 🔄 Updated user MMALULEKE: party:  -> None
2026-02-12 19:28:37,857 - oracle_user_sync_modern - INFO - [process_single_user:956] - 🔄 Updated user KMAMABOLO: party:  -> None
2026-02-12 19:28:37,886 - oracle_user_sync_modern - INFO - [process_single_user:956] - 🔄 Updated user YMANAKAZA: party:  -> None
2026-02-12 19:28:37,915 - oracle_user_sync_modern - INFO - [process_single_user:956] - 🔄 Updated user AMANAMELA: party:  -> None
2026-02-12 19:28:37,943 - oracle_user_sync_modern - INFO - [process_single_user:956] - 🔄 Updated user NMANDABA: party:  -> None
2026-02-12 19:28:37,967 - oracle_user_sync_modern - INFO - [process_single_user:956] - 🔄 Updated user DMANDLAZI: party:  -> None
2026-02-12 19:28:37,994 - oracle_user_sync_modern - INFO - [process_single_user:956] - 🔄 Updated user TMMANELE: party:  -> None
2026-02-12 19:28:38,028 - oracle_user_sync_modern - INFO - [process_single_user:956] - 🔄 Updated user TMANENZHE: party:  -> None
2026-02-12 19:28:38,049 - oracle_user_sync_modern - INFO - [process_single_user:956] - 🔄 Updated user CMANGANYI: party:  -> None
2026-02-12 19:28:38,074 - oracle_user_sync_modern - INFO - [process_single_user:956] - 🔄 Updated user NMANGWENI: party:  -> None
2026-02-12 19:28:38,096 - oracle_user_sync_modern - INFO - [process_single_user:956] - 🔄 Updated user SHMANIE: party:  -> None
2026-02-12 19:28:38,121 - oracle_user_sync_modern - INFO - [process_single_user:956] - 🔄 Updated user CMANJEZI: party:  -> None
2026-02-12 19:28:38,146 - oracle_user_sync_modern - INFO - [process_single_user:956] - 🔄 Updated user NMANJEZI: party:  -> None
2026-02-12 19:28:38,172 - oracle_user_sync_modern - INFO - [process_single_user:956] - 🔄 Updated user GMANKAY: party:  -> None
2026-02-12 19:28:38,208 - oracle_user_sync_modern - INFO - [process_single_user:956] - 🔄 Updated user CPMANUELS: party:  -> None
2026-02-12 19:28:38,232 - oracle_user_sync_modern - INFO - [process_single_user:956] - 🔄 Updated user TMANUNGUFALA: party:  -> None
2026-02-12 19:28:38,259 - oracle_user_sync_modern - INFO - [process_single_user:956] - 🔄 Updated user JMANYANGI: party:  -> None
2026-02-12 19:28:38,290 - oracle_user_sync_modern - INFO - [process_single_user:956] - 🔄 Updated user NMAPELA: party:  -> None
2026-02-12 19:28:38,315 - oracle_user_sync_modern - INFO - [process_single_user:956] - 🔄 Updated user EMAPFUMARI: party:  -> None
2026-02-12 19:28:38,339 - oracle_user_sync_modern - INFO - [process_single_user:956] - 🔄 Updated user MMAPHANGWA: party:  -> None
2026-02-12 19:28:38,364 - oracle_user_sync_modern - INFO - [process_single_user:956] - 🔄 Updated user LMAPISA: party:  -> None
2026-02-12 19:28:38,388 - oracle_user_sync_modern - INFO - [process_single_user:956] - 🔄 Updated user MMAPONYA: party:  -> None
2026-02-12 19:28:38,414 - oracle_user_sync_modern - INFO - [process_single_user:956] - 🔄 Updated user SMAPUTI: party:  -> None
2026-02-12 19:28:38,439 - oracle_user_sync_modern - INFO - [process_single_user:956] - 🔄 Updated user VMAQHASHA: party:  -> None
2026-02-12 19:28:38,464 - oracle_user_sync_modern - INFO - [process_single_user:956] - 🔄 Updated user MMAQONA: party:  -> None
2026-02-12 19:28:38,468 - oracle_user_sync_modern - INFO - [sync_users_and_groups:740] - 🔄 Processing batch 8/16 (100 users)
2026-02-12 19:28:38,500 - oracle_user_sync_modern - INFO - [process_single_user:956] - 🔄 Updated user NMARLIE: party:  -> None
2026-02-12 19:28:38,524 - oracle_user_sync_modern - INFO - [process_single_user:956] - 🔄 Updated user AMARS: party:  -> None
2026-02-12 19:28:38,553 - oracle_user_sync_modern - INFO - [process_single_user:956] - 🔄 Updated user DMARTIN: party:  -> None
2026-02-12 19:28:38,578 - oracle_user_sync_modern - INFO - [process_single_user:956] - 🔄 Updated user TMARUBELELA: party:  -> None
2026-02-12 19:28:38,607 - oracle_user_sync_modern - INFO - [process_single_user:956] - 🔄 Updated user BMASERAME: party:  -> None
2026-02-12 19:28:38,633 - oracle_user_sync_modern - INFO - [process_single_user:956] - 🔄 Updated user BMASHEGO: party:  -> None
2026-02-12 19:28:38,662 - oracle_user_sync_modern - INFO - [process_single_user:956] - 🔄 Updated user SMASHIGO: party:  -> None
2026-02-12 19:28:38,685 - oracle_user_sync_modern - INFO - [process_single_user:956] - 🔄 Updated user BMASHIKA: party:  -> None
2026-02-12 19:28:38,710 - oracle_user_sync_modern - INFO - [process_single_user:956] - 🔄 Updated user AMASHININI: party:  -> None
2026-02-12 19:28:38,736 - oracle_user_sync_modern - INFO - [process_single_user:956] - 🔄 Updated user MMASHIQA: party:  -> None
2026-02-12 19:28:38,763 - oracle_user_sync_modern - INFO - [process_single_user:956] - 🔄 Updated user PMASHIYI: party:  -> None
2026-02-12 19:28:38,790 - oracle_user_sync_modern - INFO - [process_single_user:956] - 🔄 Updated user NMASILELA: party:  -> None
2026-02-12 19:28:38,814 - oracle_user_sync_modern - INFO - [process_single_user:956] - 🔄 Updated user NMASIMULA: party:  -> None
2026-02-12 19:28:38,842 - oracle_user_sync_modern - INFO - [process_single_user:956] - 🔄 Updated user MBAM: party:  -> None
2026-02-12 19:28:38,875 - oracle_user_sync_modern - INFO - [process_single_user:956] - 🔄 Updated user VMASINGI: party:  -> None
2026-02-12 19:28:38,898 - oracle_user_sync_modern - INFO - [process_single_user:956] - 🔄 Updated user PMASIZA: party:  -> None
2026-02-12 19:28:38,921 - oracle_user_sync_modern - INFO - [process_single_user:956] - 🔄 Updated user EMASOET: party:  -> None
2026-02-12 19:28:38,951 - oracle_user_sync_modern - INFO - [process_single_user:956] - 🔄 Updated user MMASOET: party:  -> None
2026-02-12 19:28:38,974 - oracle_user_sync_modern - INFO - [process_single_user:956] - 🔄 Updated user IMASTERS: party:  -> None
2026-02-12 19:28:39,005 - oracle_user_sync_modern - INFO - [process_single_user:956] - 🔄 Updated user MMASUTHA: party:  -> None
2026-02-12 19:28:39,029 - oracle_user_sync_modern - INFO - [process_single_user:956] - 🔄 Updated user BMATAITSANE: party:  -> None
2026-02-12 19:28:39,057 - oracle_user_sync_modern - INFO - [process_single_user:956] - 🔄 Updated user GMATAKANE: party:  -> None
2026-02-12 19:28:39,080 - oracle_user_sync_modern - INFO - [process_single_user:956] - 🔄 Updated user YMATEBE: party:  -> None
2026-02-12 19:28:39,106 - oracle_user_sync_modern - INFO - [process_single_user:956] - 🔄 Updated user MMATHABATHE: party:  -> None
2026-02-12 19:28:39,135 - oracle_user_sync_modern - INFO - [process_single_user:956] - 🔄 Updated user SMATHEBULA: party:  -> None
2026-02-12 19:28:39,163 - oracle_user_sync_modern - INFO - [process_single_user:956] - 🔄 Updated user TMATHEBULA: party:  -> None
2026-02-12 19:28:39,187 - oracle_user_sync_modern - INFO - [process_single_user:956] - 🔄 Updated user BMATHEY: party:  -> None
2026-02-12 19:28:39,216 - oracle_user_sync_modern - INFO - [process_single_user:956] - 🔄 Updated user VMATHITI: party:  -> None
2026-02-12 19:28:39,242 - oracle_user_sync_modern - INFO - [process_single_user:956] - 🔄 Updated user EMATHONSI: party:  -> None
2026-02-12 19:28:39,274 - oracle_user_sync_modern - INFO - [process_single_user:956] - 🔄 Updated user SMATHYE: party:  -> None
2026-02-12 19:28:39,302 - oracle_user_sync_modern - INFO - [process_single_user:956] - 🔄 Updated user NJOBODWANA: party:  -> None
2026-02-12 19:28:39,324 - oracle_user_sync_modern - INFO - [process_single_user:956] - 🔄 Updated user MDMATLALA: party:  -> None
2026-02-12 19:28:39,352 - oracle_user_sync_modern - INFO - [process_single_user:956] - 🔄 Updated user MMATLAWE: party:  -> None
2026-02-12 19:28:39,375 - oracle_user_sync_modern - INFO - [process_single_user:956] - 🔄 Updated user MMATLOU: party:  -> None
2026-02-12 19:28:39,404 - oracle_user_sync_modern - INFO - [process_single_user:956] - 🔄 Updated user NMATODZI: party:  -> None
2026-02-12 19:28:39,427 - oracle_user_sync_modern - INFO - [process_single_user:956] - 🔄 Updated user AMATTHEWS: party:  -> None
2026-02-12 19:28:39,455 - oracle_user_sync_modern - INFO - [process_single_user:956] - 🔄 Updated user TMATTHEWS: party:  -> None
2026-02-12 19:28:39,486 - oracle_user_sync_modern - INFO - [process_single_user:956] - 🔄 Updated user WMATTHEWS: party:  -> None
2026-02-12 19:28:39,513 - oracle_user_sync_modern - INFO - [process_single_user:956] - 🔄 Updated user AMATUTU: party:  -> None
2026-02-12 19:28:39,537 - oracle_user_sync_modern - INFO - [process_single_user:956] - 🔄 Updated user MMAUBANE: party:  -> None
2026-02-12 19:28:39,562 - oracle_user_sync_modern - INFO - [process_single_user:956] - 🔄 Updated user SMAVUSO: party:  -> None
2026-02-12 19:28:39,588 - oracle_user_sync_modern - INFO - [process_single_user:956] - 🔄 Updated user HMAXHAM: party:  -> None
2026-02-12 19:28:39,610 - oracle_user_sync_modern - INFO - [process_single_user:956] - 🔄 Updated user NMAXHEGWANA: party:  -> None
2026-02-12 19:28:39,636 - oracle_user_sync_modern - INFO - [process_single_user:956] - 🔄 Updated user NMAY-GAYIZA: party:  -> None
2026-02-12 19:28:39,668 - oracle_user_sync_modern - INFO - [process_single_user:956] - 🔄 Updated user FMAYANJA: party:  -> None
2026-02-12 19:28:39,690 - oracle_user_sync_modern - INFO - [process_single_user:956] - 🔄 Updated user ZMAZIBUKO: party:  -> None
2026-02-12 19:28:39,717 - oracle_user_sync_modern - INFO - [process_single_user:956] - 🔄 Updated user TMBADLANYANA: party:  -> None
2026-02-12 19:28:39,743 - oracle_user_sync_modern - INFO - [process_single_user:956] - 🔄 Updated user MMBANA: party:  -> None
2026-02-12 19:28:39,769 - oracle_user_sync_modern - INFO - [process_single_user:956] - 🔄 Updated user MAMBATHA: party:  -> None
2026-02-12 19:28:39,795 - oracle_user_sync_modern - INFO - [process_single_user:956] - 🔄 Updated user TMBATHA: party:  -> None
2026-02-12 19:28:39,820 - oracle_user_sync_modern - INFO - [process_single_user:956] - 🔄 Updated user MMBEBE: party:  -> None
2026-02-12 19:28:39,847 - oracle_user_sync_modern - INFO - [process_single_user:956] - 🔄 Updated user SMBEDLA: party:  -> None
2026-02-12 19:28:39,871 - oracle_user_sync_modern - INFO - [process_single_user:956] - 🔄 Updated user NMBELEKANE: party:  -> None
2026-02-12 19:28:39,897 - oracle_user_sync_modern - INFO - [process_single_user:956] - 🔄 Updated user KMBENENGE: party:  -> None
2026-02-12 19:28:39,922 - oracle_user_sync_modern - INFO - [process_single_user:956] - 🔄 Updated user BMBENGO: party:  -> None
2026-02-12 19:28:39,946 - oracle_user_sync_modern - INFO - [process_single_user:956] - 🔄 Updated user NMBETE: party:  -> None
2026-02-12 19:28:39,971 - oracle_user_sync_modern - INFO - [process_single_user:956] - 🔄 Updated user LMBHELE: party:  -> None
2026-02-12 19:28:39,999 - oracle_user_sync_modern - INFO - [process_single_user:956] - 🔄 Updated user SMBIE: party:  -> None
2026-02-12 19:28:40,021 - oracle_user_sync_modern - INFO - [process_single_user:956] - 🔄 Updated user NMBIKO: party:  -> None
2026-02-12 19:28:40,048 - oracle_user_sync_modern - INFO - [process_single_user:956] - 🔄 Updated user ZMBILINI: party:  -> None
2026-02-12 19:28:40,087 - oracle_user_sync_modern - INFO - [process_single_user:956] - 🔄 Updated user NMBONDA: party:  -> None
2026-02-12 19:28:40,110 - oracle_user_sync_modern - INFO - [process_single_user:956] - 🔄 Updated user VMBOTO: party:  -> None
2026-02-12 19:28:40,134 - oracle_user_sync_modern - INFO - [process_single_user:956] - 🔄 Updated user PMBUDE-MUTSHEKWANE: party:  -> None
2026-02-12 19:28:40,158 - oracle_user_sync_modern - INFO - [process_single_user:956] - 🔄 Updated user VMBUQE: party:  -> None
2026-02-12 19:28:40,187 - oracle_user_sync_modern - INFO - [process_single_user:956] - 🔄 Updated user JMCKAY: party:  -> None
2026-02-12 19:28:40,214 - oracle_user_sync_modern - INFO - [process_single_user:956] - 🔄 Updated user TMCGIVERN: party:  -> None
2026-02-12 19:28:40,238 - oracle_user_sync_modern - INFO - [process_single_user:956] - 🔄 Updated user HMCGREGOR: party:  -> None
2026-02-12 19:28:40,264 - oracle_user_sync_modern - INFO - [process_single_user:956] - 🔄 Updated user DMCNEIL: party:  -> None
2026-02-12 19:28:40,295 - oracle_user_sync_modern - INFO - [process_single_user:956] - 🔄 Updated user CMCLANE: party:  -> None
2026-02-12 19:28:40,317 - oracle_user_sync_modern - INFO - [process_single_user:956] - 🔄 Updated user AMDINGI: party:  -> None
2026-02-12 19:28:40,345 - oracle_user_sync_modern - INFO - [process_single_user:956] - 🔄 Updated user AMMDLALO: party:  -> None
2026-02-12 19:28:40,368 - oracle_user_sync_modern - INFO - [process_single_user:956] - 🔄 Updated user AMDLALO: party:  -> None
2026-02-12 19:28:40,399 - oracle_user_sync_modern - INFO - [process_single_user:956] - 🔄 Updated user MMDOVU: party:  -> None
2026-02-12 19:28:40,427 - oracle_user_sync_modern - INFO - [process_single_user:956] - 🔄 Updated user AMDUDU: party:  -> None
2026-02-12 19:28:40,431 - oracle_user_sync_modern - INFO - [sync_users_and_groups:740] - 🔄 Processing batch 9/16 (100 users)
2026-02-12 19:28:40,455 - oracle_user_sync_modern - INFO - [process_single_user:956] - 🔄 Updated user KMDUDU: party:  -> None
2026-02-12 19:28:40,485 - oracle_user_sync_modern - INFO - [process_single_user:956] - 🔄 Updated user FMHLANGA: party:  -> None
2026-02-12 19:28:40,511 - oracle_user_sync_modern - INFO - [process_single_user:956] - 🔄 Updated user OMDUTYANA: party:  -> None
2026-02-12 19:28:40,536 - oracle_user_sync_modern - INFO - [process_single_user:956] - 🔄 Updated user NMDZOYI: party:  -> None
2026-02-12 19:28:40,566 - oracle_user_sync_modern - INFO - [process_single_user:956] - 🔄 Updated user JMEDUPE: party:  -> None
2026-02-12 19:28:40,586 - oracle_user_sync_modern - INFO - [process_single_user:956] - 🔄 Updated user MMEKHOE: party:  -> None
2026-02-12 19:28:40,613 - oracle_user_sync_modern - INFO - [process_single_user:956] - 🔄 Updated user NMELANE: party:  -> None
2026-02-12 19:28:40,636 - oracle_user_sync_modern - INFO - [process_single_user:956] - 🔄 Updated user HTMELATO: party:  -> None
2026-02-12 19:28:40,664 - oracle_user_sync_modern - INFO - [process_single_user:956] - 🔄 Updated user VMENE: party:  -> None
2026-02-12 19:28:40,694 - oracle_user_sync_modern - INFO - [process_single_user:956] - 🔄 Updated user BMENZE: party:  -> None
2026-02-12 19:28:40,723 - oracle_user_sync_modern - INFO - [process_single_user:956] - 🔄 Updated user AMFAXA: party:  -> None
2026-02-12 19:28:40,749 - oracle_user_sync_modern - INFO - [process_single_user:956] - 🔄 Updated user BMFECANE: party:  -> None
2026-02-12 19:28:40,775 - oracle_user_sync_modern - INFO - [process_single_user:956] - 🔄 Updated user NMFENGU: party:  -> None
2026-02-12 19:28:40,806 - oracle_user_sync_modern - INFO - [process_single_user:956] - 🔄 Updated user PMFUYO: party:  -> None
2026-02-12 19:28:40,836 - oracle_user_sync_modern - INFO - [process_single_user:956] - 🔄 Updated user DMGAGA: party:  -> None
2026-02-12 19:28:40,861 - oracle_user_sync_modern - INFO - [process_single_user:956] - 🔄 Updated user SMGIBA: party:  -> None
2026-02-12 19:28:40,896 - oracle_user_sync_modern - INFO - [process_single_user:956] - 🔄 Updated user MMGIDI: party:  -> None
2026-02-12 19:28:40,923 - oracle_user_sync_modern - INFO - [process_single_user:956] - 🔄 Updated user ZMGODUKA: party:  -> None
2026-02-12 19:28:40,949 - oracle_user_sync_modern - INFO - [process_single_user:956] - 🔄 Updated user NMGUDLWA: party:  -> None
2026-02-12 19:28:40,974 - oracle_user_sync_modern - INFO - [process_single_user:956] - 🔄 Updated user PMGUDLWA: party:  -> None
2026-02-12 19:28:40,999 - oracle_user_sync_modern - INFO - [process_single_user:956] - 🔄 Updated user NMGWIGWI: party:  -> None
2026-02-12 19:28:41,022 - oracle_user_sync_modern - INFO - [process_single_user:956] - 🔄 Updated user XMGXAJI: party:  -> None
2026-02-12 19:28:41,059 - oracle_user_sync_modern - INFO - [process_single_user:956] - 🔄 Updated user NMGXASHE: party:  -> None
2026-02-12 19:28:41,089 - oracle_user_sync_modern - INFO - [process_single_user:956] - 🔄 Updated user SMHLAMBISO: party:  -> None
2026-02-12 19:28:41,110 - oracle_user_sync_modern - INFO - [process_single_user:956] - 🔄 Updated user LMHLANA: party:  -> None
2026-02-12 19:28:41,137 - oracle_user_sync_modern - INFO - [process_single_user:956] - 🔄 Updated user ZMHLANGANISO: party:  -> None
2026-02-12 19:28:41,160 - oracle_user_sync_modern - INFO - [process_single_user:956] - 🔄 Updated user LGXABELA: party:  -> None
2026-02-12 19:28:41,200 - oracle_user_sync_modern - INFO - [process_single_user:956] - 🔄 Updated user JMICHAELS: party:  -> None
2026-02-12 19:28:41,223 - oracle_user_sync_modern - INFO - [process_single_user:956] - 🔄 Updated user RMICHAELS: party:  -> None
2026-02-12 19:28:41,256 - oracle_user_sync_modern - INFO - [process_single_user:956] - 🔄 Updated user JMILLER: party:  -> None
2026-02-12 19:28:41,284 - oracle_user_sync_modern - INFO - [process_single_user:956] - 🔄 Updated user SMKALIPHI: party:  -> None
2026-02-12 19:28:41,311 - oracle_user_sync_modern - INFO - [process_single_user:956] - 🔄 Updated user NMKHIZE: party:  -> None
2026-02-12 19:28:41,352 - oracle_user_sync_modern - INFO - [process_single_user:956] - 🔄 Updated user NMKHONTO: party:  -> None
2026-02-12 19:28:41,381 - oracle_user_sync_modern - INFO - [process_single_user:956] - 🔄 Updated user MBMKIVA: party:  -> None
2026-02-12 19:28:41,403 - oracle_user_sync_modern - INFO - [process_single_user:956] - 🔄 Updated user MMKIVA: party:  -> None
2026-02-12 19:28:41,433 - oracle_user_sync_modern - INFO - [process_single_user:956] - 🔄 Updated user TMKOKELI: party:  -> None
2026-02-12 19:28:41,459 - oracle_user_sync_modern - INFO - [process_single_user:956] - 🔄 Updated user SMKOSANA: party:  -> None
2026-02-12 19:28:41,488 - oracle_user_sync_modern - INFO - [process_single_user:956] - 🔄 Updated user NMLALANDLE: party:  -> None
2026-02-12 19:28:41,513 - oracle_user_sync_modern - INFO - [process_single_user:956] - 🔄 Updated user TMLAMBO: party:  -> None
2026-02-12 19:28:41,536 - oracle_user_sync_modern - INFO - [process_single_user:956] - 🔄 Updated user ZMLANJENI: party:  -> None
2026-02-12 19:28:41,564 - oracle_user_sync_modern - INFO - [process_single_user:956] - 🔄 Updated user WMLOKOTI: party:  -> None
2026-02-12 19:28:41,586 - oracle_user_sync_modern - INFO - [process_single_user:956] - 🔄 Updated user NOMLONYENI: party:  -> None
2026-02-12 19:28:41,615 - oracle_user_sync_modern - INFO - [process_single_user:956] - 🔄 Updated user VMLOTSHWA: party:  -> None
2026-02-12 19:28:41,642 - oracle_user_sync_modern - INFO - [process_single_user:956] - 🔄 Updated user NMNANA: party:  -> None
2026-02-12 19:28:41,672 - oracle_user_sync_modern - INFO - [process_single_user:956] - 🔄 Updated user VHMNANA: party:  -> None
2026-02-12 19:28:41,699 - oracle_user_sync_modern - INFO - [process_single_user:956] - 🔄 Updated user BMNCWABE: party:  -> None
2026-02-12 19:28:41,726 - oracle_user_sync_modern - INFO - [process_single_user:956] - 🔄 Updated user DMNGADI: party:  -> None
2026-02-12 19:28:41,757 - oracle_user_sync_modern - INFO - [process_single_user:956] - 🔄 Updated user ZMNGESE: party:  -> None
2026-02-12 19:28:41,789 - oracle_user_sync_modern - INFO - [process_single_user:956] - 🔄 Updated user ZMNGUNI: party:  -> None
2026-02-12 19:28:41,818 - oracle_user_sync_modern - INFO - [process_single_user:956] - 🔄 Updated user KMNGXUNYENI: party:  -> None
2026-02-12 19:28:41,844 - oracle_user_sync_modern - INFO - [process_single_user:956] - 🔄 Updated user PMNISI: party:  -> None
2026-02-12 19:28:41,867 - oracle_user_sync_modern - INFO - [process_single_user:956] - 🔄 Updated user RMNISI: party:  -> None
2026-02-12 19:28:41,908 - oracle_user_sync_modern - INFO - [process_single_user:956] - 🔄 Updated user AMNTWINI: party:  -> None
2026-02-12 19:28:41,935 - oracle_user_sync_modern - INFO - [process_single_user:956] - 🔄 Updated user AMNYAMA: party:  -> None
2026-02-12 19:28:41,959 - oracle_user_sync_modern - INFO - [process_single_user:956] - 🔄 Updated user NMNYANDU: party:  -> None
2026-02-12 19:28:41,984 - oracle_user_sync_modern - INFO - [process_single_user:956] - 🔄 Updated user NMNYOVU: party:  -> None
2026-02-12 19:28:42,010 - oracle_user_sync_modern - INFO - [process_single_user:956] - 🔄 Updated user DMOCUMI: party:  -> None
2026-02-12 19:28:42,034 - oracle_user_sync_modern - INFO - [process_single_user:956] - 🔄 Updated user MMODIBA: party:  -> None
2026-02-12 19:28:42,063 - oracle_user_sync_modern - INFO - [process_single_user:956] - 🔄 Updated user JMODIGA: party:  -> None
2026-02-12 19:28:42,089 - oracle_user_sync_modern - INFO - [process_single_user:956] - 🔄 Updated user NMODISE: party:  -> None
2026-02-12 19:28:42,123 - oracle_user_sync_modern - INFO - [process_single_user:956] - 🔄 Updated user PMOGOROSI: party:  -> None
2026-02-12 19:28:42,149 - oracle_user_sync_modern - INFO - [process_single_user:956] - 🔄 Updated user HMOHALE: party:  -> None
2026-02-12 19:28:42,170 - oracle_user_sync_modern - INFO - [process_single_user:956] - 🔄 Updated user SMOHAMED: party:  -> None
2026-02-12 19:28:42,197 - oracle_user_sync_modern - INFO - [process_single_user:956] - 🔄 Updated user MMOHAPE: party:  -> None
2026-02-12 19:28:42,224 - oracle_user_sync_modern - INFO - [process_single_user:956] - 🔄 Updated user EMOHUBE: party:  -> None
2026-02-12 19:28:42,248 - oracle_user_sync_modern - INFO - [process_single_user:956] - 🔄 Updated user DMOITSE: party:  -> None
2026-02-12 19:28:42,275 - oracle_user_sync_modern - INFO - [process_single_user:956] - 🔄 Updated user MMOKGESI: party:  -> None
2026-02-12 19:28:42,298 - oracle_user_sync_modern - INFO - [process_single_user:956] - 🔄 Updated user RMOKHATLA: party:  -> None
2026-02-12 19:28:42,322 - oracle_user_sync_modern - INFO - [process_single_user:956] - 🔄 Updated user MMOKHOABANE: party:  -> None
2026-02-12 19:28:42,353 - oracle_user_sync_modern - INFO - [process_single_user:956] - 🔄 Updated user TMOKOENA: party:  -> None
2026-02-12 19:28:42,356 - oracle_user_sync_modern - INFO - [sync_users_and_groups:740] - 🔄 Processing batch 10/16 (100 users)
2026-02-12 19:28:42,386 - oracle_user_sync_modern - INFO - [process_single_user:956] - 🔄 Updated user NMOKOENA: party:  -> None
2026-02-12 19:28:42,411 - oracle_user_sync_modern - INFO - [process_single_user:956] - 🔄 Updated user LMOKOENA: party:  -> None
2026-02-12 19:28:42,439 - oracle_user_sync_modern - INFO - [process_single_user:956] - 🔄 Updated user SMOKOENA: party:  -> None
2026-02-12 19:28:42,466 - oracle_user_sync_modern - INFO - [process_single_user:956] - 🔄 Updated user TMOKOMELE: party:  -> None
2026-02-12 19:28:42,497 - oracle_user_sync_modern - INFO - [process_single_user:956] - 🔄 Updated user GMOKUPPO: party:  -> None
2026-02-12 19:28:42,524 - oracle_user_sync_modern - INFO - [process_single_user:956] - 🔄 Updated user JMOLAFO: party:  -> None
2026-02-12 19:28:42,553 - oracle_user_sync_modern - INFO - [process_single_user:956] - 🔄 Updated user SMOLAPO: party:  -> None
2026-02-12 19:28:42,576 - oracle_user_sync_modern - INFO - [process_single_user:956] - 🔄 Updated user AMOLEFE: party:  -> None
2026-02-12 19:28:42,604 - oracle_user_sync_modern - INFO - [process_single_user:956] - 🔄 Updated user NMOLEFE: party:  -> None
2026-02-12 19:28:42,626 - oracle_user_sync_modern - INFO - [process_single_user:956] - 🔄 Updated user MMOLEKO: party:  -> None
2026-02-12 19:28:42,654 - oracle_user_sync_modern - INFO - [process_single_user:956] - 🔄 Updated user MMOLEKWA: party:  -> None
2026-02-12 19:28:42,676 - oracle_user_sync_modern - INFO - [process_single_user:956] - 🔄 Updated user MMOLEPO: party:  -> None
2026-02-12 19:28:42,704 - oracle_user_sync_modern - INFO - [process_single_user:956] - 🔄 Updated user VBAM: party:  -> None
2026-02-12 19:28:42,725 - oracle_user_sync_modern - INFO - [process_single_user:956] - 🔄 Updated user KMOLOABI: party:  -> None
2026-02-12 19:28:42,754 - oracle_user_sync_modern - INFO - [process_single_user:956] - 🔄 Updated user TMOLOI: party:  -> None
2026-02-12 19:28:42,779 - oracle_user_sync_modern - INFO - [process_single_user:956] - 🔄 Updated user RMOLOKOANE: party:  -> None
2026-02-12 19:28:42,809 - oracle_user_sync_modern - INFO - [process_single_user:956] - 🔄 Updated user MMOLOKOMME: party:  -> None
2026-02-12 19:28:42,833 - oracle_user_sync_modern - INFO - [process_single_user:956] - 🔄 Updated user KMOKGOTHU: party:  -> None
2026-02-12 19:28:42,858 - oracle_user_sync_modern - INFO - [process_single_user:956] - 🔄 Updated user TMOLUSI: party:  -> None
2026-02-12 19:28:42,882 - oracle_user_sync_modern - INFO - [process_single_user:956] - 🔄 Updated user FMOLWANTOA: party:  -> None
2026-02-12 19:28:42,910 - oracle_user_sync_modern - INFO - [process_single_user:956] - 🔄 Updated user BMOMOTI: party:  -> None
2026-02-12 19:28:42,933 - oracle_user_sync_modern - INFO - [process_single_user:956] - 🔄 Updated user SMOMPATI: party:  -> None
2026-02-12 19:28:42,958 - oracle_user_sync_modern - INFO - [process_single_user:956] - 🔄 Updated user NMONGO: party:  -> None
2026-02-12 19:28:42,983 - oracle_user_sync_modern - INFO - [process_single_user:956] - 🔄 Updated user AMONNAKGOTLA: party:  -> None
2026-02-12 19:28:43,011 - oracle_user_sync_modern - INFO - [process_single_user:956] - 🔄 Updated user MMONTSHIWA: party:  -> None
2026-02-12 19:28:43,034 - oracle_user_sync_modern - INFO - [process_single_user:956] - 🔄 Updated user BMONQO: party:  -> None
2026-02-12 19:28:43,072 - oracle_user_sync_modern - INFO - [process_single_user:956] - 🔄 Updated user MMONTJANE: party:  -> None
2026-02-12 19:28:43,099 - oracle_user_sync_modern - INFO - [process_single_user:956] - 🔄 Updated user JMOODLEY: party:  -> None
2026-02-12 19:28:43,120 - oracle_user_sync_modern - INFO - [process_single_user:956] - 🔄 Updated user JAMOODLEY: party:  -> None
2026-02-12 19:28:43,144 - oracle_user_sync_modern - INFO - [process_single_user:956] - 🔄 Updated user SMOODLEY: party:  -> None
2026-02-12 19:28:43,168 - oracle_user_sync_modern - INFO - [process_single_user:956] - 🔄 Updated user NMOOI: party:  -> None
2026-02-12 19:28:43,197 - oracle_user_sync_modern - INFO - [process_single_user:956] - 🔄 Updated user TMOORAD: party:  -> None
2026-02-12 19:28:43,220 - oracle_user_sync_modern - INFO - [process_single_user:956] - 🔄 Updated user MMOPHUTHINA: party:  -> None
2026-02-12 19:28:43,246 - oracle_user_sync_modern - INFO - [process_single_user:956] - 🔄 Updated user CMORCOM: party:  -> None
2026-02-12 19:28:43,273 - oracle_user_sync_modern - INFO - [process_single_user:956] - 🔄 Updated user BMORE: party:  -> None
2026-02-12 19:28:43,297 - oracle_user_sync_modern - INFO - [process_single_user:956] - 🔄 Updated user TMORIE: party:  -> None
2026-02-12 19:28:43,318 - oracle_user_sync_modern - INFO - [process_single_user:956] - 🔄 Updated user JMOROE: party:  -> None
2026-02-12 19:28:43,345 - oracle_user_sync_modern - INFO - [process_single_user:956] - 🔄 Updated user CAMORRIS: party:  -> None
2026-02-12 19:28:43,369 - oracle_user_sync_modern - INFO - [process_single_user:956] - 🔄 Updated user LMORRISON: party:  -> None
2026-02-12 19:28:43,392 - oracle_user_sync_modern - INFO - [process_single_user:956] - 🔄 Updated user LMOSALA: party:  -> None
2026-02-12 19:28:43,420 - oracle_user_sync_modern - INFO - [process_single_user:956] - 🔄 Updated user LMOSANA: party:  -> None
2026-02-12 19:28:43,444 - oracle_user_sync_modern - INFO - [process_single_user:956] - 🔄 Updated user KMOSEKI: party:  -> None
2026-02-12 19:28:43,470 - oracle_user_sync_modern - INFO - [process_single_user:956] - 🔄 Updated user LMOSHOKOA: party:  -> None
2026-02-12 19:28:43,495 - oracle_user_sync_modern - INFO - [process_single_user:956] - 🔄 Updated user TRMOSOEUNYANE: party:  -> None
2026-02-12 19:28:43,516 - oracle_user_sync_modern - INFO - [process_single_user:956] - 🔄 Updated user TMOSOEUNYANE: party:  -> None
2026-02-12 19:28:43,542 - oracle_user_sync_modern - INFO - [process_single_user:956] - 🔄 Updated user MMOSWANE: party:  -> None
2026-02-12 19:28:43,564 - oracle_user_sync_modern - INFO - [process_single_user:956] - 🔄 Updated user MMOTASI: party:  -> None
2026-02-12 19:28:43,598 - oracle_user_sync_modern - INFO - [process_single_user:956] - 🔄 Updated user LMOTAUNG: party:  -> None
2026-02-12 19:28:43,624 - oracle_user_sync_modern - INFO - [process_single_user:956] - 🔄 Updated user MMOTHAPO: party:  -> None
2026-02-12 19:28:43,651 - oracle_user_sync_modern - INFO - [process_single_user:956] - 🔄 Updated user MOMOTHAPO: party:  -> None
2026-02-12 19:28:43,674 - oracle_user_sync_modern - INFO - [process_single_user:956] - 🔄 Updated user MMOTHIBA: party:  -> None
2026-02-12 19:28:43,698 - oracle_user_sync_modern - INFO - [process_single_user:956] - 🔄 Updated user MMOTSOETSOANA: party:  -> None
2026-02-12 19:28:43,723 - oracle_user_sync_modern - INFO - [process_single_user:956] - 🔄 Updated user MMOTUMI: party:  -> None
2026-02-12 19:28:43,749 - oracle_user_sync_modern - INFO - [process_single_user:956] - 🔄 Updated user NMPAHLENI: party:  -> None
2026-02-12 19:28:43,774 - oracle_user_sync_modern - INFO - [process_single_user:956] - 🔄 Updated user ZMKUTUKANA: party:  -> None
2026-02-12 19:28:43,800 - oracle_user_sync_modern - INFO - [process_single_user:956] - 🔄 Updated user TMPAPELA: party:  -> None
2026-02-12 19:28:43,825 - oracle_user_sync_modern - INFO - [process_single_user:956] - 🔄 Updated user PMPATANI: party:  -> None
2026-02-12 19:28:43,852 - oracle_user_sync_modern - INFO - [process_single_user:956] - 🔄 Updated user NMPEFUMLO: party:  -> None
2026-02-12 19:28:43,879 - oracle_user_sync_modern - INFO - [process_single_user:956] - 🔄 Updated user RMPHILO: party:  -> None
2026-02-12 19:28:43,904 - oracle_user_sync_modern - INFO - [process_single_user:956] - 🔄 Updated user AMPHUNGA: party:  -> None
2026-02-12 19:28:43,933 - oracle_user_sync_modern - INFO - [process_single_user:956] - 🔄 Updated user AMPIKA: party:  -> None
2026-02-12 19:28:43,966 - oracle_user_sync_modern - INFO - [process_single_user:956] - 🔄 Updated user MMPINDI: party:  -> None
2026-02-12 19:28:43,989 - oracle_user_sync_modern - INFO - [process_single_user:956] - 🔄 Updated user PMPOYIYA: party:  -> None
2026-02-12 19:28:44,016 - oracle_user_sync_modern - INFO - [process_single_user:956] - 🔄 Updated user SMPUMELA: party:  -> None
2026-02-12 19:28:44,040 - oracle_user_sync_modern - INFO - [process_single_user:956] - 🔄 Updated user TMPUNGOSE: party:  -> None
2026-02-12 19:28:44,065 - oracle_user_sync_modern - INFO - [process_single_user:956] - 🔄 Updated user SMPUNTSHA: party:  -> None
2026-02-12 19:28:44,091 - oracle_user_sync_modern - INFO - [process_single_user:956] - 🔄 Updated user AMPUTING: party:  -> None
2026-02-12 19:28:44,114 - oracle_user_sync_modern - INFO - [process_single_user:956] - 🔄 Updated user VMQHOMA: party:  -> None
2026-02-12 19:28:44,140 - oracle_user_sync_modern - INFO - [process_single_user:956] - 🔄 Updated user NNJOKWENI: party:  -> None
2026-02-12 19:28:44,164 - oracle_user_sync_modern - INFO - [process_single_user:956] - 🔄 Updated user QMQUQU: party:  -> None
2026-02-12 19:28:44,194 - oracle_user_sync_modern - INFO - [process_single_user:956] - 🔄 Updated user NMRWERWE: party:  -> None
2026-02-12 19:28:44,220 - oracle_user_sync_modern - INFO - [process_single_user:956] - 🔄 Updated user ZMSITSHANA: party:  -> None
2026-02-12 19:28:44,248 - oracle_user_sync_modern - INFO - [process_single_user:956] - 🔄 Updated user ZMSOLO: party:  -> None
2026-02-12 19:28:44,272 - oracle_user_sync_modern - INFO - [process_single_user:956] - 🔄 Updated user SMTAKATI: party:  -> None
2026-02-12 19:28:44,298 - oracle_user_sync_modern - INFO - [process_single_user:956] - 🔄 Updated user BMTATI: party:  -> None
2026-02-12 19:28:44,329 - oracle_user_sync_modern - INFO - [process_single_user:956] - 🔄 Updated user SMTHEMBU: party:  -> None
2026-02-12 19:28:44,352 - oracle_user_sync_modern - INFO - [process_single_user:956] - 🔄 Updated user TMTHEMBU: party:  -> None
2026-02-12 19:28:44,379 - oracle_user_sync_modern - INFO - [process_single_user:956] - 🔄 Updated user IMTHETHWA: party:  -> None
2026-02-12 19:28:44,409 - oracle_user_sync_modern - INFO - [process_single_user:956] - 🔄 Updated user NOMTHETHWA: party:  -> None
2026-02-12 19:28:44,439 - oracle_user_sync_modern - INFO - [process_single_user:956] - 🔄 Updated user SMTHOMBENI: party:  -> None
2026-02-12 19:28:44,467 - oracle_user_sync_modern - INFO - [process_single_user:956] - 🔄 Updated user SMTHONJENI: party:  -> None
2026-02-12 19:28:44,490 - oracle_user_sync_modern - INFO - [process_single_user:956] - 🔄 Updated user HMTILENI: party:  -> None
2026-02-12 19:28:44,493 - oracle_user_sync_modern - INFO - [sync_users_and_groups:740] - 🔄 Processing batch 11/16 (100 users)
2026-02-12 19:28:44,521 - oracle_user_sync_modern - INFO - [process_single_user:956] - 🔄 Updated user NMTIMKULU: party:  -> None
2026-02-12 19:28:44,545 - oracle_user_sync_modern - INFO - [process_single_user:956] - 🔄 Updated user SMTIRARA: party:  -> None
2026-02-12 19:28:44,567 - oracle_user_sync_modern - INFO - [process_single_user:956] - 🔄 Updated user AMTIYA: party:  -> None
2026-02-12 19:28:44,605 - oracle_user_sync_modern - INFO - [process_single_user:956] - 🔄 Updated user MMTSHONTSHI: party:  -> None
2026-02-12 19:28:44,631 - oracle_user_sync_modern - INFO - [process_single_user:956] - 🔄 Updated user MMTYOBILE: party:  -> None
2026-02-12 19:28:44,653 - oracle_user_sync_modern - INFO - [process_single_user:956] - 🔄 Updated user MMASIPA: party:  -> None
2026-02-12 19:28:44,680 - oracle_user_sync_modern - INFO - [process_single_user:956] - 🔄 Updated user EMUDAU: party:  -> None
2026-02-12 19:28:44,703 - oracle_user_sync_modern - INFO - [process_single_user:956] - 🔄 Updated user TMUDAU: party:  -> None
2026-02-12 19:28:44,739 - oracle_user_sync_modern - INFO - [process_single_user:956] - 🔄 Updated user LMULAUDZI: party:  -> None
2026-02-12 19:28:44,763 - oracle_user_sync_modern - INFO - [process_single_user:956] - 🔄 Updated user SMULAUDZI: party:  -> None
2026-02-12 19:28:44,805 - oracle_user_sync_modern - INFO - [process_single_user:956] - 🔄 Updated user IMUNDELL: party:  -> None
2026-02-12 19:28:44,833 - oracle_user_sync_modern - INFO - [process_single_user:956] - 🔄 Updated user TMUNNIK: party:  -> None
2026-02-12 19:28:44,858 - oracle_user_sync_modern - INFO - [process_single_user:956] - 🔄 Updated user RMUNYAI: party:  -> None
2026-02-12 19:28:44,886 - oracle_user_sync_modern - INFO - [process_single_user:956] - 🔄 Updated user SMUSA: party:  -> None
2026-02-12 19:28:44,912 - oracle_user_sync_modern - INFO - [process_single_user:956] - 🔄 Updated user MMUTENGWE: party:  -> None
2026-02-12 19:28:44,942 - oracle_user_sync_modern - INFO - [process_single_user:956] - 🔄 Updated user CMVELASE: party:  -> None
2026-02-12 19:28:44,968 - oracle_user_sync_modern - INFO - [process_single_user:956] - 🔄 Updated user NPMVIMBI: party:  -> None
2026-02-12 19:28:45,005 - oracle_user_sync_modern - INFO - [process_single_user:956] - 🔄 Updated user SMVULANE: party:  -> None
2026-02-12 19:28:45,032 - oracle_user_sync_modern - INFO - [process_single_user:956] - 🔄 Updated user ZMVULANE: party:  -> None
2026-02-12 19:28:45,064 - oracle_user_sync_modern - INFO - [process_single_user:956] - 🔄 Updated user SMYBURGH: party:  -> None
2026-02-12 19:28:45,088 - oracle_user_sync_modern - INFO - [process_single_user:956] - 🔄 Updated user TMYENDEKI: party:  -> None
2026-02-12 19:28:45,114 - oracle_user_sync_modern - INFO - [process_single_user:956] - 🔄 Updated user LMYOLI: party:  -> None
2026-02-12 19:28:45,138 - oracle_user_sync_modern - INFO - [process_single_user:956] - 🔄 Updated user YMZANYWA: party:  -> None
2026-02-12 19:28:45,163 - oracle_user_sync_modern - INFO - [process_single_user:956] - 🔄 Updated user NMZIMANE: party:  -> None
2026-02-12 19:28:45,189 - oracle_user_sync_modern - INFO - [process_single_user:956] - 🔄 Updated user SMZIMELA: party:  -> None
2026-02-12 19:28:45,214 - oracle_user_sync_modern - INFO - [process_single_user:956] - 🔄 Updated user BMZINGELWA: party:  -> None
2026-02-12 19:28:45,243 - oracle_user_sync_modern - INFO - [process_single_user:956] - 🔄 Updated user TNAGE: party:  -> None
2026-02-12 19:28:45,266 - oracle_user_sync_modern - INFO - [process_single_user:956] - 🔄 Updated user KNAIDOO: party:  -> None
2026-02-12 19:28:45,293 - oracle_user_sync_modern - INFO - [process_single_user:956] - 🔄 Updated user MNAIDOO: party:  -> None
2026-02-12 19:28:45,320 - oracle_user_sync_modern - INFO - [process_single_user:956] - 🔄 Updated user MNAWA: party:  -> None
2026-02-12 19:28:45,345 - oracle_user_sync_modern - INFO - [process_single_user:956] - 🔄 Updated user TMONISI: party:  -> None
2026-02-12 19:28:45,374 - oracle_user_sync_modern - INFO - [process_single_user:956] - 🔄 Updated user LNCIWENI: party:  -> None
2026-02-12 19:28:45,403 - oracle_user_sync_modern - INFO - [process_single_user:956] - 🔄 Updated user JNCONGWANE: party:  -> None
2026-02-12 19:28:45,424 - oracle_user_sync_modern - INFO - [process_single_user:956] - 🔄 Updated user LNDABA: party:  -> None
2026-02-12 19:28:45,452 - oracle_user_sync_modern - INFO - [process_single_user:956] - 🔄 Updated user NMAGAZI: party:  -> None
2026-02-12 19:28:45,480 - oracle_user_sync_modern - INFO - [process_single_user:956] - 🔄 Updated user ZNDEBELE: party:  -> None
2026-02-12 19:28:45,507 - oracle_user_sync_modern - INFO - [process_single_user:956] - 🔄 Updated user FNDENZE: party:  -> None
2026-02-12 19:28:45,533 - oracle_user_sync_modern - INFO - [process_single_user:956] - 🔄 Updated user SNDESANA: party:  -> None
2026-02-12 19:28:45,579 - oracle_user_sync_modern - INFO - [process_single_user:956] - 🔄 Updated user ANDLELA: party:  -> None
2026-02-12 19:28:45,609 - oracle_user_sync_modern - INFO - [process_single_user:956] - 🔄 Updated user FNDLELA: party:  -> None
2026-02-12 19:28:45,637 - oracle_user_sync_modern - INFO - [process_single_user:956] - 🔄 Updated user LNDLOVU: party:  -> None
2026-02-12 19:28:45,667 - oracle_user_sync_modern - INFO - [process_single_user:956] - 🔄 Updated user SNDLOVU: party:  -> None
2026-02-12 19:28:45,693 - oracle_user_sync_modern - INFO - [process_single_user:956] - 🔄 Updated user ONDOU: party:  -> None
2026-02-12 19:28:45,720 - oracle_user_sync_modern - INFO - [process_single_user:956] - 🔄 Updated user NNDZISHE: party:  -> None
2026-02-12 19:28:45,752 - oracle_user_sync_modern - INFO - [process_single_user:956] - 🔄 Updated user ALMNEL: party:  -> None
2026-02-12 19:28:45,781 - oracle_user_sync_modern - INFO - [process_single_user:956] - 🔄 Updated user JNEL: party:  -> None
2026-02-12 19:28:45,807 - oracle_user_sync_modern - INFO - [process_single_user:956] - 🔄 Updated user JONEL: party:  -> None
2026-02-12 19:28:45,835 - oracle_user_sync_modern - INFO - [process_single_user:956] - 🔄 Updated user FNENUNGWI: party:  -> None
2026-02-12 19:28:45,864 - oracle_user_sync_modern - INFO - [process_single_user:956] - 🔄 Updated user GNESBITT: party:  -> None
2026-02-12 19:28:45,888 - oracle_user_sync_modern - INFO - [process_single_user:956] - 🔄 Updated user NNEVESE: party:  -> None
2026-02-12 19:28:45,923 - oracle_user_sync_modern - INFO - [process_single_user:956] - 🔄 Updated user ENEZAR: party:  -> None
2026-02-12 19:28:45,948 - oracle_user_sync_modern - INFO - [process_single_user:956] - 🔄 Updated user NNFORMI: party:  -> None
2026-02-12 19:28:45,973 - oracle_user_sync_modern - INFO - [process_single_user:956] - 🔄 Updated user XNGADA: party:  -> None
2026-02-12 19:28:45,999 - oracle_user_sync_modern - INFO - [process_single_user:956] - 🔄 Updated user CNGAJU: party:  -> None
2026-02-12 19:28:46,023 - oracle_user_sync_modern - INFO - [process_single_user:956] - 🔄 Updated user BNGAJU: party:  -> None
2026-02-12 19:28:46,061 - oracle_user_sync_modern - INFO - [process_single_user:956] - 🔄 Updated user LNGALEKA: party:  -> None
2026-02-12 19:28:46,085 - oracle_user_sync_modern - INFO - [process_single_user:956] - 🔄 Updated user VNGALEKA: party:  -> None
2026-02-12 19:28:46,113 - oracle_user_sync_modern - INFO - [process_single_user:956] - 🔄 Updated user LNGCAKU: party:  -> None
2026-02-12 19:28:46,134 - oracle_user_sync_modern - INFO - [process_single_user:956] - 🔄 Updated user MNGCOBO: party:  -> None
2026-02-12 19:28:46,161 - oracle_user_sync_modern - INFO - [process_single_user:956] - 🔄 Updated user RKNGCOBO: party:  -> None
2026-02-12 19:28:46,186 - oracle_user_sync_modern - INFO - [process_single_user:956] - 🔄 Updated user ANGCOBOZI: party:  -> None
2026-02-12 19:28:46,210 - oracle_user_sync_modern - INFO - [process_single_user:956] - 🔄 Updated user ANGCONGO: party:  -> None
2026-02-12 19:28:46,238 - oracle_user_sync_modern - INFO - [process_single_user:956] - 🔄 Updated user DNGCOZELA: party:  -> None
2026-02-12 19:28:46,264 - oracle_user_sync_modern - INFO - [process_single_user:956] - 🔄 Updated user MNGCWAYI: party:  -> None
2026-02-12 19:28:46,302 - oracle_user_sync_modern - INFO - [process_single_user:956] - 🔄 Updated user ONGCWEMBE: party:  -> None
2026-02-12 19:28:46,330 - oracle_user_sync_modern - INFO - [process_single_user:956] - 🔄 Updated user PNGEMA: party:  -> None
2026-02-12 19:28:46,354 - oracle_user_sync_modern - INFO - [process_single_user:956] - 🔄 Updated user SNGEMA: party:  -> None
2026-02-12 19:28:46,384 - oracle_user_sync_modern - INFO - [process_single_user:956] - 🔄 Updated user MNGESE: party:  -> None
2026-02-12 19:28:46,408 - oracle_user_sync_modern - INFO - [process_single_user:956] - 🔄 Updated user SNGESI: party:  -> None
2026-02-12 19:28:46,436 - oracle_user_sync_modern - INFO - [process_single_user:956] - 🔄 Updated user NNGEWU: party:  -> None
2026-02-12 19:28:46,459 - oracle_user_sync_modern - INFO - [process_single_user:956] - 🔄 Updated user NANGEWU: party:  -> None
2026-02-12 19:28:46,494 - oracle_user_sync_modern - INFO - [process_single_user:956] - 🔄 Updated user MNGOEPE: party:  -> None
2026-02-12 19:28:46,521 - oracle_user_sync_modern - INFO - [process_single_user:956] - 🔄 Updated user PNGOETJANA: party:  -> None
2026-02-12 19:28:46,551 - oracle_user_sync_modern - INFO - [process_single_user:956] - 🔄 Updated user TNGOMA: party:  -> None
2026-02-12 19:28:46,581 - oracle_user_sync_modern - INFO - [process_single_user:956] - 🔄 Updated user ZINGOMA: party:  -> None
2026-02-12 19:28:46,610 - oracle_user_sync_modern - INFO - [process_single_user:956] - 🔄 Updated user LNGOMANE: party:  -> None
2026-02-12 19:28:46,634 - oracle_user_sync_modern - INFO - [process_single_user:956] - 🔄 Updated user NNGONDEKA: party:  -> None
2026-02-12 19:28:46,662 - oracle_user_sync_modern - INFO - [process_single_user:956] - 🔄 Updated user TNGOQO-DYOSI: party:  -> None
2026-02-12 19:28:46,666 - oracle_user_sync_modern - INFO - [sync_users_and_groups:740] - 🔄 Processing batch 12/16 (100 users)
2026-02-12 19:28:46,688 - oracle_user_sync_modern - INFO - [process_single_user:956] - 🔄 Updated user XNGOVENI: party:  -> None
2026-02-12 19:28:46,715 - oracle_user_sync_modern - INFO - [process_single_user:956] - 🔄 Updated user MNGQAKAMBA: party:  -> None
2026-02-12 19:28:46,744 - oracle_user_sync_modern - INFO - [process_single_user:956] - 🔄 Updated user LNGQEZANA: party:  -> None
2026-02-12 19:28:46,773 - oracle_user_sync_modern - INFO - [process_single_user:956] - 🔄 Updated user ZNGQOYIYA: party:  -> None
2026-02-12 19:28:46,799 - oracle_user_sync_modern - INFO - [process_single_user:956] - 🔄 Updated user NNGQWALA: party:  -> None
2026-02-12 19:28:46,825 - oracle_user_sync_modern - INFO - [process_single_user:956] - 🔄 Updated user ANGQWEBO: party:  -> None
2026-02-12 19:28:46,850 - oracle_user_sync_modern - INFO - [process_single_user:956] - 🔄 Updated user ANGUBANE: party:  -> None
2026-02-12 19:28:46,878 - oracle_user_sync_modern - INFO - [process_single_user:956] - 🔄 Updated user NNGWABENI: party:  -> None
2026-02-12 19:28:46,910 - oracle_user_sync_modern - INFO - [process_single_user:956] - 🔄 Updated user MNGWANE: party:  -> None
2026-02-12 19:28:46,949 - oracle_user_sync_modern - INFO - [process_single_user:956] - 🔄 Updated user KNGWENYA: party:  -> None
2026-02-12 19:28:46,978 - oracle_user_sync_modern - INFO - [process_single_user:956] - 🔄 Updated user NNGWENYA: party:  -> None
2026-02-12 19:28:47,008 - oracle_user_sync_modern - INFO - [process_single_user:956] - 🔄 Updated user ZNGXISHE: party:  -> None
2026-02-12 19:28:47,039 - oracle_user_sync_modern - INFO - [process_single_user:956] - 🔄 Updated user NBALENI: party:  -> None
2026-02-12 19:28:47,069 - oracle_user_sync_modern - INFO - [process_single_user:956] - 🔄 Updated user DNKABINDE: party:  -> None
2026-02-12 19:28:47,092 - oracle_user_sync_modern - INFO - [process_single_user:956] - 🔄 Updated user NNKABINDE: party:  -> None
2026-02-12 19:28:47,119 - oracle_user_sync_modern - INFO - [process_single_user:956] - 🔄 Updated user BNKANGANA: party:  -> None
2026-02-12 19:28:47,145 - oracle_user_sync_modern - INFO - [process_single_user:956] - 🔄 Updated user NSKITASI: party:  -> None
2026-02-12 19:28:47,171 - oracle_user_sync_modern - INFO - [process_single_user:956] - 🔄 Updated user NNKOLONZI: party:  -> None
2026-02-12 19:28:47,197 - oracle_user_sync_modern - INFO - [process_single_user:956] - 🔄 Updated user MNKOSI: party:  -> None
2026-02-12 19:28:47,235 - oracle_user_sync_modern - INFO - [process_single_user:956] - 🔄 Updated user HNKUNA: party:  -> None
2026-02-12 19:28:47,257 - oracle_user_sync_modern - INFO - [process_single_user:956] - 🔄 Updated user NNKUNA: party:  -> None
2026-02-12 19:28:47,285 - oracle_user_sync_modern - INFO - [process_single_user:956] - 🔄 Updated user LNKUNKUMA: party:  -> None
2026-02-12 19:28:47,320 - oracle_user_sync_modern - INFO - [process_single_user:956] - 🔄 Updated user LNODADA: party:  -> None
2026-02-12 19:28:47,342 - oracle_user_sync_modern - INFO - [process_single_user:956] - 🔄 Updated user KNODODILE: party:  -> None
2026-02-12 19:28:47,371 - oracle_user_sync_modern - INFO - [process_single_user:956] - 🔄 Updated user NNOMANDLA: party:  -> None
2026-02-12 19:28:47,399 - oracle_user_sync_modern - INFO - [process_single_user:956] - 🔄 Updated user WNOMBANDA: party:  -> None
2026-02-12 19:28:47,425 - oracle_user_sync_modern - INFO - [process_single_user:956] - 🔄 Updated user MNOMBELA: party:  -> None
2026-02-12 19:28:47,450 - oracle_user_sync_modern - INFO - [process_single_user:956] - 🔄 Updated user SNONGXA: party:  -> None
2026-02-12 19:28:47,479 - oracle_user_sync_modern - INFO - [process_single_user:956] - 🔄 Updated user ANONKENYANA: party:  -> None
2026-02-12 19:28:47,510 - oracle_user_sync_modern - INFO - [process_single_user:956] - 🔄 Updated user BNONYANE: party:  -> None
2026-02-12 19:28:47,536 - oracle_user_sync_modern - INFO - [process_single_user:956] - 🔄 Updated user KNOPOTE: party:  -> None
2026-02-12 19:28:47,565 - oracle_user_sync_modern - INFO - [process_single_user:956] - 🔄 Updated user SNOQHAKALA: party:  -> None
2026-02-12 19:28:47,589 - oracle_user_sync_modern - INFO - [process_single_user:956] - 🔄 Updated user NNOTSHIBI: party:  -> None
2026-02-12 19:28:47,624 - oracle_user_sync_modern - INFO - [process_single_user:956] - 🔄 Updated user RNOURSE: party:  -> None
2026-02-12 19:28:47,650 - oracle_user_sync_modern - INFO - [process_single_user:956] - 🔄 Updated user RNOVEMBER: party:  -> None
2026-02-12 19:28:47,679 - oracle_user_sync_modern - INFO - [process_single_user:956] - 🔄 Updated user NANOYAKAZA: party:  -> None
2026-02-12 19:28:47,705 - oracle_user_sync_modern - INFO - [process_single_user:956] - 🔄 Updated user BNQIWA-MBEWU: party:  -> None
2026-02-12 19:28:47,732 - oracle_user_sync_modern - INFO - [process_single_user:956] - 🔄 Updated user TNQUBELANI: party:  -> None
2026-02-12 19:28:47,760 - oracle_user_sync_modern - INFO - [process_single_user:956] - 🔄 Updated user PNTABENI: party:  -> None
2026-02-12 19:28:47,798 - oracle_user_sync_modern - INFO - [process_single_user:956] - 🔄 Updated user PNTAKA: party:  -> None
2026-02-12 19:28:47,827 - oracle_user_sync_modern - INFO - [process_single_user:956] - 🔄 Updated user NNTAME: party:  -> None
2026-02-12 19:28:47,856 - oracle_user_sync_modern - INFO - [process_single_user:956] - 🔄 Updated user NNTANJANA: party:  -> None
2026-02-12 19:28:47,883 - oracle_user_sync_modern - INFO - [process_single_user:956] - 🔄 Updated user BNTENTEMA: party:  -> None
2026-02-12 19:28:47,909 - oracle_user_sync_modern - INFO - [process_single_user:956] - 🔄 Updated user LNTINZI: party:  -> None
2026-02-12 19:28:47,941 - oracle_user_sync_modern - INFO - [process_single_user:956] - 🔄 Updated user NMPIKASHE: party:  -> None
2026-02-12 19:28:47,967 - oracle_user_sync_modern - INFO - [process_single_user:956] - 🔄 Updated user TNTOAHAE: party:  -> None
2026-02-12 19:28:47,994 - oracle_user_sync_modern - INFO - [process_single_user:956] - 🔄 Updated user SNTOMBELA: party:  -> None
2026-02-12 19:28:48,020 - oracle_user_sync_modern - INFO - [process_single_user:956] - 🔄 Updated user LNTSABO: party:  -> None
2026-02-12 19:28:48,057 - oracle_user_sync_modern - INFO - [process_single_user:956] - 🔄 Updated user NNTSHAKAZA: party:  -> None
2026-02-12 19:28:48,087 - oracle_user_sync_modern - INFO - [process_single_user:956] - 🔄 Updated user GNTSHANE: party:  -> None
2026-02-12 19:28:48,116 - oracle_user_sync_modern - INFO - [process_single_user:956] - 🔄 Updated user LNTSHINGA: party:  -> None
2026-02-12 19:28:48,142 - oracle_user_sync_modern - INFO - [process_single_user:956] - 🔄 Updated user KDIKO: party:  -> None
2026-02-12 19:28:48,169 - oracle_user_sync_modern - INFO - [process_single_user:956] - 🔄 Updated user MNTSODO: party:  -> None
2026-02-12 19:28:48,201 - oracle_user_sync_modern - INFO - [process_single_user:956] - 🔄 Updated user TPNTULI: party:  -> None
2026-02-12 19:28:48,226 - oracle_user_sync_modern - INFO - [process_single_user:956] - 🔄 Updated user LNXELEWA: party:  -> None
2026-02-12 19:28:48,261 - oracle_user_sync_modern - INFO - [process_single_user:956] - 🔄 Updated user MNYIKANA: party:  -> None
2026-02-12 19:28:48,284 - oracle_user_sync_modern - INFO - [process_single_user:956] - 🔄 Updated user MNYWASHU: party:  -> None
2026-02-12 19:28:48,313 - oracle_user_sync_modern - INFO - [process_single_user:956] - 🔄 Updated user SOCONNOR: party:  -> None
2026-02-12 19:28:48,341 - oracle_user_sync_modern - INFO - [process_single_user:956] - 🔄 Updated user GOBERHOLZER: party:  -> None
2026-02-12 19:28:48,366 - oracle_user_sync_modern - INFO - [process_single_user:956] - 🔄 Updated user AOCTOBER: party:  -> None
2026-02-12 19:28:48,398 - oracle_user_sync_modern - INFO - [process_single_user:956] - 🔄 Updated user NOKOJIE: party:  -> None
2026-02-12 19:28:48,448 - oracle_user_sync_modern - INFO - [process_single_user:956] - 🔄 Updated user SOLIPHANT: party:  -> None
2026-02-12 19:28:48,514 - oracle_user_sync_modern - INFO - [process_single_user:956] - 🔄 Updated user SOPPERMAN: party:  -> None
2026-02-12 19:28:48,545 - oracle_user_sync_modern - INFO - [process_single_user:956] - 🔄 Updated user NORLANDI: party:  -> None
2026-02-12 19:28:48,571 - oracle_user_sync_modern - INFO - [process_single_user:956] - 🔄 Updated user ROSBORNE-MULLINS: party:  -> None
2026-02-12 19:28:48,598 - oracle_user_sync_modern - INFO - [process_single_user:956] - 🔄 Updated user GOSMAN: party:  -> None
2026-02-12 19:28:48,634 - oracle_user_sync_modern - INFO - [process_single_user:956] - 🔄 Updated user AOWEN-JONES: party:  -> None
2026-02-12 19:28:48,662 - oracle_user_sync_modern - INFO - [process_single_user:956] - 🔄 Updated user MPANDAY: party:  -> None
2026-02-12 19:28:48,684 - oracle_user_sync_modern - INFO - [process_single_user:956] - 🔄 Updated user MPAPO: party:  -> None
2026-02-12 19:28:48,712 - oracle_user_sync_modern - INFO - [process_single_user:956] - 🔄 Updated user SPARKER-EMARAN: party:  -> None
2026-02-12 19:28:48,736 - oracle_user_sync_modern - INFO - [process_single_user:956] - 🔄 Updated user VPASE: party:  -> None
2026-02-12 19:28:48,765 - oracle_user_sync_modern - INFO - [process_single_user:956] - 🔄 Updated user KPASIYA-MNDENDE: party:  -> None
2026-02-12 19:28:48,789 - oracle_user_sync_modern - INFO - [process_single_user:956] - 🔄 Updated user LPASSENS-JACKSON: party:  -> None
2026-02-12 19:28:48,814 - oracle_user_sync_modern - INFO - [process_single_user:956] - 🔄 Updated user BPAULSE: party:  -> None
2026-02-12 19:28:48,838 - oracle_user_sync_modern - INFO - [process_single_user:956] - 🔄 Updated user CPAULSE: party:  -> None
2026-02-12 19:28:48,864 - oracle_user_sync_modern - INFO - [process_single_user:956] - 🔄 Updated user JPAULSE: party:  -> None
2026-02-12 19:28:48,867 - oracle_user_sync_modern - INFO - [sync_users_and_groups:740] - 🔄 Processing batch 13/16 (100 users)
2026-02-12 19:28:48,892 - oracle_user_sync_modern - INFO - [process_single_user:956] - 🔄 Updated user JPAULSEN: party:  -> None
2026-02-12 19:28:48,921 - oracle_user_sync_modern - INFO - [process_single_user:956] - 🔄 Updated user SPEER: party:  -> None
2026-02-12 19:28:48,970 - oracle_user_sync_modern - INFO - [process_single_user:956] - 🔄 Updated user MPENWARDEN: party:  -> None
2026-02-12 19:28:49,001 - oracle_user_sync_modern - INFO - [process_single_user:956] - 🔄 Updated user PPETER: party:  -> None
2026-02-12 19:28:49,023 - oracle_user_sync_modern - INFO - [process_single_user:956] - 🔄 Updated user SHPETERS: party:  -> None
2026-02-12 19:28:49,049 - oracle_user_sync_modern - INFO - [process_single_user:956] - 🔄 Updated user APETERSEN: party:  -> None
2026-02-12 19:28:49,073 - oracle_user_sync_modern - INFO - [process_single_user:956] - 🔄 Updated user KEPETERSEN: party:  -> None
2026-02-12 19:28:49,099 - oracle_user_sync_modern - INFO - [process_single_user:956] - 🔄 Updated user LLPETERSEN: party:  -> None
2026-02-12 19:28:49,126 - oracle_user_sync_modern - INFO - [process_single_user:956] - 🔄 Updated user RPETERSEN: party:  -> None
2026-02-12 19:28:49,151 - oracle_user_sync_modern - INFO - [process_single_user:956] - 🔄 Updated user APETLELE: party:  -> None
2026-02-12 19:28:49,174 - oracle_user_sync_modern - INFO - [process_single_user:956] - 🔄 Updated user NPEYI: party:  -> None
2026-02-12 19:28:49,197 - oracle_user_sync_modern - INFO - [process_single_user:956] - 🔄 Updated user SPEZI: party:  -> None
2026-02-12 19:28:49,222 - oracle_user_sync_modern - INFO - [process_single_user:956] - 🔄 Updated user CPHAFULI: party:  -> None
2026-02-12 19:28:49,244 - oracle_user_sync_modern - INFO - [process_single_user:956] - 🔄 Updated user KPAKADE: party:  -> None
2026-02-12 19:28:49,274 - oracle_user_sync_modern - INFO - [process_single_user:956] - 🔄 Updated user MPHAO: party:  -> None
2026-02-12 19:28:49,315 - oracle_user_sync_modern - INFO - [process_single_user:956] - 🔄 Updated user JPHAWENI: party:  -> None
2026-02-12 19:28:49,348 - oracle_user_sync_modern - INFO - [process_single_user:956] - 🔄 Updated user MPHINDELA: party:  -> None
2026-02-12 19:28:49,381 - oracle_user_sync_modern - INFO - [process_single_user:956] - 🔄 Updated user NPHITHI: party:  -> None
2026-02-12 19:28:49,412 - oracle_user_sync_modern - INFO - [process_single_user:956] - 🔄 Updated user CPICK: party:  -> None
2026-02-12 19:28:49,444 - oracle_user_sync_modern - INFO - [process_single_user:956] - 🔄 Updated user APIETERS: party:  -> None
2026-02-12 19:28:49,466 - oracle_user_sync_modern - INFO - [process_single_user:956] - 🔄 Updated user JPIETERSE: party:  -> None
2026-02-12 19:28:49,490 - oracle_user_sync_modern - INFO - [process_single_user:956] - 🔄 Updated user APIETERSEN: party:  -> None
2026-02-12 19:28:49,514 - oracle_user_sync_modern - INFO - [process_single_user:956] - 🔄 Updated user MPIETERSEN: party:  -> None
2026-02-12 19:28:49,542 - oracle_user_sync_modern - INFO - [process_single_user:956] - 🔄 Updated user MPILLAY: party:  -> None
2026-02-12 19:28:49,570 - oracle_user_sync_modern - INFO - [process_single_user:956] - 🔄 Updated user PPILLAY: party:  -> None
2026-02-12 19:28:49,603 - oracle_user_sync_modern - INFO - [process_single_user:956] - 🔄 Updated user EPITERE: party:  -> None
2026-02-12 19:28:49,627 - oracle_user_sync_modern - INFO - [process_single_user:956] - 🔄 Updated user UPITYANA: party:  -> None
2026-02-12 19:28:49,655 - oracle_user_sync_modern - INFO - [process_single_user:956] - 🔄 Updated user SHPLAATJIE: party:  -> None
2026-02-12 19:28:49,677 - oracle_user_sync_modern - INFO - [process_single_user:956] - 🔄 Updated user MPLAATJIES: party:  -> None
2026-02-12 19:28:49,703 - oracle_user_sync_modern - INFO - [process_single_user:956] - 🔄 Updated user OPLUM: party:  -> None
2026-02-12 19:28:49,726 - oracle_user_sync_modern - INFO - [process_single_user:956] - 🔄 Updated user CPOCKPASS: party:  -> None
2026-02-12 19:28:49,755 - oracle_user_sync_modern - INFO - [process_single_user:956] - 🔄 Updated user UPOKWANA: party:  -> None
2026-02-12 19:28:49,777 - oracle_user_sync_modern - INFO - [process_single_user:956] - 🔄 Updated user RPOLIAH: party:  -> None
2026-02-12 19:28:49,804 - oracle_user_sync_modern - INFO - [process_single_user:956] - 🔄 Updated user JPOTGIETER: party:  -> None
2026-02-12 19:28:49,829 - oracle_user_sync_modern - INFO - [process_single_user:956] - 🔄 Updated user MPOTGIETER: party:  -> None
2026-02-12 19:28:49,864 - oracle_user_sync_modern - INFO - [process_single_user:956] - 🔄 Updated user MVPOTGIETER: party:  -> None
2026-02-12 19:28:49,887 - oracle_user_sync_modern - INFO - [process_single_user:956] - 🔄 Updated user LPOTLAKI: party:  -> None
2026-02-12 19:28:49,914 - oracle_user_sync_modern - INFO - [process_single_user:956] - 🔄 Updated user CPRETORIUS: party:  -> None
2026-02-12 19:28:49,938 - oracle_user_sync_modern - INFO - [process_single_user:956] - 🔄 Updated user MPRINCE: party:  -> None
2026-02-12 19:28:49,963 - oracle_user_sync_modern - INFO - [process_single_user:956] - 🔄 Updated user SPULEY: party:  -> None
2026-02-12 19:28:49,988 - oracle_user_sync_modern - INFO - [process_single_user:956] - 🔄 Updated user SQILIKWANA: party:  -> None
2026-02-12 19:28:50,011 - oracle_user_sync_modern - INFO - [process_single_user:956] - 🔄 Updated user PQIQIMANA: party:  -> None
2026-02-12 19:28:50,051 - oracle_user_sync_modern - INFO - [process_single_user:956] - 🔄 Updated user MQUARRIE: party:  -> None
2026-02-12 19:28:50,076 - oracle_user_sync_modern - INFO - [process_single_user:956] - 🔄 Updated user AQUBEKA: party:  -> None
2026-02-12 19:28:50,101 - oracle_user_sync_modern - INFO - [process_single_user:956] - 🔄 Updated user NQWABE: party:  -> None
2026-02-12 19:28:50,130 - oracle_user_sync_modern - INFO - [process_single_user:956] - 🔄 Updated user MRADINGOANA: party:  -> None
2026-02-12 19:28:50,155 - oracle_user_sync_modern - INFO - [process_single_user:956] - 🔄 Updated user ZRAHIM: party:  -> None
2026-02-12 19:28:50,180 - oracle_user_sync_modern - INFO - [process_single_user:956] - 🔄 Updated user VRAMAANO: party:  -> None
2026-02-12 19:28:50,210 - oracle_user_sync_modern - INFO - [process_single_user:956] - 🔄 Updated user MRAMSAMI: party:  -> None
2026-02-12 19:28:50,242 - oracle_user_sync_modern - INFO - [process_single_user:956] - 🔄 Updated user ARATHUMBU: party:  -> None
2026-02-12 19:28:50,268 - oracle_user_sync_modern - INFO - [process_single_user:956] - 🔄 Updated user ERATSHIVHANDA: party:  -> None
2026-02-12 19:28:50,297 - oracle_user_sync_modern - INFO - [process_single_user:956] - 🔄 Updated user SREGAL: party:  -> None
2026-02-12 19:28:50,318 - oracle_user_sync_modern - INFO - [process_single_user:956] - 🔄 Updated user CRHODE: party:  -> None
2026-02-12 19:28:50,342 - oracle_user_sync_modern - INFO - [process_single_user:956] - 🔄 Updated user BROBERTS: party:  -> None
2026-02-12 19:28:50,364 - oracle_user_sync_modern - INFO - [process_single_user:956] - 🔄 Updated user RROBYN: party:  -> None
2026-02-12 19:28:50,394 - oracle_user_sync_modern - INFO - [process_single_user:956] - 🔄 Updated user LROSSOUW: party:  -> None
2026-02-12 19:28:50,419 - oracle_user_sync_modern - INFO - [process_single_user:956] - 🔄 Updated user FROYI: party:  -> None
2026-02-12 19:28:50,446 - oracle_user_sync_modern - INFO - [process_single_user:956] - 🔄 Updated user SRUITERS: party:  -> None
2026-02-12 19:28:50,479 - oracle_user_sync_modern - INFO - [process_single_user:956] - 🔄 Updated user LRWEXANA-ZAZINI: party:  -> None
2026-02-12 19:28:50,504 - oracle_user_sync_modern - INFO - [process_single_user:956] - 🔄 Updated user LSAIT: party:  -> None
2026-02-12 19:28:50,536 - oracle_user_sync_modern - INFO - [process_single_user:956] - 🔄 Updated user ZSAKASA: party:  -> None
2026-02-12 19:28:50,563 - oracle_user_sync_modern - INFO - [process_single_user:956] - 🔄 Updated user NSAKI: party:  -> None
2026-02-12 19:28:50,591 - oracle_user_sync_modern - INFO - [process_single_user:956] - 🔄 Updated user GSALIE: party:  -> None
2026-02-12 19:28:50,620 - oracle_user_sync_modern - INFO - [process_single_user:956] - 🔄 Updated user HSALIE: party:  -> None
2026-02-12 19:28:50,643 - oracle_user_sync_modern - INFO - [process_single_user:956] - 🔄 Updated user ASALMON: party:  -> None
2026-02-12 19:28:50,677 - oracle_user_sync_modern - INFO - [process_single_user:956] - 🔄 Updated user NSAMSODIEN: party:  -> None
2026-02-12 19:28:50,700 - oracle_user_sync_modern - INFO - [process_single_user:956] - 🔄 Updated user DSAMUELS: party:  -> None
2026-02-12 19:28:50,729 - oracle_user_sync_modern - INFO - [process_single_user:956] - 🔄 Updated user ESAPTOE: party:  -> None
2026-02-12 19:28:50,753 - oracle_user_sync_modern - INFO - [process_single_user:956] - 🔄 Updated user VSAVARY-JACKSON: party:  -> None
2026-02-12 19:28:50,776 - oracle_user_sync_modern - INFO - [process_single_user:956] - 🔄 Updated user RSCHARNECK: party:  -> None
2026-02-12 19:28:50,806 - oracle_user_sync_modern - INFO - [process_single_user:956] - 🔄 Updated user DSCHOLTZ: party:  -> None
2026-02-12 19:28:50,830 - oracle_user_sync_modern - INFO - [process_single_user:956] - 🔄 Updated user NSCHOLTZ: party:  -> None
2026-02-12 19:28:50,852 - oracle_user_sync_modern - INFO - [process_single_user:956] - 🔄 Updated user HSCHROEDER: party:  -> None
2026-02-12 19:28:50,856 - oracle_user_sync_modern - INFO - [sync_users_and_groups:740] - 🔄 Processing batch 14/16 (100 users)
2026-02-12 19:28:50,904 - oracle_user_sync_modern - INFO - [process_single_user:956] - 🔄 Updated user RSCOTT: party:  -> None
2026-02-12 19:28:50,931 - oracle_user_sync_modern - INFO - [process_single_user:956] - 🔄 Updated user TSEBOKA: party:  -> None
2026-02-12 19:28:50,953 - oracle_user_sync_modern - INFO - [process_single_user:956] - 🔄 Updated user JSEFAKO: party:  -> None
2026-02-12 19:28:50,978 - oracle_user_sync_modern - INFO - [process_single_user:956] - 🔄 Updated user MSEFORA: party:  -> None
2026-02-12 19:28:51,003 - oracle_user_sync_modern - INFO - [process_single_user:956] - 🔄 Updated user ESEITSHEGECO: party:  -> None
2026-02-12 19:28:51,026 - oracle_user_sync_modern - INFO - [process_single_user:956] - 🔄 Updated user MSEKATANE: party:  -> None
2026-02-12 19:28:51,050 - oracle_user_sync_modern - INFO - [process_single_user:956] - 🔄 Updated user MSEKHONYANE: party:  -> None
2026-02-12 19:28:51,079 - oracle_user_sync_modern - INFO - [process_single_user:956] - 🔄 Updated user KSENKOTO: party:  -> None
2026-02-12 19:28:51,106 - oracle_user_sync_modern - INFO - [process_single_user:956] - 🔄 Updated user WSEOPOSENGWE: party:  -> None
2026-02-12 19:28:51,135 - oracle_user_sync_modern - INFO - [process_single_user:956] - 🔄 Updated user NSEOTHAENG: party:  -> None
2026-02-12 19:28:51,164 - oracle_user_sync_modern - INFO - [process_single_user:956] - 🔄 Updated user TSEPANYA: party:  -> None
2026-02-12 19:28:51,192 - oracle_user_sync_modern - INFO - [process_single_user:956] - 🔄 Updated user NSEPTEMBER: party:  -> None
2026-02-12 19:28:51,222 - oracle_user_sync_modern - INFO - [process_single_user:956] - 🔄 Updated user SSEPTEMBER: party:  -> None
2026-02-12 19:28:51,248 - oracle_user_sync_modern - INFO - [process_single_user:956] - 🔄 Updated user TSETONA: party:  -> None
2026-02-12 19:28:51,279 - oracle_user_sync_modern - INFO - [process_single_user:956] - 🔄 Updated user SSEUTLWADI: party:  -> None
2026-02-12 19:28:51,306 - oracle_user_sync_modern - INFO - [process_single_user:956] - 🔄 Updated user GSHABALALA: party:  -> None
2026-02-12 19:28:51,329 - oracle_user_sync_modern - INFO - [process_single_user:956] - 🔄 Updated user NSHABALALA: party:  -> None
2026-02-12 19:28:51,353 - oracle_user_sync_modern - INFO - [process_single_user:956] - 🔄 Updated user VSHABALALA: party:  -> None
2026-02-12 19:28:51,381 - oracle_user_sync_modern - INFO - [process_single_user:956] - 🔄 Updated user CSHELDON: party:  -> None
2026-02-12 19:28:51,405 - oracle_user_sync_modern - INFO - [process_single_user:956] - 🔄 Updated user MSHELDON: party:  -> None
2026-02-12 19:28:51,428 - oracle_user_sync_modern - INFO - [process_single_user:956] - 🔄 Updated user RSHELDON: party:  -> None
2026-02-12 19:28:51,457 - oracle_user_sync_modern - INFO - [process_single_user:956] - 🔄 Updated user SSHITLABANE: party:  -> None
2026-02-12 19:28:51,483 - oracle_user_sync_modern - INFO - [process_single_user:956] - 🔄 Updated user DSHOLE: party:  -> None
2026-02-12 19:28:51,526 - oracle_user_sync_modern - INFO - [process_single_user:956] - 🔄 Updated user LSIBANDA: party:  -> None
2026-02-12 19:28:51,553 - oracle_user_sync_modern - INFO - [process_single_user:956] - 🔄 Updated user RSIBANDE: party:  -> None
2026-02-12 19:28:51,577 - oracle_user_sync_modern - INFO - [process_single_user:956] - 🔄 Updated user TSIBANYONI: party:  -> None
2026-02-12 19:28:51,603 - oracle_user_sync_modern - INFO - [process_single_user:956] - 🔄 Updated user SSIBEKO: party:  -> None
2026-02-12 19:28:51,630 - oracle_user_sync_modern - INFO - [process_single_user:956] - 🔄 Updated user GSIBISI: party:  -> None
2026-02-12 19:28:51,659 - oracle_user_sync_modern - INFO - [process_single_user:956] - 🔄 Updated user RSIBISI: party:  -> None
2026-02-12 19:28:51,686 - oracle_user_sync_modern - INFO - [process_single_user:956] - 🔄 Updated user TSIBISI: party:  -> None
2026-02-12 19:28:51,716 - oracle_user_sync_modern - INFO - [process_single_user:956] - 🔄 Updated user VSIBISI: party:  -> None
2026-02-12 19:28:51,743 - oracle_user_sync_modern - INFO - [process_single_user:956] - 🔄 Updated user BSIBIYA: party:  -> None
2026-02-12 19:28:51,773 - oracle_user_sync_modern - INFO - [process_single_user:956] - 🔄 Updated user PSIGIJIMI: party:  -> None
2026-02-12 19:28:51,800 - oracle_user_sync_modern - INFO - [process_single_user:956] - 🔄 Updated user SSIGILA: party:  -> None
2026-02-12 19:28:51,826 - oracle_user_sync_modern - INFO - [process_single_user:956] - 🔄 Updated user LSIGWELA: party:  -> None
2026-02-12 19:28:51,863 - oracle_user_sync_modern - INFO - [process_single_user:956] - 🔄 Updated user NSIHAWU: party:  -> None
2026-02-12 19:28:51,885 - oracle_user_sync_modern - INFO - [process_single_user:956] - 🔄 Updated user NSIKEY: party:  -> None
2026-02-12 19:28:51,909 - oracle_user_sync_modern - INFO - [process_single_user:956] - 🔄 Updated user NSILEVU: party:  -> None
2026-02-12 19:28:51,938 - oracle_user_sync_modern - INFO - [process_single_user:956] - 🔄 Updated user YSILI: party:  -> None
2026-02-12 19:28:51,965 - oracle_user_sync_modern - INFO - [process_single_user:956] - 🔄 Updated user CSILKSTONE: party:  -> None
2026-02-12 19:28:51,994 - oracle_user_sync_modern - INFO - [process_single_user:956] - 🔄 Updated user BSIMANI: party:  -> None
2026-02-12 19:28:52,021 - oracle_user_sync_modern - INFO - [process_single_user:956] - 🔄 Updated user DSIMELANE: party:  -> None
2026-02-12 19:28:52,049 - oracle_user_sync_modern - INFO - [process_single_user:956] - 🔄 Updated user XSIMELANE: party:  -> None
2026-02-12 19:28:52,073 - oracle_user_sync_modern - INFO - [process_single_user:956] - 🔄 Updated user BSIMONS: party:  -> None
2026-02-12 19:28:52,095 - oracle_user_sync_modern - INFO - [process_single_user:956] - 🔄 Updated user JSIMONS: party:  -> None
2026-02-12 19:28:52,123 - oracle_user_sync_modern - INFO - [process_single_user:956] - 🔄 Updated user KSINONO: party:  -> None
2026-02-12 19:28:52,149 - oracle_user_sync_modern - INFO - [process_single_user:956] - 🔄 Updated user ASINYEGWE: party:  -> None
2026-02-12 19:28:52,177 - oracle_user_sync_modern - INFO - [process_single_user:956] - 🔄 Updated user SSIPAMLA: party:  -> None
2026-02-12 19:28:52,200 - oracle_user_sync_modern - INFO - [process_single_user:956] - 🔄 Updated user VSIPOKO: party:  -> None
2026-02-12 19:28:52,224 - oracle_user_sync_modern - INFO - [process_single_user:956] - 🔄 Updated user NSIPUNZI: party:  -> None
2026-02-12 19:28:52,247 - oracle_user_sync_modern - INFO - [process_single_user:956] - 🔄 Updated user NSISELE: party:  -> None
2026-02-12 19:28:52,272 - oracle_user_sync_modern - INFO - [process_single_user:956] - 🔄 Updated user LSISHUBA: party:  -> None
2026-02-12 19:28:52,296 - oracle_user_sync_modern - INFO - [process_single_user:956] - 🔄 Updated user DSITHOLE: party:  -> None
2026-02-12 19:28:52,323 - oracle_user_sync_modern - INFO - [process_single_user:956] - 🔄 Updated user GSITHOLE: party:  -> None
2026-02-12 19:28:52,349 - oracle_user_sync_modern - INFO - [process_single_user:956] - 🔄 Updated user SSITHOLE: party:  -> None
2026-02-12 19:28:52,378 - oracle_user_sync_modern - INFO - [process_single_user:956] - 🔄 Updated user SMSITHOLE: party:  -> None
2026-02-12 19:28:52,408 - oracle_user_sync_modern - INFO - [process_single_user:956] - 🔄 Updated user TUSITHOLE: party:  -> None
2026-02-12 19:28:52,441 - oracle_user_sync_modern - INFO - [process_single_user:956] - 🔄 Updated user MSIXABAYI-MDALA: party:  -> None
2026-02-12 19:28:52,474 - oracle_user_sync_modern - INFO - [process_single_user:956] - 🔄 Updated user SSIXASO: party:  -> None
2026-02-12 19:28:52,502 - oracle_user_sync_modern - INFO - [process_single_user:956] - 🔄 Updated user TPEPETEKA: party:  -> None
2026-02-12 19:28:52,532 - oracle_user_sync_modern - INFO - [process_single_user:956] - 🔄 Updated user NSKAKA: party:  -> None
2026-02-12 19:28:52,560 - oracle_user_sync_modern - INFO - [process_single_user:956] - 🔄 Updated user NSKELE: party:  -> None
2026-02-12 19:28:52,590 - oracle_user_sync_modern - INFO - [process_single_user:956] - 🔄 Updated user WSKITI: party:  -> None
2026-02-12 19:28:52,614 - oracle_user_sync_modern - INFO - [process_single_user:956] - 🔄 Updated user MSKOLO: party:  -> None
2026-02-12 19:28:52,637 - oracle_user_sync_modern - INFO - [process_single_user:956] - 🔄 Updated user BSKOSANA: party:  -> None
2026-02-12 19:28:52,662 - oracle_user_sync_modern - INFO - [process_single_user:956] - 🔄 Updated user JSMALL: party:  -> None
2026-02-12 19:28:52,697 - oracle_user_sync_modern - INFO - [process_single_user:956] - 🔄 Updated user JSMIDT: party:  -> None
2026-02-12 19:28:52,726 - oracle_user_sync_modern - INFO - [process_single_user:956] - 🔄 Updated user SSMITH: party:  -> None
2026-02-12 19:28:52,750 - oracle_user_sync_modern - INFO - [process_single_user:956] - 🔄 Updated user CSOCISHE: party:  -> None
2026-02-12 19:28:52,775 - oracle_user_sync_modern - INFO - [process_single_user:956] - 🔄 Updated user ASOKOMANI: party:  -> None
2026-02-12 19:28:52,811 - oracle_user_sync_modern - INFO - [process_single_user:956] - 🔄 Updated user YRSOLOMONS: party:  -> None
2026-02-12 19:28:52,832 - oracle_user_sync_modern - INFO - [process_single_user:956] - 🔄 Updated user ZSOMANA: party:  -> None
2026-02-12 19:28:52,858 - oracle_user_sync_modern - INFO - [process_single_user:956] - 🔄 Updated user ANKWANDLA: party:  -> None
2026-02-12 19:28:52,863 - oracle_user_sync_modern - INFO - [sync_users_and_groups:740] - 🔄 Processing batch 15/16 (100 users)
2026-02-12 19:28:52,886 - oracle_user_sync_modern - INFO - [process_single_user:956] - 🔄 Updated user NSONJICA: party:  -> None
2026-02-12 19:28:52,912 - oracle_user_sync_modern - INFO - [process_single_user:956] - 🔄 Updated user NKSOSIBO: party:  -> None
2026-02-12 19:28:52,935 - oracle_user_sync_modern - INFO - [process_single_user:956] - 🔄 Updated user JSOTA: party:  -> None
2026-02-12 19:28:52,956 - oracle_user_sync_modern - INFO - [process_single_user:956] - 🔄 Updated user NSOTSHONONDA: party:  -> None
2026-02-12 19:28:52,979 - oracle_user_sync_modern - INFO - [process_single_user:956] - 🔄 Updated user CSOUTHGATE: party:  -> None
2026-02-12 19:28:53,001 - oracle_user_sync_modern - INFO - [process_single_user:956] - 🔄 Updated user FSOUTHWOOD: party:  -> None
2026-02-12 19:28:53,025 - oracle_user_sync_modern - INFO - [process_single_user:956] - 🔄 Updated user SSOWAZI: party:  -> None
2026-02-12 19:28:53,050 - oracle_user_sync_modern - INFO - [process_single_user:956] - 🔄 Updated user NSPONDO: party:  -> None
2026-02-12 19:28:53,072 - oracle_user_sync_modern - INFO - [process_single_user:956] - 🔄 Updated user JSQUIRES: party:  -> None
2026-02-12 19:28:53,100 - oracle_user_sync_modern - INFO - [process_single_user:956] - 🔄 Updated user KSTAIN: party:  -> None
2026-02-12 19:28:53,125 - oracle_user_sync_modern - INFO - [process_single_user:956] - 🔄 Updated user MSTEENBERG: party:  -> None
2026-02-12 19:28:53,147 - oracle_user_sync_modern - INFO - [process_single_user:956] - 🔄 Updated user RSTEENKAMP: party:  -> None
2026-02-12 19:28:53,170 - oracle_user_sync_modern - INFO - [process_single_user:956] - 🔄 Updated user NSTEMELE: party:  -> None
2026-02-12 19:28:53,191 - oracle_user_sync_modern - INFO - [process_single_user:956] - 🔄 Updated user TCHETTY: party:  -> None
2026-02-12 19:28:53,214 - oracle_user_sync_modern - INFO - [process_single_user:956] - 🔄 Updated user NSTENGILE: party:  -> None
2026-02-12 19:28:53,235 - oracle_user_sync_modern - INFO - [process_single_user:956] - 🔄 Updated user ISTEPHNEY: party:  -> None
2026-02-12 19:28:53,266 - oracle_user_sync_modern - INFO - [process_single_user:956] - 🔄 Updated user USTEVENS: party:  -> None
2026-02-12 19:28:53,308 - oracle_user_sync_modern - INFO - [process_single_user:956] - 🔄 Updated user LSTOCK: party:  -> None
2026-02-12 19:28:53,334 - oracle_user_sync_modern - INFO - [process_single_user:956] - 🔄 Updated user LSTOFILE: party:  -> None
2026-02-12 19:28:53,366 - oracle_user_sync_modern - INFO - [process_single_user:956] - 🔄 Updated user SSWANEPOEL: party:  -> None
2026-02-12 19:28:53,398 - oracle_user_sync_modern - INFO - [process_single_user:956] - 🔄 Updated user WSWIGELAAR: party:  -> None
2026-02-12 19:28:53,430 - oracle_user_sync_modern - INFO - [process_single_user:956] - 🔄 Updated user PTAGANE: party:  -> None
2026-02-12 19:28:53,465 - oracle_user_sync_modern - INFO - [process_single_user:956] - 🔄 Updated user LTAKANE: party:  -> None
2026-02-12 19:28:53,503 - oracle_user_sync_modern - INFO - [process_single_user:956] - 🔄 Updated user KTAYLOR: party:  -> None
2026-02-12 19:28:53,527 - oracle_user_sync_modern - INFO - [process_single_user:956] - 🔄 Updated user HTEMBE: party:  -> None
2026-02-12 19:28:53,551 - oracle_user_sync_modern - INFO - [process_single_user:956] - 🔄 Updated user STEMBE: party:  -> None
2026-02-12 19:28:53,576 - oracle_user_sync_modern - INFO - [process_single_user:956] - 🔄 Updated user NTETE: party:  -> None
2026-02-12 19:28:53,603 - oracle_user_sync_modern - INFO - [process_single_user:956] - 🔄 Updated user ATETYANA: party:  -> None
2026-02-12 19:28:53,629 - oracle_user_sync_modern - INFO - [process_single_user:956] - 🔄 Updated user KTHAMAGA: party:  -> None
2026-02-12 19:28:53,656 - oracle_user_sync_modern - INFO - [process_single_user:956] - 🔄 Updated user GTHEBUS: party:  -> None
2026-02-12 19:28:53,678 - oracle_user_sync_modern - INFO - [process_single_user:956] - 🔄 Updated user JTHEMA: party:  -> None
2026-02-12 19:28:53,706 - oracle_user_sync_modern - INFO - [process_single_user:956] - 🔄 Updated user FTHERON: party:  -> None
2026-02-12 19:28:53,729 - oracle_user_sync_modern - INFO - [process_single_user:956] - 🔄 Updated user JTHEYS: party:  -> None
2026-02-12 19:28:53,756 - oracle_user_sync_modern - INFO - [process_single_user:956] - 🔄 Updated user MTHINDA: party:  -> None
2026-02-12 19:28:53,783 - oracle_user_sync_modern - INFO - [process_single_user:956] - 🔄 Updated user RTHINDA: party:  -> None
2026-02-12 19:28:53,810 - oracle_user_sync_modern - INFO - [process_single_user:956] - 🔄 Updated user PTHOLA: party:  -> None
2026-02-12 19:28:53,838 - oracle_user_sync_modern - INFO - [process_single_user:956] - 🔄 Updated user JTHOMAS: party:  -> None
2026-02-12 19:28:53,865 - oracle_user_sync_modern - INFO - [process_single_user:956] - 🔄 Updated user RITHOMAS: party:  -> None
2026-02-12 19:28:53,889 - oracle_user_sync_modern - INFO - [process_single_user:956] - 🔄 Updated user RTHOMAS: party:  -> None
2026-02-12 19:28:53,913 - oracle_user_sync_modern - INFO - [process_single_user:956] - 🔄 Updated user STHOMAS: party:  -> None
2026-02-12 19:28:53,937 - oracle_user_sync_modern - INFO - [process_single_user:956] - 🔄 Updated user RTHORNTON: party:  -> None
2026-02-12 19:28:53,961 - oracle_user_sync_modern - INFO - [process_single_user:956] - 🔄 Updated user UTHOSAGO: party:  -> None
2026-02-12 19:28:53,989 - oracle_user_sync_modern - INFO - [process_single_user:956] - 🔄 Updated user DTHULO: party:  -> None
2026-02-12 19:28:54,022 - oracle_user_sync_modern - INFO - [process_single_user:956] - 🔄 Updated user LTITUS: party:  -> None
2026-02-12 19:28:54,046 - oracle_user_sync_modern - INFO - [process_single_user:956] - 🔄 Updated user STITUS: party:  -> None
2026-02-12 19:28:54,088 - oracle_user_sync_modern - INFO - [process_single_user:956] - 🔄 Updated user STIWANA: party:  -> None
2026-02-12 19:28:54,113 - oracle_user_sync_modern - INFO - [process_single_user:956] - 🔄 Updated user FTIYA: party:  -> None
2026-02-12 19:28:54,144 - oracle_user_sync_modern - INFO - [process_single_user:956] - 🔄 Updated user NTLOU-LUPUWANA: party:  -> None
2026-02-12 19:28:54,172 - oracle_user_sync_modern - INFO - [process_single_user:956] - 🔄 Updated user ATOFU: party:  -> None
2026-02-12 19:28:54,200 - oracle_user_sync_modern - INFO - [process_single_user:956] - 🔄 Updated user NTOKWE: party:  -> None
2026-02-12 19:28:54,232 - oracle_user_sync_modern - INFO - [process_single_user:956] - 🔄 Updated user STOMSANA: party:  -> None
2026-02-12 19:28:54,260 - oracle_user_sync_modern - INFO - [process_single_user:956] - 🔄 Updated user MTOTI: party:  -> None
2026-02-12 19:28:54,290 - oracle_user_sync_modern - INFO - [process_single_user:956] - 🔄 Updated user BTROUT: party:  -> None
2026-02-12 19:28:54,317 - oracle_user_sync_modern - INFO - [process_single_user:956] - 🔄 Updated user BTSANA: party:  -> None
2026-02-12 19:28:54,343 - oracle_user_sync_modern - INFO - [process_single_user:956] - 🔄 Updated user STSEWU: party:  -> None
2026-02-12 19:28:54,365 - oracle_user_sync_modern - INFO - [process_single_user:956] - 🔄 Updated user STSHABALALA: party:  -> None
2026-02-12 19:28:54,388 - oracle_user_sync_modern - INFO - [process_single_user:956] - 🔄 Updated user MTSHEOLE: party:  -> None
2026-02-12 19:28:54,410 - oracle_user_sync_modern - INFO - [process_single_user:956] - 🔄 Updated user VTSHETU-MHLANGA: party:  -> None
2026-02-12 19:28:54,433 - oracle_user_sync_modern - INFO - [process_single_user:956] - 🔄 Updated user DMOENG: party:  -> None
2026-02-12 19:28:54,455 - oracle_user_sync_modern - INFO - [process_single_user:956] - 🔄 Updated user MTSHIPEPELE: party:  -> None
2026-02-12 19:28:54,478 - oracle_user_sync_modern - INFO - [process_single_user:956] - 🔄 Updated user NTSHOMA: party:  -> None
2026-02-12 19:28:54,500 - oracle_user_sync_modern - INFO - [process_single_user:956] - 🔄 Updated user STSHOMELA: party:  -> None
2026-02-12 19:28:54,527 - oracle_user_sync_modern - INFO - [process_single_user:956] - 🔄 Updated user CTSHOTWANA: party:  -> None
2026-02-12 19:28:54,550 - oracle_user_sync_modern - INFO - [process_single_user:956] - 🔄 Updated user ATUKWAYO: party:  -> None
2026-02-12 19:28:54,572 - oracle_user_sync_modern - INFO - [process_single_user:956] - 🔄 Updated user NTURDON: party:  -> None
2026-02-12 19:28:54,595 - oracle_user_sync_modern - INFO - [process_single_user:956] - 🔄 Updated user BTWALA: party:  -> None
2026-02-12 19:28:54,616 - oracle_user_sync_modern - INFO - [process_single_user:956] - 🔄 Updated user NTWALA: party:  -> None
2026-02-12 19:28:54,649 - oracle_user_sync_modern - INFO - [process_single_user:956] - 🔄 Updated user VTWELE: party:  -> None
2026-02-12 19:28:54,673 - oracle_user_sync_modern - INFO - [process_single_user:956] - 🔄 Updated user LTYALI: party:  -> None
2026-02-12 19:28:54,700 - oracle_user_sync_modern - INFO - [process_single_user:956] - 🔄 Updated user STYHOKOLO-MBETSHE: party:  -> None
2026-02-12 19:28:54,722 - oracle_user_sync_modern - INFO - [process_single_user:956] - 🔄 Updated user MTYOLWENI: party:  -> None
2026-02-12 19:28:54,745 - oracle_user_sync_modern - INFO - [process_single_user:956] - 🔄 Updated user FTYUMRE: party:  -> None
2026-02-12 19:28:54,767 - oracle_user_sync_modern - INFO - [process_single_user:956] - 🔄 Updated user MTYUMRE: party:  -> None
2026-02-12 19:28:54,794 - oracle_user_sync_modern - INFO - [process_single_user:956] - 🔄 Updated user GUNTHANK: party:  -> None
2026-02-12 19:28:54,822 - oracle_user_sync_modern - INFO - [process_single_user:956] - 🔄 Updated user JVANBLOEMESTEIN: party:  -> None
2026-02-12 19:28:54,851 - oracle_user_sync_modern - INFO - [process_single_user:956] - 🔄 Updated user SVANBREDA: party:  -> None
2026-02-12 19:28:54,879 - oracle_user_sync_modern - INFO - [process_single_user:956] - 🔄 Updated user AVANDERBURG: party:  -> None
2026-02-12 19:28:54,904 - oracle_user_sync_modern - INFO - [process_single_user:956] - 🔄 Updated user AVANDERMERWE: party:  -> None
2026-02-12 19:28:54,931 - oracle_user_sync_modern - INFO - [process_single_user:956] - 🔄 Updated user BVANECK: party:  -> None
2026-02-12 19:28:54,957 - oracle_user_sync_modern - INFO - [process_single_user:956] - 🔄 Updated user JVANEEDEN: party:  -> None
2026-02-12 19:28:54,980 - oracle_user_sync_modern - INFO - [process_single_user:956] - 🔄 Updated user VVANEEDEN: party:  -> None
2026-02-12 19:28:55,003 - oracle_user_sync_modern - INFO - [process_single_user:956] - 🔄 Updated user GVANHEERDEN: party:  -> None
2026-02-12 19:28:55,024 - oracle_user_sync_modern - INFO - [process_single_user:956] - 🔄 Updated user CVANNIEKERK: party:  -> None
2026-02-12 19:28:55,026 - oracle_user_sync_modern - INFO - [sync_users_and_groups:740] - 🔄 Processing batch 16/16 (85 users)
2026-02-12 19:28:55,053 - oracle_user_sync_modern - INFO - [process_single_user:956] - 🔄 Updated user LVANNIEKERK: party:  -> None
2026-02-12 19:28:55,077 - oracle_user_sync_modern - INFO - [process_single_user:956] - 🔄 Updated user TVANNIEKERK: party:  -> None
2026-02-12 19:28:55,099 - oracle_user_sync_modern - INFO - [process_single_user:956] - 🔄 Updated user CVANREENEN: party:  -> None
2026-02-12 19:28:55,122 - oracle_user_sync_modern - INFO - [process_single_user:956] - 🔄 Updated user CVANSCHALKWYK: party:  -> None
2026-02-12 19:28:55,147 - oracle_user_sync_modern - INFO - [process_single_user:956] - 🔄 Updated user NVANSTER: party:  -> None
2026-02-12 19:28:55,169 - oracle_user_sync_modern - INFO - [process_single_user:956] - 🔄 Updated user GVANUYS: party:  -> None
2026-02-12 19:28:55,202 - oracle_user_sync_modern - INFO - [process_single_user:956] - 🔄 Updated user NVANZYL-GOUS: party:  -> None
2026-02-12 19:28:55,230 - oracle_user_sync_modern - INFO - [process_single_user:956] - 🔄 Updated user CVANDERMERWE: party:  -> None
2026-02-12 19:28:55,263 - oracle_user_sync_modern - INFO - [process_single_user:956] - 🔄 Updated user DVANDERSPUY: party:  -> None
2026-02-12 19:28:55,290 - oracle_user_sync_modern - INFO - [process_single_user:956] - 🔄 Updated user RVANDERWALT: party:  -> None
2026-02-12 19:28:55,315 - oracle_user_sync_modern - INFO - [process_single_user:956] - 🔄 Updated user AVANDERWESTHUIZEN: party:  -> None
2026-02-12 19:28:55,341 - oracle_user_sync_modern - INFO - [process_single_user:956] - 🔄 Updated user JVANDERWESTHUIZEN: party:  -> None
2026-02-12 19:28:55,367 - oracle_user_sync_modern - INFO - [process_single_user:956] - 🔄 Updated user KVANQA: party:  -> None
2026-02-12 19:28:55,391 - oracle_user_sync_modern - INFO - [process_single_user:956] - 🔄 Updated user SVANQA: party:  -> None
2026-02-12 19:28:55,412 - oracle_user_sync_modern - INFO - [process_single_user:956] - 🔄 Updated user ZVELEBAYI: party:  -> None
2026-02-12 19:28:55,446 - oracle_user_sync_modern - INFO - [process_single_user:956] - 🔄 Updated user KHVELLEM: party:  -> None
2026-02-12 19:28:55,473 - oracle_user_sync_modern - INFO - [process_single_user:956] - 🔄 Updated user KVELLEM: party:  -> None
2026-02-12 19:28:55,496 - oracle_user_sync_modern - INFO - [process_single_user:956] - 🔄 Updated user BVENA: party:  -> None
2026-02-12 19:28:55,520 - oracle_user_sync_modern - INFO - [process_single_user:956] - 🔄 Updated user THVERREYNNE: party:  -> None
2026-02-12 19:28:55,546 - oracle_user_sync_modern - INFO - [process_single_user:956] - 🔄 Updated user JVERSTER: party:  -> None
2026-02-12 19:28:55,574 - oracle_user_sync_modern - INFO - [process_single_user:956] - 🔄 Updated user BVILJOEN: party:  -> None
2026-02-12 19:28:55,600 - oracle_user_sync_modern - INFO - [process_single_user:956] - 🔄 Updated user CVISSER: party:  -> None
2026-02-12 19:28:55,624 - oracle_user_sync_modern - INFO - [process_single_user:956] - 🔄 Updated user LVISSER: party:  -> None
2026-02-12 19:28:55,649 - oracle_user_sync_modern - INFO - [process_single_user:956] - 🔄 Updated user SVOKOZELA: party:  -> None
2026-02-12 19:28:55,672 - oracle_user_sync_modern - INFO - [process_single_user:956] - 🔄 Updated user AVOKWANA: party:  -> None
2026-02-12 19:28:55,699 - oracle_user_sync_modern - INFO - [process_single_user:956] - 🔄 Updated user GVOLMINK: party:  -> None
2026-02-12 19:28:55,728 - oracle_user_sync_modern - INFO - [process_single_user:956] - 🔄 Updated user NVUMAZONKE: party:  -> None
2026-02-12 19:28:55,760 - oracle_user_sync_modern - INFO - [process_single_user:956] - 🔄 Updated user BWALTERS: party:  -> None
2026-02-12 19:28:55,787 - oracle_user_sync_modern - INFO - [process_single_user:956] - 🔄 Updated user KWATSON: party:  -> None
2026-02-12 19:28:55,811 - oracle_user_sync_modern - INFO - [process_single_user:956] - 🔄 Updated user LWEBB: party:  -> None
2026-02-12 19:28:55,837 - oracle_user_sync_modern - INFO - [process_single_user:956] - 🔄 Updated user RWEBSTER: party:  -> None
2026-02-12 19:28:55,868 - oracle_user_sync_modern - INFO - [process_single_user:956] - 🔄 Updated user XWEZA: party:  -> None
2026-02-12 19:28:55,896 - oracle_user_sync_modern - INFO - [process_single_user:956] - 🔄 Updated user PWHITTLE: party:  -> None
2026-02-12 19:28:55,922 - oracle_user_sync_modern - INFO - [process_single_user:956] - 🔄 Updated user AWICOMB: party:  -> None
2026-02-12 19:28:55,958 - oracle_user_sync_modern - INFO - [process_single_user:956] - 🔄 Updated user CWIEGAND: party:  -> None
2026-02-12 19:28:55,986 - oracle_user_sync_modern - INFO - [process_single_user:956] - 🔄 Updated user JWILDSCHUTTE: party:  -> None
2026-02-12 19:28:56,021 - oracle_user_sync_modern - INFO - [process_single_user:956] - 🔄 Updated user CWILLIAMS: party:  -> None
2026-02-12 19:28:56,050 - oracle_user_sync_modern - INFO - [process_single_user:956] - 🔄 Updated user FWILLIAMS: party:  -> None
2026-02-12 19:28:56,079 - oracle_user_sync_modern - INFO - [process_single_user:956] - 🔄 Updated user JWILLIAMS: party:  -> None
2026-02-12 19:28:56,110 - oracle_user_sync_modern - INFO - [process_single_user:956] - 🔄 Updated user MAWILLIAMS: party:  -> None
2026-02-12 19:28:56,133 - oracle_user_sync_modern - INFO - [process_single_user:956] - 🔄 Updated user SHWILLIAMS: party:  -> None
2026-02-12 19:28:56,161 - oracle_user_sync_modern - INFO - [process_single_user:956] - 🔄 Updated user VWILLIAMS: party:  -> None
2026-02-12 19:28:56,193 - oracle_user_sync_modern - INFO - [process_single_user:956] - 🔄 Updated user ZWILLIAMS: party:  -> None
2026-02-12 19:28:56,221 - oracle_user_sync_modern - INFO - [process_single_user:956] - 🔄 Updated user NWITBOOI: party:  -> None
2026-02-12 19:28:56,252 - oracle_user_sync_modern - INFO - [process_single_user:956] - 🔄 Updated user MWOLELA: party:  -> None
2026-02-12 19:28:56,281 - oracle_user_sync_modern - INFO - [process_single_user:956] - 🔄 Updated user HWOLPE: party:  -> None
2026-02-12 19:28:56,308 - oracle_user_sync_modern - INFO - [process_single_user:956] - 🔄 Updated user DWOODINGTON: party:  -> None
2026-02-12 19:28:56,348 - oracle_user_sync_modern - INFO - [process_single_user:956] - 🔄 Updated user VXABENDLINI: party:  -> None
2026-02-12 19:28:56,374 - oracle_user_sync_modern - INFO - [process_single_user:956] - 🔄 Updated user MXASO: party:  -> None
2026-02-12 19:28:56,402 - oracle_user_sync_modern - INFO - [process_single_user:956] - 🔄 Updated user NXAUKA: party:  -> None
2026-02-12 19:28:56,433 - oracle_user_sync_modern - INFO - [process_single_user:956] - 🔄 Updated user KXULU: party:  -> None
2026-02-12 19:28:56,456 - oracle_user_sync_modern - INFO - [process_single_user:956] - 🔄 Updated user KZAMATYALA: party:  -> None
2026-02-12 19:28:56,486 - oracle_user_sync_modern - INFO - [process_single_user:956] - 🔄 Updated user MZAMISA: party:  -> None
2026-02-12 19:28:56,515 - oracle_user_sync_modern - INFO - [process_single_user:956] - 🔄 Updated user LZANTSI: party:  -> None
2026-02-12 19:28:56,542 - oracle_user_sync_modern - INFO - [process_single_user:956] - 🔄 Updated user ZZENANI: party:  -> None
2026-02-12 19:28:56,570 - oracle_user_sync_modern - INFO - [process_single_user:956] - 🔄 Updated user LZENZILE: party:  -> None
2026-02-12 19:28:56,593 - oracle_user_sync_modern - INFO - [process_single_user:956] - 🔄 Updated user MZIBEKO: party:  -> None
2026-02-12 19:28:56,627 - oracle_user_sync_modern - INFO - [process_single_user:956] - 🔄 Updated user SZIDE: party:  -> None
2026-02-12 19:28:56,654 - oracle_user_sync_modern - INFO - [process_single_user:956] - 🔄 Updated user DZIETSMAN: party:  -> None
2026-02-12 19:28:56,680 - oracle_user_sync_modern - INFO - [process_single_user:956] - 🔄 Updated user JZILS: party:  -> None
2026-02-12 19:28:56,706 - oracle_user_sync_modern - INFO - [process_single_user:956] - 🔄 Updated user AZINDLANI: party:  -> None
2026-02-12 19:28:56,732 - oracle_user_sync_modern - INFO - [process_single_user:956] - 🔄 Updated user SZISILE: party:  -> None
2026-02-12 19:28:56,758 - oracle_user_sync_modern - INFO - [process_single_user:956] - 🔄 Updated user NZIXESHA: party:  -> None
2026-02-12 19:28:56,784 - oracle_user_sync_modern - INFO - [process_single_user:956] - 🔄 Updated user ZZONDI: party:  -> None
2026-02-12 19:28:56,814 - oracle_user_sync_modern - INFO - [process_single_user:956] - 🔄 Updated user BZOSELA: party:  -> None
2026-02-12 19:28:56,839 - oracle_user_sync_modern - INFO - [process_single_user:956] - 🔄 Updated user EZULU: party:  -> None
2026-02-12 19:28:56,869 - oracle_user_sync_modern - INFO - [process_single_user:956] - 🔄 Updated user SZWELONKE: party:  -> None
2026-02-12 19:28:56,875 - oracle_user_sync_modern - INFO - [deactivate_missing_users:1176] - 🔍 Checking for users to deactivate...
2026-02-12 19:28:56,879 - oracle_user_sync_modern - INFO - [deactivate_missing_users:1200] - ⚠️  Found 0 users to deactivate
2026-02-12 19:28:56,879 - oracle_user_sync_modern - INFO - [generate_final_stats:1204] - 📊 Generating final statistics...
2026-02-12 19:28:56,884 - oracle_user_sync_modern - INFO - [generate_final_stats:1237] - ============================================================
2026-02-12 19:28:56,884 - oracle_user_sync_modern - INFO - [generate_final_stats:1238] - 📈 FINAL SYNCHRONIZATION STATISTICS
2026-02-12 19:28:56,884 - oracle_user_sync_modern - INFO - [generate_final_stats:1239] - ============================================================
2026-02-12 19:28:56,884 - oracle_user_sync_modern - INFO - [generate_final_stats:1240] - 🏛️  Parliamentary Composition:
2026-02-12 19:28:56,884 - oracle_user_sync_modern - INFO - [generate_final_stats:1241] -    • NA Members: 324
2026-02-12 19:28:56,884 - oracle_user_sync_modern - INFO - [generate_final_stats:1242] -    • NCOP Members: 54
2026-02-12 19:28:56,884 - oracle_user_sync_modern - INFO - [generate_final_stats:1243] -    • Staff Members: 1208
2026-02-12 19:28:56,884 - oracle_user_sync_modern - INFO - [generate_final_stats:1244] -    • Total Active Users: 1586
2026-02-12 19:28:56,884 - oracle_user_sync_modern - INFO - [generate_final_stats:1245] -    • Total Inactive Users: 0
2026-02-12 19:28:56,885 - oracle_user_sync_modern - INFO - [generate_final_stats:1246] -    • Active Memberships: 4755
2026-02-12 19:28:56,885 - oracle_user_sync_modern - INFO - [generate_final_stats:1247] - 
2026-02-12 19:28:56,885 - oracle_user_sync_modern - INFO - [generate_final_stats:1248] - 🔄 Sync Operations:
2026-02-12 19:28:56,885 - oracle_user_sync_modern - INFO - [generate_final_stats:1249] -    • Oracle users fetched: 1585
2026-02-12 19:28:56,885 - oracle_user_sync_modern - INFO - [generate_final_stats:1252] -    • Local users found: 0
2026-02-12 19:28:56,885 - oracle_user_sync_modern - INFO - [generate_final_stats:1255] -    • New users created: 0
2026-02-12 19:28:56,885 - oracle_user_sync_modern - INFO - [generate_final_stats:1256] -    • Users updated: 1207
2026-02-12 19:28:56,885 - oracle_user_sync_modern - INFO - [generate_final_stats:1257] -    • Users deactivated: 0
2026-02-12 19:28:56,885 - oracle_user_sync_modern - INFO - [generate_final_stats:1258] -    • New memberships: 0
2026-02-12 19:28:56,885 - oracle_user_sync_modern - INFO - [generate_final_stats:1259] -    • Updated memberships: 0
2026-02-12 19:28:56,885 - oracle_user_sync_modern - INFO - [generate_final_stats:1262] -    • Deactivated memberships: 0
2026-02-12 19:28:56,885 - oracle_user_sync_modern - INFO - [generate_final_stats:1265] -    • New roles created: 0
2026-02-12 19:28:56,885 - oracle_user_sync_modern - INFO - [generate_final_stats:1266] -    • New groups created: 0
2026-02-12 19:28:56,886 - oracle_user_sync_modern - INFO - [generate_final_stats:1267] -    • Fixed password hashes: 0
2026-02-12 19:28:56,886 - oracle_user_sync_modern - INFO - [generate_final_stats:1270] - 
2026-02-12 19:28:56,886 - oracle_user_sync_modern - INFO - [generate_final_stats:1271] - ⚠️  Issues:
2026-02-12 19:28:56,886 - oracle_user_sync_modern - INFO - [generate_final_stats:1272] -    • Errors encountered: 0
2026-02-12 19:28:56,886 - oracle_user_sync_modern - INFO - [generate_final_stats:1273] -    • Warnings issued: 0
2026-02-12 19:28:56,886 - oracle_user_sync_modern - INFO - [generate_final_stats:1274] - ============================================================
2026-02-12 19:28:56,887 - oracle_user_sync_modern - DEBUG - [cleanup_connections:1285] - Oracle cursor closed
2026-02-12 19:28:56,893 - oracle_user_sync_modern - DEBUG - [cleanup_connections:1292] - Oracle connection closed
2026-02-12 19:28:56,893 - oracle_user_sync_modern - INFO - [cleanup_connections:1296] - 🔌 Database connections cleaned up
2026-02-16 10:23:05,672 - oracle_user_sync_modern - INFO - [handle:157] - Starting Oracle user sync
2026-02-16 10:23:05,672 - oracle_user_sync_modern - INFO - [connect_to_oracle:204] - 🔧 Using modern oracledb library
2026-02-16 10:23:05,672 - oracle_user_sync_modern - INFO - [connect_to_oracle:207] - 🔧 Initializing Oracle thick mode (required for network encryption)...
2026-02-16 10:23:05,679 - oracle_user_sync_modern - DEBUG - [connect_to_oracle:255] - Thick mode init attempt 1 failed: DPI-1047: Cannot locate a 64-bit Oracle Client library: "libclntsh.so: cannot open shared object file: No such file or directory". See https://python-oracledb.readthedocs.io/en/latest/user_guide/initialization.html for help
Help: https://python-oracledb.readthedocs.io/en/latest/user_guide/troubleshooting.html#dpi-1047
2026-02-16 10:23:05,679 - oracle_user_sync_modern - DEBUG - [_try_thick_mode_with_paths:366] - Failed to init with path /usr/local/lib: DPI-1047: Cannot locate a 64-bit Oracle Client library: "libclntsh.so: cannot open shared object file: No such file or directory". See https://python-oracledb.readthedocs.io/en/latest/user_guide/initialization.html for help
Help: https://python-oracledb.readthedocs.io/en/latest/user_guide/troubleshooting.html#dpi-1047
2026-02-16 10:23:05,679 - oracle_user_sync_modern - DEBUG - [_try_thick_mode_with_paths:366] - Failed to init with path /usr/lib64: DPI-1047: Cannot locate a 64-bit Oracle Client library: "libclntsh.so: cannot open shared object file: No such file or directory". See https://python-oracledb.readthedocs.io/en/latest/user_guide/initialization.html for help
Help: https://python-oracledb.readthedocs.io/en/latest/user_guide/troubleshooting.html#dpi-1047
2026-02-16 10:23:05,679 - oracle_user_sync_modern - DEBUG - [connect_to_oracle:255] - Thick mode init attempt 2 failed: No valid Oracle client library found in standard paths
2026-02-16 10:23:05,679 - oracle_user_sync_modern - ERROR - [connect_to_oracle:274] - ❌ Failed to initialize Oracle thick mode (REQUIRED for network encryption).

Your Oracle database requires Network Encryption, which is only supported in thick mode.
Please install Oracle Instant Client:

Linux:
  1. Download from: https://www.oracle.com/database/technologies/instant-client/downloads.html
  2. Extract to /opt/oracle/instantclient_XX_X/
  3. Set LD_LIBRARY_PATH: export LD_LIBRARY_PATH=/opt/oracle/instantclient_XX_X:$LD_LIBRARY_PATH

macOS:
  1. Download from: https://www.oracle.com/database/technologies/instant-client/macos-intel-x86-downloads.html
  2. Extract to /usr/local/lib/

Last error: No valid Oracle client library found in standard paths
2026-02-16 10:23:05,679 - oracle_user_sync_modern - ERROR - [connect_to_oracle:348] -  Oracle connection failed: ❌ Failed to initialize Oracle thick mode (REQUIRED for network encryption).

Your Oracle database requires Network Encryption, which is only supported in thick mode.
Please install Oracle Instant Client:

Linux:
  1. Download from: https://www.oracle.com/database/technologies/instant-client/downloads.html
  2. Extract to /opt/oracle/instantclient_XX_X/
  3. Set LD_LIBRARY_PATH: export LD_LIBRARY_PATH=/opt/oracle/instantclient_XX_X:$LD_LIBRARY_PATH

macOS:
  1. Download from: https://www.oracle.com/database/technologies/instant-client/macos-intel-x86-downloads.html
  2. Extract to /usr/local/lib/

Last error: No valid Oracle client library found in standard paths
2026-02-16 10:23:05,679 - oracle_user_sync_modern - ERROR - [handle:175] - Sync failed with error:  Oracle connection failed: ❌ Failed to initialize Oracle thick mode (REQUIRED for network encryption).

Your Oracle database requires Network Encryption, which is only supported in thick mode.
Please install Oracle Instant Client:

Linux:
  1. Download from: https://www.oracle.com/database/technologies/instant-client/downloads.html
  2. Extract to /opt/oracle/instantclient_XX_X/
  3. Set LD_LIBRARY_PATH: export LD_LIBRARY_PATH=/opt/oracle/instantclient_XX_X:$LD_LIBRARY_PATH

macOS:
  1. Download from: https://www.oracle.com/database/technologies/instant-client/macos-intel-x86-downloads.html
  2. Extract to /usr/local/lib/

Last error: No valid Oracle client library found in standard paths
Traceback (most recent call last):
  File "/home/gelie/Projects/pwms/workflows/management/commands/sync_users_oracle_modern.py", line 275, in connect_to_oracle
    raise CommandError(error_msg)
django.core.management.base.CommandError: ❌ Failed to initialize Oracle thick mode (REQUIRED for network encryption).

Your Oracle database requires Network Encryption, which is only supported in thick mode.
Please install Oracle Instant Client:

Linux:
  1. Download from: https://www.oracle.com/database/technologies/instant-client/downloads.html
  2. Extract to /opt/oracle/instantclient_XX_X/
  3. Set LD_LIBRARY_PATH: export LD_LIBRARY_PATH=/opt/oracle/instantclient_XX_X:$LD_LIBRARY_PATH

macOS:
  1. Download from: https://www.oracle.com/database/technologies/instant-client/macos-intel-x86-downloads.html
  2. Extract to /usr/local/lib/

Last error: No valid Oracle client library found in standard paths

During handling of the above exception, another exception occurred:

Traceback (most recent call last):
  File "/home/gelie/Projects/pwms/workflows/management/commands/sync_users_oracle_modern.py", line 160, in handle
    self.connect_to_oracle()
    ~~~~~~~~~~~~~~~~~~~~~~^^
  File "/home/gelie/Projects/pwms/workflows/management/commands/sync_users_oracle_modern.py", line 349, in connect_to_oracle
    raise CommandError(f" Oracle connection failed: {e}")
django.core.management.base.CommandError:  Oracle connection failed: ❌ Failed to initialize Oracle thick mode (REQUIRED for network encryption).

Your Oracle database requires Network Encryption, which is only supported in thick mode.
Please install Oracle Instant Client:

Linux:
  1. Download from: https://www.oracle.com/database/technologies/instant-client/downloads.html
  2. Extract to /opt/oracle/instantclient_XX_X/
  3. Set LD_LIBRARY_PATH: export LD_LIBRARY_PATH=/opt/oracle/instantclient_XX_X:$LD_LIBRARY_PATH

macOS:
  1. Download from: https://www.oracle.com/database/technologies/instant-client/macos-intel-x86-downloads.html
  2. Extract to /usr/local/lib/

Last error: No valid Oracle client library found in standard paths
2026-02-16 10:23:05,680 - oracle_user_sync_modern - INFO - [cleanup_connections:1494] - 🔌 Database connections cleaned up
2026-02-16 10:24:21,755 - oracle_user_sync_modern - INFO - [handle:157] - Starting Oracle user sync
2026-02-16 10:24:21,755 - oracle_user_sync_modern - INFO - [connect_to_oracle:204] - 🔧 Using modern oracledb library
2026-02-16 10:24:21,755 - oracle_user_sync_modern - INFO - [connect_to_oracle:207] - 🔧 Initializing Oracle thick mode (required for network encryption)...
2026-02-16 10:24:21,761 - oracle_user_sync_modern - INFO - [connect_to_oracle:249] - ✅ Initialized Oracle thick mode (method 1)
2026-02-16 10:24:21,944 - oracle_user_sync_modern - INFO - [connect_to_oracle:316] - ✅ Connected using modern oracledb (method 1)
2026-02-16 10:24:21,947 - oracle_user_sync_modern - INFO - [connect_to_oracle:344] -   Successfully connected to Oracle database
2026-02-16 10:24:21,947 - oracle_user_sync_modern - INFO - [sync_users_and_groups:776] - 🔄 Starting comprehensive user and group synchronization...
2026-02-16 10:24:21,947 - oracle_user_sync_modern - INFO - [fetch_oracle_users:374] - 
2026-02-16 10:24:24,341 - oracle_user_sync_modern - INFO - [fetch_oracle_users:409] - 📊 Fetched 1585 unique users from Oracle
2026-02-16 10:24:24,341 - oracle_user_sync_modern - INFO - [get_or_create_groups:418] - 🏛️  Setting up parliamentary groups...
2026-02-16 10:24:24,350 - oracle_user_sync_modern - INFO - [get_or_create_roles:484] - 👥 Setting up parliamentary roles...
2026-02-16 10:24:24,371 - oracle_user_sync_modern - INFO - [sync_users_and_groups:794] - 📊 Found 0 existing users in local database
2026-02-16 10:24:24,371 - oracle_user_sync_modern - INFO - [sync_users_and_groups:802] - 📦 Processing 1585 users in 16 batches
2026-02-16 10:24:24,371 - oracle_user_sync_modern - INFO - [sync_users_and_groups:811] - 🔄 Processing batch 1/16 (100 users)
2026-02-16 10:24:24,384 - oracle_user_sync_modern - INFO - [process_single_user:1027] - 🔄 Updated user AABBAS: party:  -> None
2026-02-16 10:24:24,384 - oracle_user_sync_modern - INFO - [handle_group_memberships:1199] - 📝 Using generic staff role for unmapped position 'Manager: Stores and Maintenance' for aabbas
2026-02-16 10:24:24,384 - oracle_user_sync_modern - INFO - [handle_group_memberships:1210] - 🔍 Unmapped position detected: 'Manager: Stores and Maintenance' - consider adding to role mapping
2026-02-16 10:24:24,388 - oracle_user_sync_modern - INFO - [process_single_user:1027] - 🔄 Updated user AABRAHAMS: party:  -> None
2026-02-16 10:24:24,388 - oracle_user_sync_modern - INFO - [handle_group_memberships:1199] - 📝 Using generic staff role for unmapped position 'Finance and Administration Manager' for aabrahams
2026-02-16 10:24:24,388 - oracle_user_sync_modern - INFO - [handle_group_memberships:1210] - 🔍 Unmapped position detected: 'Finance and Administration Manager' - consider adding to role mapping
2026-02-16 10:24:24,393 - oracle_user_sync_modern - INFO - [process_single_user:1027] - 🔄 Updated user BRABRAHAMS: party:  -> None
2026-02-16 10:24:24,393 - oracle_user_sync_modern - INFO - [handle_group_memberships:1193] - 🎯 Mapped position 'Desktop Technician' to specific role 'Desktop Technician' for brabrahams
2026-02-16 10:24:24,396 - oracle_user_sync_modern - INFO - [handle_group_memberships:1241] - 👥 Added membership: brabrahams -> Administration (Desktop Technician)
2026-02-16 10:24:24,400 - oracle_user_sync_modern - INFO - [process_single_user:1027] - 🔄 Updated user EABRAHAMS: party:  -> None
2026-02-16 10:24:24,400 - oracle_user_sync_modern - INFO - [handle_group_memberships:1199] - 📝 Using generic staff role for unmapped position 'Papers Store Assistant' for eabrahams
2026-02-16 10:24:24,400 - oracle_user_sync_modern - INFO - [handle_group_memberships:1210] - 🔍 Unmapped position detected: 'Papers Store Assistant' - consider adding to role mapping
2026-02-16 10:24:24,404 - oracle_user_sync_modern - INFO - [process_single_user:1027] - 🔄 Updated user KAABRAHAMS: party:  -> None
2026-02-16 10:24:24,404 - oracle_user_sync_modern - INFO - [handle_group_memberships:1199] - 📝 Using generic staff role for unmapped position 'Content Advisor' for kaabrahams
2026-02-16 10:24:24,404 - oracle_user_sync_modern - INFO - [handle_group_memberships:1210] - 🔍 Unmapped position detected: 'Content Advisor' - consider adding to role mapping
2026-02-16 10:24:24,408 - oracle_user_sync_modern - INFO - [process_single_user:1027] - 🔄 Updated user SHABRAHAMS: party:  -> None
2026-02-16 10:24:24,408 - oracle_user_sync_modern - INFO - [handle_group_memberships:1199] - 📝 Using generic staff role for unmapped position 'Chamber Support Officer' for shabrahams
2026-02-16 10:24:24,408 - oracle_user_sync_modern - INFO - [handle_group_memberships:1210] - 🔍 Unmapped position detected: 'Chamber Support Officer' - consider adding to role mapping
2026-02-16 10:24:24,412 - oracle_user_sync_modern - INFO - [process_single_user:1027] - 🔄 Updated user VABRAHAMS: party:  -> None
2026-02-16 10:24:24,412 - oracle_user_sync_modern - INFO - [handle_group_memberships:1199] - 📝 Using generic staff role for unmapped position 'Personal Secretary' for vabrahams
2026-02-16 10:24:24,412 - oracle_user_sync_modern - INFO - [handle_group_memberships:1210] - 🔍 Unmapped position detected: 'Personal Secretary' - consider adding to role mapping
2026-02-16 10:24:24,416 - oracle_user_sync_modern - INFO - [process_single_user:1027] - 🔄 Updated user AABUDULAI: party:  -> None
2026-02-16 10:24:24,416 - oracle_user_sync_modern - INFO - [handle_group_memberships:1199] - 📝 Using generic staff role for unmapped position 'Visitor Programme Organiser' for aabudulai
2026-02-16 10:24:24,416 - oracle_user_sync_modern - INFO - [handle_group_memberships:1210] - 🔍 Unmapped position detected: 'Visitor Programme Organiser' - consider adding to role mapping
2026-02-16 10:24:24,421 - oracle_user_sync_modern - INFO - [process_single_user:1027] - 🔄 Updated user BADAMS: party:  -> None
2026-02-16 10:24:24,421 - oracle_user_sync_modern - INFO - [handle_group_memberships:1199] - 📝 Using generic staff role for unmapped position 'Secretary' for badams
2026-02-16 10:24:24,421 - oracle_user_sync_modern - INFO - [handle_group_memberships:1210] - 🔍 Unmapped position detected: 'Secretary' - consider adding to role mapping
2026-02-16 10:24:24,426 - oracle_user_sync_modern - INFO - [process_single_user:1027] - 🔄 Updated user GADAMS: party:  -> None
2026-02-16 10:24:24,426 - oracle_user_sync_modern - INFO - [handle_group_memberships:1199] - 📝 Using generic staff role for unmapped position 'Operator Support Personnel' for gadams
2026-02-16 10:24:24,426 - oracle_user_sync_modern - INFO - [handle_group_memberships:1210] - 🔍 Unmapped position detected: 'Operator Support Personnel' - consider adding to role mapping
2026-02-16 10:24:24,430 - oracle_user_sync_modern - INFO - [process_single_user:1027] - 🔄 Updated user HADAMS: party:  -> None
2026-02-16 10:24:24,430 - oracle_user_sync_modern - INFO - [handle_group_memberships:1199] - 📝 Using generic staff role for unmapped position 'Cashier' for hadams
2026-02-16 10:24:24,430 - oracle_user_sync_modern - INFO - [handle_group_memberships:1210] - 🔍 Unmapped position detected: 'Cashier' - consider adding to role mapping
2026-02-16 10:24:24,434 - oracle_user_sync_modern - INFO - [process_single_user:1027] - 🔄 Updated user LAADAMS: party:  -> None
2026-02-16 10:24:24,434 - oracle_user_sync_modern - INFO - [handle_group_memberships:1199] - 📝 Using generic staff role for unmapped position 'Executive Secretary' for laadams
2026-02-16 10:24:24,434 - oracle_user_sync_modern - INFO - [handle_group_memberships:1210] - 🔍 Unmapped position detected: 'Executive Secretary' - consider adding to role mapping
2026-02-16 10:24:24,439 - oracle_user_sync_modern - INFO - [process_single_user:1027] - 🔄 Updated user AADONIS: party:  -> None
2026-02-16 10:24:24,439 - oracle_user_sync_modern - INFO - [handle_group_memberships:1199] - 📝 Using generic staff role for unmapped position 'Head Waitron' for aadonis
2026-02-16 10:24:24,439 - oracle_user_sync_modern - INFO - [handle_group_memberships:1210] - 🔍 Unmapped position detected: 'Head Waitron' - consider adding to role mapping
2026-02-16 10:24:24,443 - oracle_user_sync_modern - INFO - [process_single_user:1027] - 🔄 Updated user JADONIS: party:  -> None
2026-02-16 10:24:24,443 - oracle_user_sync_modern - INFO - [handle_group_memberships:1199] - 📝 Using generic staff role for unmapped position 'Office Co-Ordinator' for jadonis
2026-02-16 10:24:24,443 - oracle_user_sync_modern - INFO - [handle_group_memberships:1210] - 🔍 Unmapped position detected: 'Office Co-Ordinator' - consider adding to role mapping
2026-02-16 10:24:24,449 - oracle_user_sync_modern - INFO - [process_single_user:1027] - 🔄 Updated user NAFRICA: party:  -> None
2026-02-16 10:24:24,449 - oracle_user_sync_modern - INFO - [handle_group_memberships:1199] - 📝 Using generic staff role for unmapped position 'Waitron' for nafrica
2026-02-16 10:24:24,449 - oracle_user_sync_modern - INFO - [handle_group_memberships:1210] - 🔍 Unmapped position detected: 'Waitron' - consider adding to role mapping
2026-02-16 10:24:24,452 - oracle_user_sync_modern - INFO - [process_single_user:1027] - 🔄 Updated user NALBERT: party:  -> None
2026-02-16 10:24:24,452 - oracle_user_sync_modern - INFO - [handle_group_memberships:1199] - 📝 Using generic staff role for unmapped position 'Chamber Support Officer' for nalbert
2026-02-16 10:24:24,456 - oracle_user_sync_modern - INFO - [process_single_user:1027] - 🔄 Updated user GALBERTS: party:  -> None
2026-02-16 10:24:24,456 - oracle_user_sync_modern - INFO - [handle_group_memberships:1199] - 📝 Using generic staff role for unmapped position 'Buyer: Supply Chain Management' for galberts
2026-02-16 10:24:24,456 - oracle_user_sync_modern - INFO - [handle_group_memberships:1210] - 🔍 Unmapped position detected: 'Buyer: Supply Chain Management' - consider adding to role mapping
2026-02-16 10:24:24,459 - oracle_user_sync_modern - INFO - [process_single_user:1027] - 🔄 Updated user GALBERTYN: party:  -> None
2026-02-16 10:24:24,459 - oracle_user_sync_modern - INFO - [handle_group_memberships:1199] - 📝 Using generic staff role for unmapped position 'Controller: Postal Agency' for galbertyn
2026-02-16 10:24:24,459 - oracle_user_sync_modern - INFO - [handle_group_memberships:1210] - 🔍 Unmapped position detected: 'Controller: Postal Agency' - consider adding to role mapping
2026-02-16 10:24:24,465 - oracle_user_sync_modern - INFO - [process_single_user:1027] - 🔄 Updated user SALLY: party:  -> None
2026-02-16 10:24:24,465 - oracle_user_sync_modern - INFO - [handle_group_memberships:1199] - 📝 Using generic staff role for unmapped position 'Procedural Officer: NCOP' for sally
2026-02-16 10:24:24,465 - oracle_user_sync_modern - INFO - [handle_group_memberships:1210] - 🔍 Unmapped position detected: 'Procedural Officer: NCOP' - consider adding to role mapping
2026-02-16 10:24:24,469 - oracle_user_sync_modern - INFO - [process_single_user:1027] - 🔄 Updated user NANDREKA: party:  -> None
2026-02-16 10:24:24,469 - oracle_user_sync_modern - INFO - [handle_group_memberships:1199] - 📝 Using generic staff role for unmapped position 'HR Services Supervisor' for nandreka
2026-02-16 10:24:24,469 - oracle_user_sync_modern - INFO - [handle_group_memberships:1210] - 🔍 Unmapped position detected: 'HR Services Supervisor' - consider adding to role mapping
2026-02-16 10:24:24,473 - oracle_user_sync_modern - INFO - [process_single_user:1027] - 🔄 Updated user VANDRIES: party:  -> None
2026-02-16 10:24:24,473 - oracle_user_sync_modern - INFO - [handle_group_memberships:1199] - 📝 Using generic staff role for unmapped position 'General Cleaner' for vandries
2026-02-16 10:24:24,473 - oracle_user_sync_modern - INFO - [handle_group_memberships:1210] - 🔍 Unmapped position detected: 'General Cleaner' - consider adding to role mapping
2026-02-16 10:24:24,476 - oracle_user_sync_modern - INFO - [process_single_user:1027] - 🔄 Updated user LONRUST: party:  -> None
2026-02-16 10:24:24,476 - oracle_user_sync_modern - INFO - [handle_group_memberships:1199] - 📝 Using generic staff role for unmapped position 'Waitron' for lonrust
2026-02-16 10:24:24,481 - oracle_user_sync_modern - INFO - [process_single_user:1027] - 🔄 Updated user YAPOLISI: party:  -> None
2026-02-16 10:24:24,481 - oracle_user_sync_modern - INFO - [handle_group_memberships:1199] - 📝 Using generic staff role for unmapped position 'General Cleaner' for yapolisi
2026-02-16 10:24:24,484 - oracle_user_sync_modern - INFO - [process_single_user:1027] - 🔄 Updated user CARENDS: party:  -> None
2026-02-16 10:24:24,484 - oracle_user_sync_modern - INFO - [handle_group_memberships:1199] - 📝 Using generic staff role for unmapped position 'Executive Secretary: Committee Chairperson' for carends
2026-02-16 10:24:24,484 - oracle_user_sync_modern - INFO - [handle_group_memberships:1210] - 🔍 Unmapped position detected: 'Executive Secretary: Committee Chairperson' - consider adding to role mapping
2026-02-16 10:24:24,488 - oracle_user_sync_modern - INFO - [process_single_user:1027] - 🔄 Updated user DAARENDS: party:  -> None
2026-02-16 10:24:24,488 - oracle_user_sync_modern - INFO - [handle_group_memberships:1199] - 📝 Using generic staff role for unmapped position 'Procedural Officer: House Plenaries' for daarends
2026-02-16 10:24:24,488 - oracle_user_sync_modern - INFO - [handle_group_memberships:1210] - 🔍 Unmapped position detected: 'Procedural Officer: House Plenaries' - consider adding to role mapping
2026-02-16 10:24:24,492 - oracle_user_sync_modern - INFO - [process_single_user:1027] - 🔄 Updated user AARENDSE: party:  -> None
2026-02-16 10:24:24,492 - oracle_user_sync_modern - INFO - [handle_group_memberships:1193] - 🎯 Mapped position 'Researcher' to specific role 'Researcher' for aarendse
2026-02-16 10:24:24,495 - oracle_user_sync_modern - INFO - [handle_group_memberships:1241] - 👥 Added membership: aarendse -> Administration (Researcher)
2026-02-16 10:24:24,498 - oracle_user_sync_modern - INFO - [process_single_user:1027] - 🔄 Updated user DARENDSE: party:  -> None
2026-02-16 10:24:24,498 - oracle_user_sync_modern - INFO - [handle_group_memberships:1199] - 📝 Using generic staff role for unmapped position 'Committee Assistant' for darendse
2026-02-16 10:24:24,498 - oracle_user_sync_modern - INFO - [handle_group_memberships:1210] - 🔍 Unmapped position detected: 'Committee Assistant' - consider adding to role mapping
2026-02-16 10:24:24,502 - oracle_user_sync_modern - INFO - [process_single_user:1027] - 🔄 Updated user LARENDSE: party:  -> None
2026-02-16 10:24:24,502 - oracle_user_sync_modern - INFO - [handle_group_memberships:1199] - 📝 Using generic staff role for unmapped position 'Executive Secretary: Committee Chairperson: Ethics' for larendse
2026-02-16 10:24:24,502 - oracle_user_sync_modern - INFO - [handle_group_memberships:1210] - 🔍 Unmapped position detected: 'Executive Secretary: Committee Chairperson: Ethics' - consider adding to role mapping
2026-02-16 10:24:24,505 - oracle_user_sync_modern - INFO - [process_single_user:1027] - 🔄 Updated user MGARENDSE: party:  -> None
2026-02-16 10:24:24,505 - oracle_user_sync_modern - INFO - [handle_group_memberships:1199] - 📝 Using generic staff role for unmapped position 'Administrative Assistant' for mgarendse
2026-02-16 10:24:24,505 - oracle_user_sync_modern - INFO - [handle_group_memberships:1210] - 🔍 Unmapped position detected: 'Administrative Assistant' - consider adding to role mapping
2026-02-16 10:24:24,508 - oracle_user_sync_modern - INFO - [process_single_user:1027] - 🔄 Updated user TARENDSE: party:  -> None
2026-02-16 10:24:24,508 - oracle_user_sync_modern - INFO - [handle_group_memberships:1199] - 📝 Using generic staff role for unmapped position 'Committee Assistant' for tarendse
2026-02-16 10:24:24,511 - oracle_user_sync_modern - INFO - [process_single_user:1027] - 🔄 Updated user JARENZ: party:  -> None
2026-02-16 10:24:24,511 - oracle_user_sync_modern - INFO - [handle_group_memberships:1193] - 🎯 Mapped position 'Website Administrator' to specific role 'Website Administrator' for jarenz
2026-02-16 10:24:24,514 - oracle_user_sync_modern - INFO - [handle_group_memberships:1241] - 👥 Added membership: jarenz -> Administration (Website Administrator)
2026-02-16 10:24:24,518 - oracle_user_sync_modern - INFO - [process_single_user:1027] - 🔄 Updated user AARNOLD: party:  -> None
2026-02-16 10:24:24,518 - oracle_user_sync_modern - INFO - [handle_group_memberships:1199] - 📝 Using generic staff role for unmapped position 'Parliamentary Legal Adviser' for aarnold
2026-02-16 10:24:24,518 - oracle_user_sync_modern - INFO - [handle_group_memberships:1210] - 🔍 Unmapped position detected: 'Parliamentary Legal Adviser' - consider adding to role mapping
2026-02-16 10:24:24,521 - oracle_user_sync_modern - INFO - [process_single_user:1027] - 🔄 Updated user ZARNOLD: party:  -> None
2026-02-16 10:24:24,521 - oracle_user_sync_modern - INFO - [handle_group_memberships:1199] - 📝 Using generic staff role for unmapped position 'Committee Secretary' for zarnold
2026-02-16 10:24:24,521 - oracle_user_sync_modern - INFO - [handle_group_memberships:1210] - 🔍 Unmapped position detected: 'Committee Secretary' - consider adding to role mapping
2026-02-16 10:24:24,527 - oracle_user_sync_modern - INFO - [process_single_user:1027] - 🔄 Updated user MAUCAMP: party:  -> None
2026-02-16 10:24:24,527 - oracle_user_sync_modern - INFO - [handle_group_memberships:1199] - 📝 Using generic staff role for unmapped position 'Language Practitioner: Afrikaans' for maucamp
2026-02-16 10:24:24,527 - oracle_user_sync_modern - INFO - [handle_group_memberships:1210] - 🔍 Unmapped position detected: 'Language Practitioner: Afrikaans' - consider adding to role mapping
2026-02-16 10:24:24,531 - oracle_user_sync_modern - INFO - [process_single_user:1027] - 🔄 Updated user NAYFORD: party:  -> None
2026-02-16 10:24:24,531 - oracle_user_sync_modern - INFO - [handle_group_memberships:1199] - 📝 Using generic staff role for unmapped position 'Secretary' for nayford
2026-02-16 10:24:24,535 - oracle_user_sync_modern - INFO - [process_single_user:1027] - 🔄 Updated user RAZZAKANI: party:  -> None
2026-02-16 10:24:24,535 - oracle_user_sync_modern - INFO - [handle_group_memberships:1199] - 📝 Using generic staff role for unmapped position 'Principal Communication Officer' for razzakani
2026-02-16 10:24:24,535 - oracle_user_sync_modern - INFO - [handle_group_memberships:1210] - 🔍 Unmapped position detected: 'Principal Communication Officer' - consider adding to role mapping
2026-02-16 10:24:24,539 - oracle_user_sync_modern - INFO - [process_single_user:1027] - 🔄 Updated user BBAATJIES: party:  -> None
2026-02-16 10:24:24,539 - oracle_user_sync_modern - INFO - [handle_group_memberships:1199] - 📝 Using generic staff role for unmapped position 'Secretary' for bbaatjies
2026-02-16 10:24:24,543 - oracle_user_sync_modern - INFO - [process_single_user:1027] - 🔄 Updated user SBABA: party:  -> None
2026-02-16 10:24:24,543 - oracle_user_sync_modern - INFO - [handle_group_memberships:1199] - 📝 Using generic staff role for unmapped position 'Chef' for sbaba
2026-02-16 10:24:24,543 - oracle_user_sync_modern - INFO - [handle_group_memberships:1210] - 🔍 Unmapped position detected: 'Chef' - consider adding to role mapping
2026-02-16 10:24:24,548 - oracle_user_sync_modern - INFO - [process_single_user:1027] - 🔄 Updated user NBADUZA: party:  -> None
2026-02-16 10:24:24,548 - oracle_user_sync_modern - INFO - [handle_group_memberships:1199] - 📝 Using generic staff role for unmapped position 'Executive Secretary' for nbaduza
2026-02-16 10:24:24,552 - oracle_user_sync_modern - INFO - [process_single_user:1027] - 🔄 Updated user SBAGLEY: party:  -> None
2026-02-16 10:24:24,552 - oracle_user_sync_modern - INFO - [handle_group_memberships:1193] - 🎯 Mapped position 'Service Desk Operator' to specific role 'Service Desk Operator' for sbagley
2026-02-16 10:24:24,554 - oracle_user_sync_modern - INFO - [handle_group_memberships:1241] - 👥 Added membership: sbagley -> Administration (Service Desk Operator)
2026-02-16 10:24:24,558 - oracle_user_sync_modern - INFO - [process_single_user:1027] - 🔄 Updated user NMARAIS: party:  -> None
2026-02-16 10:24:24,558 - oracle_user_sync_modern - INFO - [handle_group_memberships:1199] - 📝 Using generic staff role for unmapped position 'Food Service Assistant' for nmarais
2026-02-16 10:24:24,558 - oracle_user_sync_modern - INFO - [handle_group_memberships:1210] - 🔍 Unmapped position detected: 'Food Service Assistant' - consider adding to role mapping
2026-02-16 10:24:24,561 - oracle_user_sync_modern - INFO - [process_single_user:1027] - 🔄 Updated user LBALFOUR: party:  -> None
2026-02-16 10:24:24,561 - oracle_user_sync_modern - INFO - [handle_group_memberships:1199] - 📝 Using generic staff role for unmapped position 'Committee Assistant' for lbalfour
2026-02-16 10:24:24,564 - oracle_user_sync_modern - INFO - [process_single_user:1027] - 🔄 Updated user CBALIE: party:  -> None
2026-02-16 10:24:24,565 - oracle_user_sync_modern - INFO - [handle_group_memberships:1199] - 📝 Using generic staff role for unmapped position 'Committee Secretary' for cbalie
2026-02-16 10:24:24,568 - oracle_user_sync_modern - INFO - [process_single_user:1027] - 🔄 Updated user MBALIE: party:  -> None
2026-02-16 10:24:24,568 - oracle_user_sync_modern - INFO - [handle_group_memberships:1199] - 📝 Using generic staff role for unmapped position 'Committee Secretary' for mbalie
2026-02-16 10:24:24,571 - oracle_user_sync_modern - INFO - [process_single_user:1027] - 🔄 Updated user HLBALOYI: party:  -> None
2026-02-16 10:24:24,571 - oracle_user_sync_modern - INFO - [handle_group_memberships:1199] - 📝 Using generic staff role for unmapped position 'Operator Support Personnel' for hlbaloyi
2026-02-16 10:24:24,574 - oracle_user_sync_modern - INFO - [process_single_user:1027] - 🔄 Updated user NBANDI: party:  -> None
2026-02-16 10:24:24,574 - oracle_user_sync_modern - INFO - [handle_group_memberships:1199] - 📝 Using generic staff role for unmapped position 'Unit Manager: Committee Support' for nbandi
2026-02-16 10:24:24,574 - oracle_user_sync_modern - INFO - [handle_group_memberships:1210] - 🔍 Unmapped position detected: 'Unit Manager: Committee Support' - consider adding to role mapping
2026-02-16 10:24:24,577 - oracle_user_sync_modern - INFO - [process_single_user:1027] - 🔄 Updated user CBANGANI: party:  -> None
2026-02-16 10:24:24,577 - oracle_user_sync_modern - INFO - [handle_group_memberships:1199] - 📝 Using generic staff role for unmapped position 'General Cleaner' for cbangani
2026-02-16 10:24:24,580 - oracle_user_sync_modern - INFO - [process_single_user:1027] - 🔄 Updated user KBANGE: party:  -> None
2026-02-16 10:24:24,580 - oracle_user_sync_modern - INFO - [handle_group_memberships:1199] - 📝 Using generic staff role for unmapped position 'Public Education Practitioner' for kbange
2026-02-16 10:24:24,580 - oracle_user_sync_modern - INFO - [handle_group_memberships:1210] - 🔍 Unmapped position detected: 'Public Education Practitioner' - consider adding to role mapping
2026-02-16 10:24:24,585 - oracle_user_sync_modern - INFO - [process_single_user:1027] - 🔄 Updated user NBARLOW: party:  -> None
2026-02-16 10:24:24,585 - oracle_user_sync_modern - INFO - [handle_group_memberships:1199] - 📝 Using generic staff role for unmapped position 'Personal Secretary' for nbarlow
2026-02-16 10:24:24,588 - oracle_user_sync_modern - INFO - [process_single_user:1027] - 🔄 Updated user ABARNARD: party:  -> None
2026-02-16 10:24:24,588 - oracle_user_sync_modern - INFO - [handle_group_memberships:1193] - 🎯 Mapped position 'Executive Assistant' to specific role 'Executive Assistant' for abarnard
2026-02-16 10:24:24,590 - oracle_user_sync_modern - INFO - [handle_group_memberships:1241] - 👥 Added membership: abarnard -> Administration (Executive Assistant)
2026-02-16 10:24:24,593 - oracle_user_sync_modern - INFO - [process_single_user:1027] - 🔄 Updated user SBARNES: party:  -> None
2026-02-16 10:24:24,593 - oracle_user_sync_modern - INFO - [handle_group_memberships:1199] - 📝 Using generic staff role for unmapped position 'General Cleaner' for sbarnes
2026-02-16 10:24:24,597 - oracle_user_sync_modern - INFO - [process_single_user:1027] - 🔄 Updated user RBASARDIEN: party:  -> None
2026-02-16 10:24:24,597 - oracle_user_sync_modern - INFO - [handle_group_memberships:1193] - 🎯 Mapped position 'Protection Officer' to specific role 'Protection Officer' for rbasardien
2026-02-16 10:24:24,599 - oracle_user_sync_modern - INFO - [handle_group_memberships:1241] - 👥 Added membership: rbasardien -> Administration (Protection Officer)
2026-02-16 10:24:24,603 - oracle_user_sync_modern - INFO - [process_single_user:1027] - 🔄 Updated user BBASHE: party:  -> None
2026-02-16 10:24:24,603 - oracle_user_sync_modern - INFO - [handle_group_memberships:1199] - 📝 Using generic staff role for unmapped position 'Manager HR Business Partner' for bbashe
2026-02-16 10:24:24,603 - oracle_user_sync_modern - INFO - [handle_group_memberships:1210] - 🔍 Unmapped position detected: 'Manager HR Business Partner' - consider adding to role mapping
2026-02-16 10:24:24,607 - oracle_user_sync_modern - INFO - [process_single_user:1027] - 🔄 Updated user STYHOMFA: party:  -> None
2026-02-16 10:24:24,607 - oracle_user_sync_modern - INFO - [handle_group_memberships:1199] - 📝 Using generic staff role for unmapped position 'Administrative Assistant' for styhomfa
2026-02-16 10:24:24,613 - oracle_user_sync_modern - INFO - [process_single_user:1027] - 🔄 Updated user JBASSUDAY: party:  -> None
2026-02-16 10:24:24,613 - oracle_user_sync_modern - INFO - [handle_group_memberships:1199] - 📝 Using generic staff role for unmapped position 'Adviser to Deputy Chairperson' for jbassuday
2026-02-16 10:24:24,613 - oracle_user_sync_modern - INFO - [handle_group_memberships:1210] - 🔍 Unmapped position detected: 'Adviser to Deputy Chairperson' - consider adding to role mapping
2026-02-16 10:24:24,616 - oracle_user_sync_modern - INFO - [process_single_user:1027] - 🔄 Updated user NBATALA: party:  -> None
2026-02-16 10:24:24,616 - oracle_user_sync_modern - INFO - [handle_group_memberships:1199] - 📝 Using generic staff role for unmapped position 'Chamber Support Officer' for nbatala
2026-02-16 10:24:24,622 - oracle_user_sync_modern - INFO - [process_single_user:1027] - 🔄 Updated user NBAVUMA: party:  -> None
2026-02-16 10:24:24,622 - oracle_user_sync_modern - INFO - [handle_group_memberships:1199] - 📝 Using generic staff role for unmapped position 'Committee Secretary' for nbavuma
2026-02-16 10:24:24,625 - oracle_user_sync_modern - INFO - [process_single_user:1027] - 🔄 Updated user ABAWA: party:  -> None
2026-02-16 10:24:24,625 - oracle_user_sync_modern - INFO - [handle_group_memberships:1199] - 📝 Using generic staff role for unmapped position 'Committee Secretary' for abawa
2026-02-16 10:24:24,628 - oracle_user_sync_modern - INFO - [process_single_user:1027] - 🔄 Updated user EBAZIER: party:  -> None
2026-02-16 10:24:24,628 - oracle_user_sync_modern - INFO - [handle_group_memberships:1199] - 📝 Using generic staff role for unmapped position 'Committee Assistant' for ebazier
2026-02-16 10:24:24,633 - oracle_user_sync_modern - INFO - [process_single_user:1027] - 🔄 Updated user SNARIAN: party:  -> None
2026-02-16 10:24:24,633 - oracle_user_sync_modern - INFO - [handle_group_memberships:1193] - 🎯 Mapped position 'Service Desk Supervisor' to specific role 'Service Desk Supervisor' for snarian
2026-02-16 10:24:24,635 - oracle_user_sync_modern - INFO - [handle_group_memberships:1241] - 👥 Added membership: snarian -> Administration (Service Desk Supervisor)
2026-02-16 10:24:24,638 - oracle_user_sync_modern - INFO - [process_single_user:1027] - 🔄 Updated user LBEN: party:  -> None
2026-02-16 10:24:24,638 - oracle_user_sync_modern - INFO - [handle_group_memberships:1199] - 📝 Using generic staff role for unmapped position 'Committee Secretary' for lben
2026-02-16 10:24:24,643 - oracle_user_sync_modern - INFO - [process_single_user:1027] - 🔄 Updated user NBERRY: party:  -> None
2026-02-16 10:24:24,643 - oracle_user_sync_modern - INFO - [handle_group_memberships:1199] - 📝 Using generic staff role for unmapped position 'Travel Account Co-ordinator' for nberry
2026-02-16 10:24:24,643 - oracle_user_sync_modern - INFO - [handle_group_memberships:1210] - 🔍 Unmapped position detected: 'Travel Account Co-ordinator' - consider adding to role mapping
2026-02-16 10:24:24,647 - oracle_user_sync_modern - INFO - [process_single_user:1027] - 🔄 Updated user TBETA: party:  -> None
2026-02-16 10:24:24,647 - oracle_user_sync_modern - INFO - [handle_group_memberships:1199] - 📝 Using generic staff role for unmapped position 'Internal Communication Officer' for tbeta
2026-02-16 10:24:24,647 - oracle_user_sync_modern - INFO - [handle_group_memberships:1210] - 🔍 Unmapped position detected: 'Internal Communication Officer' - consider adding to role mapping
2026-02-16 10:24:24,650 - oracle_user_sync_modern - INFO - [process_single_user:1027] - 🔄 Updated user NBETANA: party:  -> None
2026-02-16 10:24:24,650 - oracle_user_sync_modern - INFO - [handle_group_memberships:1193] - 🎯 Mapped position 'Protection Officer' to specific role 'Protection Officer' for nbetana
2026-02-16 10:24:24,653 - oracle_user_sync_modern - INFO - [handle_group_memberships:1241] - 👥 Added membership: nbetana -> Administration (Protection Officer)
2026-02-16 10:24:24,656 - oracle_user_sync_modern - INFO - [process_single_user:1027] - 🔄 Updated user MBEUKES: party:  -> None
2026-02-16 10:24:24,656 - oracle_user_sync_modern - INFO - [handle_group_memberships:1199] - 📝 Using generic staff role for unmapped position 'General Cleaner' for mbeukes
2026-02-16 10:24:24,660 - oracle_user_sync_modern - INFO - [process_single_user:1027] - 🔄 Updated user CBHENGU: party:  -> None
2026-02-16 10:24:24,660 - oracle_user_sync_modern - INFO - [handle_group_memberships:1199] - 📝 Using generic staff role for unmapped position 'Team Administrator' for cbhengu
2026-02-16 10:24:24,660 - oracle_user_sync_modern - INFO - [handle_group_memberships:1210] - 🔍 Unmapped position detected: 'Team Administrator' - consider adding to role mapping
2026-02-16 10:24:24,666 - oracle_user_sync_modern - INFO - [process_single_user:1027] - 🔄 Updated user DBILLY: party:  -> None
2026-02-16 10:24:24,666 - oracle_user_sync_modern - INFO - [handle_group_memberships:1199] - 📝 Using generic staff role for unmapped position 'Administrative Assistant' for dbilly
2026-02-16 10:24:24,671 - oracle_user_sync_modern - INFO - [process_single_user:1027] - 🔄 Updated user CBIRCH: party:  -> None
2026-02-16 10:24:24,671 - oracle_user_sync_modern - INFO - [handle_group_memberships:1199] - 📝 Using generic staff role for unmapped position 'Executive Secretary' for cbirch
2026-02-16 10:24:24,674 - oracle_user_sync_modern - INFO - [process_single_user:1027] - 🔄 Updated user NBITYASHE: party:  -> None
2026-02-16 10:24:24,674 - oracle_user_sync_modern - INFO - [handle_group_memberships:1199] - 📝 Using generic staff role for unmapped position 'Food Service Assistant' for nbityashe
2026-02-16 10:24:24,678 - oracle_user_sync_modern - INFO - [process_single_user:1027] - 🔄 Updated user TBLOEM: party:  -> None
2026-02-16 10:24:24,678 - oracle_user_sync_modern - INFO - [handle_group_memberships:1199] - 📝 Using generic staff role for unmapped position 'Language Practitioner: Setswana' for tbloem
2026-02-16 10:24:24,678 - oracle_user_sync_modern - INFO - [handle_group_memberships:1210] - 🔍 Unmapped position detected: 'Language Practitioner: Setswana' - consider adding to role mapping
2026-02-16 10:24:24,682 - oracle_user_sync_modern - INFO - [process_single_user:1027] - 🔄 Updated user SBLOWU: party:  -> None
2026-02-16 10:24:24,682 - oracle_user_sync_modern - INFO - [handle_group_memberships:1199] - 📝 Using generic staff role for unmapped position 'ECM Analyst Programmer' for sblowu
2026-02-16 10:24:24,682 - oracle_user_sync_modern - INFO - [handle_group_memberships:1210] - 🔍 Unmapped position detected: 'ECM Analyst Programmer' - consider adding to role mapping
2026-02-16 10:24:24,686 - oracle_user_sync_modern - INFO - [process_single_user:1027] - 🔄 Updated user TBOBELO: party:  -> None
2026-02-16 10:24:24,686 - oracle_user_sync_modern - INFO - [handle_group_memberships:1199] - 📝 Using generic staff role for unmapped position 'Training Officer: PCMS' for tbobelo
2026-02-16 10:24:24,686 - oracle_user_sync_modern - INFO - [handle_group_memberships:1210] - 🔍 Unmapped position detected: 'Training Officer: PCMS' - consider adding to role mapping
2026-02-16 10:24:24,692 - oracle_user_sync_modern - INFO - [process_single_user:1027] - 🔄 Updated user GBOOI: party:  -> None
2026-02-16 10:24:24,692 - oracle_user_sync_modern - INFO - [handle_group_memberships:1199] - 📝 Using generic staff role for unmapped position 'Compliance Audit Manager' for gbooi
2026-02-16 10:24:24,692 - oracle_user_sync_modern - INFO - [handle_group_memberships:1210] - 🔍 Unmapped position detected: 'Compliance Audit Manager' - consider adding to role mapping
2026-02-16 10:24:24,696 - oracle_user_sync_modern - INFO - [process_single_user:1027] - 🔄 Updated user PBOOI: party:  -> None
2026-02-16 10:24:24,696 - oracle_user_sync_modern - INFO - [handle_group_memberships:1199] - 📝 Using generic staff role for unmapped position 'Chef' for pbooi
2026-02-16 10:24:24,700 - oracle_user_sync_modern - INFO - [process_single_user:1027] - 🔄 Updated user LBOPAPE: party:  -> None
2026-02-16 10:24:24,700 - oracle_user_sync_modern - INFO - [handle_group_memberships:1199] - 📝 Using generic staff role for unmapped position 'Manager: Remuneration, Benefits and HC Shared Services' for lbopape
2026-02-16 10:24:24,700 - oracle_user_sync_modern - INFO - [handle_group_memberships:1210] - 🔍 Unmapped position detected: 'Manager: Remuneration, Benefits and HC Shared Services' - consider adding to role mapping
2026-02-16 10:24:24,703 - oracle_user_sync_modern - INFO - [process_single_user:1027] - 🔄 Updated user NBORCHARD: party:  -> None
2026-02-16 10:24:24,703 - oracle_user_sync_modern - INFO - [handle_group_memberships:1199] - 📝 Using generic staff role for unmapped position 'Section Manager: Committees' for nborchard
2026-02-16 10:24:24,703 - oracle_user_sync_modern - INFO - [handle_group_memberships:1210] - 🔍 Unmapped position detected: 'Section Manager: Committees' - consider adding to role mapping
2026-02-16 10:24:24,706 - oracle_user_sync_modern - INFO - [sync_users_and_groups:811] - 🔄 Processing batch 2/16 (100 users)
2026-02-16 10:24:24,709 - oracle_user_sync_modern - INFO - [process_single_user:1027] - 🔄 Updated user EBOSKATI: party:  -> None
2026-02-16 10:24:24,709 - oracle_user_sync_modern - INFO - [handle_group_memberships:1199] - 📝 Using generic staff role for unmapped position 'Content Advisor' for eboskati
2026-02-16 10:24:24,712 - oracle_user_sync_modern - INFO - [process_single_user:1027] - 🔄 Updated user JBOSMAN: party:  -> None
2026-02-16 10:24:24,712 - oracle_user_sync_modern - INFO - [handle_group_memberships:1199] - 📝 Using generic staff role for unmapped position 'Service Officer' for jbosman
2026-02-16 10:24:24,712 - oracle_user_sync_modern - INFO - [handle_group_memberships:1210] - 🔍 Unmapped position detected: 'Service Officer' - consider adding to role mapping
2026-02-16 10:24:24,715 - oracle_user_sync_modern - INFO - [process_single_user:1027] - 🔄 Updated user ABOSS: party:  -> None
2026-02-16 10:24:24,716 - oracle_user_sync_modern - INFO - [handle_group_memberships:1199] - 📝 Using generic staff role for unmapped position 'Committee Secretary' for aboss
2026-02-16 10:24:24,719 - oracle_user_sync_modern - INFO - [process_single_user:1027] - 🔄 Updated user NBOTHA: party:  -> None
2026-02-16 10:24:24,719 - oracle_user_sync_modern - INFO - [handle_group_memberships:1199] - 📝 Using generic staff role for unmapped position 'Administrative Assistant' for nbotha
2026-02-16 10:24:24,723 - oracle_user_sync_modern - INFO - [process_single_user:1027] - 🔄 Updated user TBOTTOMAN: party:  -> None
2026-02-16 10:24:24,723 - oracle_user_sync_modern - INFO - [handle_group_memberships:1199] - 📝 Using generic staff role for unmapped position 'Committee Assistant' for tbottoman
2026-02-16 10:24:24,727 - oracle_user_sync_modern - INFO - [process_single_user:1027] - 🔄 Updated user MBOUGAARD: party:  -> None
2026-02-16 10:24:24,727 - oracle_user_sync_modern - INFO - [handle_group_memberships:1199] - 📝 Using generic staff role for unmapped position 'Driver' for mbougaard
2026-02-16 10:24:24,727 - oracle_user_sync_modern - INFO - [handle_group_memberships:1210] - 🔍 Unmapped position detected: 'Driver' - consider adding to role mapping
2026-02-16 10:24:24,730 - oracle_user_sync_modern - INFO - [process_single_user:1027] - 🔄 Updated user SBOWERS: party:  -> None
2026-02-16 10:24:24,730 - oracle_user_sync_modern - INFO - [handle_group_memberships:1199] - 📝 Using generic staff role for unmapped position 'Procedural Adviser: NCOP' for sbowers
2026-02-16 10:24:24,730 - oracle_user_sync_modern - INFO - [handle_group_memberships:1210] - 🔍 Unmapped position detected: 'Procedural Adviser: NCOP' - consider adding to role mapping
2026-02-16 10:24:24,733 - oracle_user_sync_modern - INFO - [process_single_user:1027] - 🔄 Updated user DBOWMAN: party:  -> None
2026-02-16 10:24:24,733 - oracle_user_sync_modern - INFO - [handle_group_memberships:1199] - 📝 Using generic staff role for unmapped position 'Committee Secretary' for dbowman
2026-02-16 10:24:24,737 - oracle_user_sync_modern - INFO - [process_single_user:1027] - 🔄 Updated user SBRAAF: party:  -> None
2026-02-16 10:24:24,737 - oracle_user_sync_modern - INFO - [handle_group_memberships:1199] - 📝 Using generic staff role for unmapped position 'Fora Officer' for sbraaf
2026-02-16 10:24:24,737 - oracle_user_sync_modern - INFO - [handle_group_memberships:1210] - 🔍 Unmapped position detected: 'Fora Officer' - consider adding to role mapping
2026-02-16 10:24:24,740 - oracle_user_sync_modern - INFO - [process_single_user:1027] - 🔄 Updated user LBRAMWELL: party:  -> None
2026-02-16 10:24:24,740 - oracle_user_sync_modern - INFO - [handle_group_memberships:1193] - 🎯 Mapped position 'Researcher' to specific role 'Researcher' for lbramwell
2026-02-16 10:24:24,742 - oracle_user_sync_modern - INFO - [handle_group_memberships:1241] - 👥 Added membership: lbramwell -> Administration (Researcher)
2026-02-16 10:24:24,745 - oracle_user_sync_modern - INFO - [process_single_user:1027] - 🔄 Updated user MABRANDT: party:  -> None
2026-02-16 10:24:24,745 - oracle_user_sync_modern - INFO - [handle_group_memberships:1199] - 📝 Using generic staff role for unmapped position 'Personal Secretary: Deputy Chairperson: NCOP' for mabrandt
2026-02-16 10:24:24,745 - oracle_user_sync_modern - INFO - [handle_group_memberships:1210] - 🔍 Unmapped position detected: 'Personal Secretary: Deputy Chairperson: NCOP' - consider adding to role mapping
2026-02-16 10:24:24,748 - oracle_user_sync_modern - INFO - [process_single_user:1027] - 🔄 Updated user DEBREDENKAMP: party:  -> None
2026-02-16 10:24:24,748 - oracle_user_sync_modern - INFO - [handle_group_memberships:1199] - 📝 Using generic staff role for unmapped position 'Chamber Support Officer' for debredenkamp
2026-02-16 10:24:24,754 - oracle_user_sync_modern - INFO - [process_single_user:1027] - 🔄 Updated user LBRIAN: party:  -> None
2026-02-16 10:24:24,754 - oracle_user_sync_modern - INFO - [handle_group_memberships:1199] - 📝 Using generic staff role for unmapped position 'Control Language Practitioner' for lbrian
2026-02-16 10:24:24,754 - oracle_user_sync_modern - INFO - [handle_group_memberships:1210] - 🔍 Unmapped position detected: 'Control Language Practitioner' - consider adding to role mapping
2026-02-16 10:24:24,758 - oracle_user_sync_modern - INFO - [process_single_user:1027] - 🔄 Updated user LBROWN: party:  -> None
2026-02-16 10:24:24,758 - oracle_user_sync_modern - INFO - [handle_group_memberships:1199] - 📝 Using generic staff role for unmapped position 'Committee Secretary' for lbrown
2026-02-16 10:24:24,762 - oracle_user_sync_modern - INFO - [process_single_user:1027] - 🔄 Updated user SBROWN: party:  -> None
2026-02-16 10:24:24,762 - oracle_user_sync_modern - INFO - [handle_group_memberships:1199] - 📝 Using generic staff role for unmapped position 'Committee Assistant: PGIR' for sbrown
2026-02-16 10:24:24,763 - oracle_user_sync_modern - INFO - [handle_group_memberships:1210] - 🔍 Unmapped position detected: 'Committee Assistant: PGIR' - consider adding to role mapping
2026-02-16 10:24:24,766 - oracle_user_sync_modern - INFO - [process_single_user:1027] - 🔄 Updated user YBROWN: party:  -> None
2026-02-16 10:24:24,766 - oracle_user_sync_modern - INFO - [handle_group_memberships:1193] - 🎯 Mapped position 'Researcher' to specific role 'Researcher' for ybrown
2026-02-16 10:24:24,768 - oracle_user_sync_modern - INFO - [handle_group_memberships:1241] - 👥 Added membership: ybrown -> Administration (Researcher)
2026-02-16 10:24:24,771 - oracle_user_sync_modern - INFO - [process_single_user:1027] - 🔄 Updated user FBULAWA: party:  -> None
2026-02-16 10:24:24,771 - oracle_user_sync_modern - INFO - [handle_group_memberships:1199] - 📝 Using generic staff role for unmapped position 'Committee Assistant' for fbulawa
2026-02-16 10:24:24,775 - oracle_user_sync_modern - INFO - [process_single_user:1027] - 🔄 Updated user HBURGER: party:  -> None
2026-02-16 10:24:24,775 - oracle_user_sync_modern - INFO - [handle_group_memberships:1199] - 📝 Using generic staff role for unmapped position 'Manager: Strategic And Business Planning' for hburger
2026-02-16 10:24:24,775 - oracle_user_sync_modern - INFO - [handle_group_memberships:1210] - 🔍 Unmapped position detected: 'Manager: Strategic And Business Planning' - consider adding to role mapping
2026-02-16 10:24:24,780 - oracle_user_sync_modern - INFO - [process_single_user:1027] - 🔄 Updated user KBUSO: party:  -> None
2026-02-16 10:24:24,780 - oracle_user_sync_modern - INFO - [handle_group_memberships:1193] - 🎯 Mapped position 'Administrative Officer' to specific role 'Administrative Officer' for kbuso
2026-02-16 10:24:24,782 - oracle_user_sync_modern - INFO - [handle_group_memberships:1241] - 👥 Added membership: kbuso -> Administration (Administrative Officer)
2026-02-16 10:24:24,787 - oracle_user_sync_modern - INFO - [process_single_user:1027] - 🔄 Updated user RBUTHELEZI: party:  -> None
2026-02-16 10:24:24,787 - oracle_user_sync_modern - INFO - [handle_group_memberships:1199] - 📝 Using generic staff role for unmapped position 'HR Business Partner' for rbuthelezi
2026-02-16 10:24:24,787 - oracle_user_sync_modern - INFO - [handle_group_memberships:1210] - 🔍 Unmapped position detected: 'HR Business Partner' - consider adding to role mapping
2026-02-16 10:24:24,791 - oracle_user_sync_modern - INFO - [process_single_user:1027] - 🔄 Updated user SIBUTHELEZI: party:  -> None
2026-02-16 10:24:24,791 - oracle_user_sync_modern - INFO - [handle_group_memberships:1199] - 📝 Using generic staff role for unmapped position 'Chief Researcher' for sibuthelezi
2026-02-16 10:24:24,791 - oracle_user_sync_modern - INFO - [handle_group_memberships:1210] - 🔍 Unmapped position detected: 'Chief Researcher' - consider adding to role mapping
2026-02-16 10:24:24,794 - oracle_user_sync_modern - INFO - [process_single_user:1027] - 🔄 Updated user MBUYEPHI: party:  -> None
2026-02-16 10:24:24,794 - oracle_user_sync_modern - INFO - [handle_group_memberships:1199] - 📝 Using generic staff role for unmapped position 'General Cleaner' for mbuyephi
2026-02-16 10:24:24,797 - oracle_user_sync_modern - INFO - [process_single_user:1027] - 🔄 Updated user BCABANGANA: party:  -> None
2026-02-16 10:24:24,797 - oracle_user_sync_modern - INFO - [handle_group_memberships:1199] - 📝 Using generic staff role for unmapped position 'Office Coordinator: House Chairperson - Committees and Overs' for bcabangana
2026-02-16 10:24:24,797 - oracle_user_sync_modern - INFO - [handle_group_memberships:1210] - 🔍 Unmapped position detected: 'Office Coordinator: House Chairperson - Committees and Overs' - consider adding to role mapping
2026-02-16 10:24:24,801 - oracle_user_sync_modern - INFO - [process_single_user:1027] - 🔄 Updated user BCADMAN: party:  -> None
2026-02-16 10:24:24,801 - oracle_user_sync_modern - INFO - [handle_group_memberships:1193] - 🎯 Mapped position 'Executive Assistant' to specific role 'Executive Assistant' for bcadman
2026-02-16 10:24:24,804 - oracle_user_sync_modern - INFO - [handle_group_memberships:1241] - 👥 Added membership: bcadman -> Administration (Executive Assistant)
2026-02-16 10:24:24,808 - oracle_user_sync_modern - INFO - [process_single_user:1027] - 🔄 Updated user CCAMPBELL: party:  -> None
2026-02-16 10:24:24,808 - oracle_user_sync_modern - INFO - [handle_group_memberships:1193] - 🎯 Mapped position 'Executive Assistant' to specific role 'Executive Assistant' for ccampbell
2026-02-16 10:24:24,811 - oracle_user_sync_modern - INFO - [handle_group_memberships:1241] - 👥 Added membership: ccampbell -> Administration (Executive Assistant)
2026-02-16 10:24:24,814 - oracle_user_sync_modern - INFO - [process_single_user:1027] - 🔄 Updated user SCAMPHER: party:  -> None
2026-02-16 10:24:24,814 - oracle_user_sync_modern - INFO - [handle_group_memberships:1199] - 📝 Using generic staff role for unmapped position 'Operator Support Personnel' for scampher
2026-02-16 10:24:24,818 - oracle_user_sync_modern - INFO - [process_single_user:1027] - 🔄 Updated user LCARELSE: party:  -> None
2026-02-16 10:24:24,818 - oracle_user_sync_modern - INFO - [handle_group_memberships:1199] - 📝 Using generic staff role for unmapped position 'Junior HR Business Partner' for lcarelse
2026-02-16 10:24:24,818 - oracle_user_sync_modern - INFO - [handle_group_memberships:1210] - 🔍 Unmapped position detected: 'Junior HR Business Partner' - consider adding to role mapping
2026-02-16 10:24:24,821 - oracle_user_sync_modern - INFO - [process_single_user:1027] - 🔄 Updated user VCARELSE: party:  -> None
2026-02-16 10:24:24,821 - oracle_user_sync_modern - INFO - [handle_group_memberships:1199] - 📝 Using generic staff role for unmapped position 'Committee Secretary' for vcarelse
2026-02-16 10:24:24,826 - oracle_user_sync_modern - INFO - [process_single_user:1027] - 🔄 Updated user JNYMAN: party:  -> None
2026-02-16 10:24:24,826 - oracle_user_sync_modern - INFO - [handle_group_memberships:1199] - 📝 Using generic staff role for unmapped position 'Project Administrator' for jnyman
2026-02-16 10:24:24,826 - oracle_user_sync_modern - INFO - [handle_group_memberships:1210] - 🔍 Unmapped position detected: 'Project Administrator' - consider adding to role mapping
2026-02-16 10:24:24,829 - oracle_user_sync_modern - INFO - [process_single_user:1027] - 🔄 Updated user SCASOOJEE: party:  -> None
2026-02-16 10:24:24,829 - oracle_user_sync_modern - INFO - [handle_group_memberships:1199] - 📝 Using generic staff role for unmapped position 'Librarian' for scasoojee
2026-02-16 10:24:24,829 - oracle_user_sync_modern - INFO - [handle_group_memberships:1210] - 🔍 Unmapped position detected: 'Librarian' - consider adding to role mapping
2026-02-16 10:24:24,832 - oracle_user_sync_modern - INFO - [process_single_user:1027] - 🔄 Updated user SCASSIEM: party:  -> None
2026-02-16 10:24:24,833 - oracle_user_sync_modern - INFO - [handle_group_memberships:1199] - 📝 Using generic staff role for unmapped position 'Committee Secretary' for scassiem
2026-02-16 10:24:24,836 - oracle_user_sync_modern - INFO - [process_single_user:1027] - 🔄 Updated user TCASSISA: party:  -> None
2026-02-16 10:24:24,836 - oracle_user_sync_modern - INFO - [handle_group_memberships:1199] - 📝 Using generic staff role for unmapped position 'Learning and Development Co-ordinator' for tcassisa
2026-02-16 10:24:24,836 - oracle_user_sync_modern - INFO - [handle_group_memberships:1210] - 🔍 Unmapped position detected: 'Learning and Development Co-ordinator' - consider adding to role mapping
2026-02-16 10:24:24,839 - oracle_user_sync_modern - INFO - [process_single_user:1027] - 🔄 Updated user TCAWE: party:  -> None
2026-02-16 10:24:24,839 - oracle_user_sync_modern - INFO - [handle_group_memberships:1199] - 📝 Using generic staff role for unmapped position 'Manager: Administration and Operations' for tcawe
2026-02-16 10:24:24,839 - oracle_user_sync_modern - INFO - [handle_group_memberships:1210] - 🔍 Unmapped position detected: 'Manager: Administration and Operations' - consider adding to role mapping
2026-02-16 10:24:24,843 - oracle_user_sync_modern - INFO - [process_single_user:1027] - 🔄 Updated user ZCAWE: party:  -> None
2026-02-16 10:24:24,843 - oracle_user_sync_modern - INFO - [handle_group_memberships:1199] - 📝 Using generic staff role for unmapped position 'International Relations Officer' for zcawe
2026-02-16 10:24:24,843 - oracle_user_sync_modern - INFO - [handle_group_memberships:1210] - 🔍 Unmapped position detected: 'International Relations Officer' - consider adding to role mapping
2026-02-16 10:24:24,849 - oracle_user_sync_modern - INFO - [process_single_user:1027] - 🔄 Updated user ZCELE: party:  -> None
2026-02-16 10:24:24,849 - oracle_user_sync_modern - INFO - [handle_group_memberships:1199] - 📝 Using generic staff role for unmapped position 'Control Editor' for zcele
2026-02-16 10:24:24,849 - oracle_user_sync_modern - INFO - [handle_group_memberships:1210] - 🔍 Unmapped position detected: 'Control Editor' - consider adding to role mapping
2026-02-16 10:24:24,852 - oracle_user_sync_modern - INFO - [process_single_user:1027] - 🔄 Updated user YCELE: party:  -> None
2026-02-16 10:24:24,852 - oracle_user_sync_modern - INFO - [handle_group_memberships:1199] - 📝 Using generic staff role for unmapped position 'Committee Assistant' for ycele
2026-02-16 10:24:24,855 - oracle_user_sync_modern - INFO - [process_single_user:1027] - 🔄 Updated user NCENGE: party:  -> None
2026-02-16 10:24:24,855 - oracle_user_sync_modern - INFO - [handle_group_memberships:1199] - 📝 Using generic staff role for unmapped position 'Content Advisor' for ncenge
2026-02-16 10:24:24,860 - oracle_user_sync_modern - INFO - [process_single_user:1027] - 🔄 Updated user GCHABALALA: party:  -> None
2026-02-16 10:24:24,860 - oracle_user_sync_modern - INFO - [handle_group_memberships:1199] - 📝 Using generic staff role for unmapped position 'Senior Language Practitioner: Xitsonga' for gchabalala
2026-02-16 10:24:24,860 - oracle_user_sync_modern - INFO - [handle_group_memberships:1210] - 🔍 Unmapped position detected: 'Senior Language Practitioner: Xitsonga' - consider adding to role mapping
2026-02-16 10:24:24,866 - oracle_user_sync_modern - INFO - [process_single_user:1027] - 🔄 Updated user JCHARLES: party:  -> None
2026-02-16 10:24:24,866 - oracle_user_sync_modern - INFO - [handle_group_memberships:1199] - 📝 Using generic staff role for unmapped position 'Secretary' for jcharles
2026-02-16 10:24:24,869 - oracle_user_sync_modern - INFO - [process_single_user:1027] - 🔄 Updated user NCHASO: party:  -> None
2026-02-16 10:24:24,869 - oracle_user_sync_modern - INFO - [handle_group_memberships:1199] - 📝 Using generic staff role for unmapped position 'Committee Assistant' for nchaso
2026-02-16 10:24:24,874 - oracle_user_sync_modern - INFO - [process_single_user:1027] - 🔄 Updated user TCHAWUKE: party:  -> None
2026-02-16 10:24:24,874 - oracle_user_sync_modern - INFO - [handle_group_memberships:1199] - 📝 Using generic staff role for unmapped position 'Control Librarian' for tchawuke
2026-02-16 10:24:24,874 - oracle_user_sync_modern - INFO - [handle_group_memberships:1210] - 🔍 Unmapped position detected: 'Control Librarian' - consider adding to role mapping
2026-02-16 10:24:24,881 - oracle_user_sync_modern - INFO - [process_single_user:1027] - 🔄 Updated user GCHOBOKOANE: party:  -> None
2026-02-16 10:24:24,881 - oracle_user_sync_modern - INFO - [handle_group_memberships:1199] - 📝 Using generic staff role for unmapped position 'Operator Support Personnel' for gchobokoane
2026-02-16 10:24:24,885 - oracle_user_sync_modern - INFO - [process_single_user:1027] - 🔄 Updated user MCHOKWE: party:  -> None
2026-02-16 10:24:24,885 - oracle_user_sync_modern - INFO - [handle_group_memberships:1193] - 🎯 Mapped position 'Protection Officer' to specific role 'Protection Officer' for mchokwe
2026-02-16 10:24:24,887 - oracle_user_sync_modern - INFO - [handle_group_memberships:1241] - 👥 Added membership: mchokwe -> Administration (Protection Officer)
2026-02-16 10:24:24,890 - oracle_user_sync_modern - INFO - [process_single_user:1027] - 🔄 Updated user ACHOOLAN: party:  -> None
2026-02-16 10:24:24,890 - oracle_user_sync_modern - INFO - [handle_group_memberships:1199] - 📝 Using generic staff role for unmapped position 'Operator Support Personnel' for achoolan
2026-02-16 10:24:24,895 - oracle_user_sync_modern - INFO - [process_single_user:1027] - 🔄 Updated user KCHRISTIANS: party:  -> None
2026-02-16 10:24:24,895 - oracle_user_sync_modern - INFO - [handle_group_memberships:1199] - 📝 Using generic staff role for unmapped position 'Special Projects Officer' for kchristians
2026-02-16 10:24:24,895 - oracle_user_sync_modern - INFO - [handle_group_memberships:1210] - 🔍 Unmapped position detected: 'Special Projects Officer' - consider adding to role mapping
2026-02-16 10:24:24,900 - oracle_user_sync_modern - INFO - [process_single_user:1027] - 🔄 Updated user SCHUENE: party:  -> None
2026-02-16 10:24:24,900 - oracle_user_sync_modern - INFO - [handle_group_memberships:1199] - 📝 Using generic staff role for unmapped position 'Procedural Assistant: Questions' for schuene
2026-02-16 10:24:24,900 - oracle_user_sync_modern - INFO - [handle_group_memberships:1210] - 🔍 Unmapped position detected: 'Procedural Assistant: Questions' - consider adding to role mapping
2026-02-16 10:24:24,903 - oracle_user_sync_modern - INFO - [process_single_user:1027] - 🔄 Updated user NCISHE: party:  -> None
2026-02-16 10:24:24,903 - oracle_user_sync_modern - INFO - [handle_group_memberships:1199] - 📝 Using generic staff role for unmapped position 'Buyer: Supply Chain Management' for ncishe
2026-02-16 10:24:24,907 - oracle_user_sync_modern - INFO - [process_single_user:1027] - 🔄 Updated user LCLAASSEN: party:  -> None
2026-02-16 10:24:24,907 - oracle_user_sync_modern - INFO - [handle_group_memberships:1199] - 📝 Using generic staff role for unmapped position 'Clerk of the Papers' for lclaassen
2026-02-16 10:24:24,907 - oracle_user_sync_modern - INFO - [handle_group_memberships:1210] - 🔍 Unmapped position detected: 'Clerk of the Papers' - consider adding to role mapping
2026-02-16 10:24:24,910 - oracle_user_sync_modern - INFO - [process_single_user:1027] - 🔄 Updated user ACLARK: party:  -> None
2026-02-16 10:24:24,910 - oracle_user_sync_modern - INFO - [handle_group_memberships:1199] - 📝 Using generic staff role for unmapped position 'Content Advisor' for aclark
2026-02-16 10:24:24,914 - oracle_user_sync_modern - INFO - [process_single_user:1027] - 🔄 Updated user FCLAYTON: party:  -> None
2026-02-16 10:24:24,914 - oracle_user_sync_modern - INFO - [handle_group_memberships:1199] - 📝 Using generic staff role for unmapped position 'Content Advisor' for fclayton
2026-02-16 10:24:24,918 - oracle_user_sync_modern - INFO - [process_single_user:1027] - 🔄 Updated user NCLOETE: party:  -> None
2026-02-16 10:24:24,918 - oracle_user_sync_modern - INFO - [handle_group_memberships:1199] - 📝 Using generic staff role for unmapped position 'Executive Secretary: Committee Chairperson' for ncloete
2026-02-16 10:24:24,923 - oracle_user_sync_modern - INFO - [process_single_user:1027] - 🔄 Updated user PCLOETE: party:  -> None
2026-02-16 10:24:24,924 - oracle_user_sync_modern - INFO - [handle_group_memberships:1199] - 📝 Using generic staff role for unmapped position 'Camera Operator / Vision Mixer' for pcloete
2026-02-16 10:24:24,924 - oracle_user_sync_modern - INFO - [handle_group_memberships:1210] - 🔍 Unmapped position detected: 'Camera Operator / Vision Mixer' - consider adding to role mapping
2026-02-16 10:24:24,929 - oracle_user_sync_modern - INFO - [process_single_user:1027] - 🔄 Updated user MCOLLINS: party:  -> None
2026-02-16 10:24:24,929 - oracle_user_sync_modern - INFO - [handle_group_memberships:1193] - 🎯 Mapped position 'Executive Assistant' to specific role 'Executive Assistant' for mcollins
2026-02-16 10:24:24,932 - oracle_user_sync_modern - INFO - [handle_group_memberships:1241] - 👥 Added membership: mcollins -> Administration (Executive Assistant)
2026-02-16 10:24:24,935 - oracle_user_sync_modern - INFO - [process_single_user:1027] - 🔄 Updated user SCONSTABLE: party:  -> None
2026-02-16 10:24:24,935 - oracle_user_sync_modern - INFO - [handle_group_memberships:1199] - 📝 Using generic staff role for unmapped position 'General Cleaner' for sconstable
2026-02-16 10:24:24,940 - oracle_user_sync_modern - INFO - [process_single_user:1027] - 🔄 Updated user CCUPIDO: party:  -> None
2026-02-16 10:24:24,940 - oracle_user_sync_modern - INFO - [handle_group_memberships:1199] - 📝 Using generic staff role for unmapped position 'Internal Auditor' for ccupido
2026-02-16 10:24:24,940 - oracle_user_sync_modern - INFO - [handle_group_memberships:1210] - 🔍 Unmapped position detected: 'Internal Auditor' - consider adding to role mapping
2026-02-16 10:24:24,945 - oracle_user_sync_modern - INFO - [process_single_user:1027] - 🔄 Updated user JCORNISH: party:  -> None
2026-02-16 10:24:24,945 - oracle_user_sync_modern - INFO - [handle_group_memberships:1193] - 🎯 Mapped position 'Administrative Officer' to specific role 'Administrative Officer' for jcornish
2026-02-16 10:24:24,947 - oracle_user_sync_modern - INFO - [handle_group_memberships:1241] - 👥 Added membership: jcornish -> Administration (Administrative Officer)
2026-02-16 10:24:24,952 - oracle_user_sync_modern - INFO - [process_single_user:1027] - 🔄 Updated user SCREIGHTON: party:  -> None
2026-02-16 10:24:24,952 - oracle_user_sync_modern - INFO - [handle_group_memberships:1199] - 📝 Using generic staff role for unmapped position 'Unit Manager: Financial Services' for screighton
2026-02-16 10:24:24,952 - oracle_user_sync_modern - INFO - [handle_group_memberships:1210] - 🔍 Unmapped position detected: 'Unit Manager: Financial Services' - consider adding to role mapping
2026-02-16 10:24:24,956 - oracle_user_sync_modern - INFO - [process_single_user:1027] - 🔄 Updated user CCUBA: party:  -> None
2026-02-16 10:24:24,957 - oracle_user_sync_modern - INFO - [handle_group_memberships:1193] - 🎯 Mapped position 'Administrative Officer' to specific role 'Administrative Officer' for ccuba
2026-02-16 10:24:24,960 - oracle_user_sync_modern - INFO - [handle_group_memberships:1241] - 👥 Added membership: ccuba -> Administration (Administrative Officer)
2026-02-16 10:24:24,964 - oracle_user_sync_modern - INFO - [process_single_user:1027] - 🔄 Updated user CCUIENS: party:  -> None
2026-02-16 10:24:24,964 - oracle_user_sync_modern - INFO - [handle_group_memberships:1199] - 📝 Using generic staff role for unmapped position 'Chamber Support Officer' for ccuiens
2026-02-16 10:24:24,968 - oracle_user_sync_modern - INFO - [process_single_user:1027] - 🔄 Updated user ACUPIDO: party:  -> None
2026-02-16 10:24:24,968 - oracle_user_sync_modern - INFO - [handle_group_memberships:1199] - 📝 Using generic staff role for unmapped position 'Control Editor' for acupido
2026-02-16 10:24:24,972 - oracle_user_sync_modern - INFO - [process_single_user:1027] - 🔄 Updated user GCUPIDO: party:  -> None
2026-02-16 10:24:24,972 - oracle_user_sync_modern - INFO - [handle_group_memberships:1199] - 📝 Using generic staff role for unmapped position 'Head Waitron' for gcupido
2026-02-16 10:24:24,976 - oracle_user_sync_modern - INFO - [process_single_user:1027] - 🔄 Updated user YCURNOW: party:  -> None
2026-02-16 10:24:24,976 - oracle_user_sync_modern - INFO - [handle_group_memberships:1199] - 📝 Using generic staff role for unmapped position 'Document Officer' for ycurnow
2026-02-16 10:24:24,976 - oracle_user_sync_modern - INFO - [handle_group_memberships:1210] - 🔍 Unmapped position detected: 'Document Officer' - consider adding to role mapping
2026-02-16 10:24:24,979 - oracle_user_sync_modern - INFO - [process_single_user:1027] - 🔄 Updated user SCURRAN: party:  -> None
2026-02-16 10:24:24,979 - oracle_user_sync_modern - INFO - [handle_group_memberships:1199] - 📝 Using generic staff role for unmapped position 'Language Practitioner: Afrikaans' for scurran
2026-02-16 10:24:24,983 - oracle_user_sync_modern - INFO - [process_single_user:1027] - 🔄 Updated user TCURRAN: party:  -> None
2026-02-16 10:24:24,983 - oracle_user_sync_modern - INFO - [handle_group_memberships:1199] - 📝 Using generic staff role for unmapped position 'Senior Administrative Officer' for tcurran
2026-02-16 10:24:24,983 - oracle_user_sync_modern - INFO - [handle_group_memberships:1210] - 🔍 Unmapped position detected: 'Senior Administrative Officer' - consider adding to role mapping
2026-02-16 10:24:24,988 - oracle_user_sync_modern - INFO - [process_single_user:1027] - 🔄 Updated user WDASILVA: party:  -> None
2026-02-16 10:24:24,988 - oracle_user_sync_modern - INFO - [handle_group_memberships:1199] - 📝 Using generic staff role for unmapped position 'Language Practitioner: Afrikaans' for wdasilva
2026-02-16 10:24:24,991 - oracle_user_sync_modern - INFO - [process_single_user:1027] - 🔄 Updated user PDADLANA: party:  -> None
2026-02-16 10:24:24,991 - oracle_user_sync_modern - INFO - [handle_group_memberships:1199] - 📝 Using generic staff role for unmapped position 'Procedural Assistant: Questions' for pdadlana
2026-02-16 10:24:24,995 - oracle_user_sync_modern - INFO - [process_single_user:1027] - 🔄 Updated user NDALIWE: party:  -> None
2026-02-16 10:24:24,995 - oracle_user_sync_modern - INFO - [handle_group_memberships:1199] - 📝 Using generic staff role for unmapped position 'Senior Protection Officer' for ndaliwe
2026-02-16 10:24:24,995 - oracle_user_sync_modern - INFO - [handle_group_memberships:1210] - 🔍 Unmapped position detected: 'Senior Protection Officer' - consider adding to role mapping
2026-02-16 10:24:24,998 - oracle_user_sync_modern - INFO - [process_single_user:1027] - 🔄 Updated user MDAMON: party:  -> None
2026-02-16 10:24:24,998 - oracle_user_sync_modern - INFO - [handle_group_memberships:1199] - 📝 Using generic staff role for unmapped position 'Service Officer' for mdamon
2026-02-16 10:24:25,002 - oracle_user_sync_modern - INFO - [process_single_user:1027] - 🔄 Updated user CDAMONS: party:  -> None
2026-02-16 10:24:25,003 - oracle_user_sync_modern - INFO - [handle_group_memberships:1199] - 📝 Using generic staff role for unmapped position 'Labour Relations Practitioner' for cdamons
2026-02-16 10:24:25,003 - oracle_user_sync_modern - INFO - [handle_group_memberships:1210] - 🔍 Unmapped position detected: 'Labour Relations Practitioner' - consider adding to role mapping
2026-02-16 10:24:25,006 - oracle_user_sync_modern - INFO - [process_single_user:1027] - 🔄 Updated user IDAMONS: party:  -> None
2026-02-16 10:24:25,006 - oracle_user_sync_modern - INFO - [handle_group_memberships:1193] - 🎯 Mapped position 'Protection Officer' to specific role 'Protection Officer' for idamons
2026-02-16 10:24:25,008 - oracle_user_sync_modern - INFO - [handle_group_memberships:1241] - 👥 Added membership: idamons -> Administration (Protection Officer)
2026-02-16 10:24:25,011 - oracle_user_sync_modern - INFO - [process_single_user:1027] - 🔄 Updated user LDANIEL: party:  -> None
2026-02-16 10:24:25,011 - oracle_user_sync_modern - INFO - [handle_group_memberships:1199] - 📝 Using generic staff role for unmapped position 'HR Business Partner' for ldaniel
2026-02-16 10:24:25,016 - oracle_user_sync_modern - INFO - [process_single_user:1027] - 🔄 Updated user NDANIELS: party:  -> None
2026-02-16 10:24:25,016 - oracle_user_sync_modern - INFO - [handle_group_memberships:1199] - 📝 Using generic staff role for unmapped position 'Service Officer' for ndaniels
2026-02-16 10:24:25,020 - oracle_user_sync_modern - INFO - [process_single_user:1027] - 🔄 Updated user YDANIELS: party:  -> None
2026-02-16 10:24:25,020 - oracle_user_sync_modern - INFO - [handle_group_memberships:1199] - 📝 Using generic staff role for unmapped position 'Whippery Officer / Executive Assistant' for ydaniels
2026-02-16 10:24:25,020 - oracle_user_sync_modern - INFO - [handle_group_memberships:1210] - 🔍 Unmapped position detected: 'Whippery Officer / Executive Assistant' - consider adding to role mapping
2026-02-16 10:24:25,024 - oracle_user_sync_modern - INFO - [process_single_user:1027] - 🔄 Updated user NDANISO: party:  -> None
2026-02-16 10:24:25,024 - oracle_user_sync_modern - INFO - [handle_group_memberships:1199] - 📝 Using generic staff role for unmapped position 'ERP Functional Support Specialist: HRMS' for ndaniso
2026-02-16 10:24:25,024 - oracle_user_sync_modern - INFO - [handle_group_memberships:1210] - 🔍 Unmapped position detected: 'ERP Functional Support Specialist: HRMS' - consider adding to role mapping
2026-02-16 10:24:25,027 - oracle_user_sync_modern - INFO - [process_single_user:1027] - 🔄 Updated user MDANO: party:  -> None
2026-02-16 10:24:25,027 - oracle_user_sync_modern - INFO - [handle_group_memberships:1193] - 🎯 Mapped position 'Researcher' to specific role 'Researcher' for mdano
2026-02-16 10:24:25,030 - oracle_user_sync_modern - INFO - [handle_group_memberships:1241] - 👥 Added membership: mdano -> Administration (Researcher)
2026-02-16 10:24:25,033 - oracle_user_sync_modern - INFO - [process_single_user:1027] - 🔄 Updated user ZVANDERMEULEN: party:  -> None
2026-02-16 10:24:25,033 - oracle_user_sync_modern - INFO - [handle_group_memberships:1199] - 📝 Using generic staff role for unmapped position 'Executive Secretary: Committee Chairperson' for zvandermeulen
2026-02-16 10:24:25,037 - oracle_user_sync_modern - INFO - [process_single_user:1027] - 🔄 Updated user SDEBOER: party:  -> None
2026-02-16 10:24:25,037 - oracle_user_sync_modern - INFO - [handle_group_memberships:1199] - 📝 Using generic staff role for unmapped position 'Library Assistant' for sdeboer
2026-02-16 10:24:25,037 - oracle_user_sync_modern - INFO - [handle_group_memberships:1210] - 🔍 Unmapped position detected: 'Library Assistant' - consider adding to role mapping
2026-02-16 10:24:25,039 - oracle_user_sync_modern - INFO - [sync_users_and_groups:811] - 🔄 Processing batch 3/16 (100 users)
2026-02-16 10:24:25,041 - oracle_user_sync_modern - INFO - [process_single_user:1027] - 🔄 Updated user ZDEBRUYN: party:  -> None
2026-02-16 10:24:25,041 - oracle_user_sync_modern - INFO - [handle_group_memberships:1199] - 📝 Using generic staff role for unmapped position 'Personal Assistant (Deputy)' for zdebruyn
2026-02-16 10:24:25,041 - oracle_user_sync_modern - INFO - [handle_group_memberships:1210] - 🔍 Unmapped position detected: 'Personal Assistant (Deputy)' - consider adding to role mapping
2026-02-16 10:24:25,044 - oracle_user_sync_modern - INFO - [process_single_user:1027] - 🔄 Updated user MDELACROES: party:  -> None
2026-02-16 10:24:25,044 - oracle_user_sync_modern - INFO - [handle_group_memberships:1199] - 📝 Using generic staff role for unmapped position 'Library Assistant' for mdelacroes
2026-02-16 10:24:25,048 - oracle_user_sync_modern - INFO - [process_single_user:1027] - 🔄 Updated user DDEVILLIERS: party:  -> None
2026-02-16 10:24:25,048 - oracle_user_sync_modern - INFO - [handle_group_memberships:1199] - 📝 Using generic staff role for unmapped position 'Chamber Support Officer' for ddevilliers
2026-02-16 10:24:25,053 - oracle_user_sync_modern - INFO - [process_single_user:1027] - 🔄 Updated user JDEWEE: party:  -> None
2026-02-16 10:24:25,053 - oracle_user_sync_modern - INFO - [handle_group_memberships:1199] - 📝 Using generic staff role for unmapped position 'Service Officer: PDO' for jdewee
2026-02-16 10:24:25,053 - oracle_user_sync_modern - INFO - [handle_group_memberships:1210] - 🔍 Unmapped position detected: 'Service Officer: PDO' - consider adding to role mapping
2026-02-16 10:24:25,057 - oracle_user_sync_modern - INFO - [process_single_user:1027] - 🔄 Updated user DDELPORT: party:  -> None
2026-02-16 10:24:25,057 - oracle_user_sync_modern - INFO - [handle_group_memberships:1199] - 📝 Using generic staff role for unmapped position 'Control: Chamber Support Officer' for ddelport
2026-02-16 10:24:25,057 - oracle_user_sync_modern - INFO - [handle_group_memberships:1210] - 🔍 Unmapped position detected: 'Control: Chamber Support Officer' - consider adding to role mapping
2026-02-16 10:24:25,061 - oracle_user_sync_modern - INFO - [process_single_user:1027] - 🔄 Updated user SDENYSSEN: party:  -> None
2026-02-16 10:24:25,061 - oracle_user_sync_modern - INFO - [handle_group_memberships:1199] - 📝 Using generic staff role for unmapped position 'Content Advisor' for sdenyssen
2026-02-16 10:24:25,064 - oracle_user_sync_modern - INFO - [process_single_user:1027] - 🔄 Updated user EDEYSEL: party:  -> None
2026-02-16 10:24:25,064 - oracle_user_sync_modern - INFO - [handle_group_memberships:1199] - 📝 Using generic staff role for unmapped position 'Language Practitioner: Afrikaans' for edeysel
2026-02-16 10:24:25,067 - oracle_user_sync_modern - INFO - [process_single_user:1027] - 🔄 Updated user LDEYSEL: party:  -> None
2026-02-16 10:24:25,067 - oracle_user_sync_modern - INFO - [handle_group_memberships:1199] - 📝 Using generic staff role for unmapped position 'Driver: Office of the Chairperson: NCOP' for ldeysel
2026-02-16 10:24:25,067 - oracle_user_sync_modern - INFO - [handle_group_memberships:1210] - 🔍 Unmapped position detected: 'Driver: Office of the Chairperson: NCOP' - consider adding to role mapping
2026-02-16 10:24:25,073 - oracle_user_sync_modern - INFO - [process_single_user:1027] - 🔄 Updated user JDICKINSON: party:  -> None
2026-02-16 10:24:25,073 - oracle_user_sync_modern - INFO - [handle_group_memberships:1199] - 📝 Using generic staff role for unmapped position 'Executive Specialist: House Chairperson NA' for jdickinson
2026-02-16 10:24:25,073 - oracle_user_sync_modern - INFO - [handle_group_memberships:1210] - 🔍 Unmapped position detected: 'Executive Specialist: House Chairperson NA' - consider adding to role mapping
2026-02-16 10:24:25,078 - oracle_user_sync_modern - INFO - [process_single_user:1027] - 🔄 Updated user MDIERGAARDT: party:  -> None
2026-02-16 10:24:25,078 - oracle_user_sync_modern - INFO - [handle_group_memberships:1199] - 📝 Using generic staff role for unmapped position 'Switchboard Operator: PCS' for mdiergaardt
2026-02-16 10:24:25,078 - oracle_user_sync_modern - INFO - [handle_group_memberships:1210] - 🔍 Unmapped position detected: 'Switchboard Operator: PCS' - consider adding to role mapping
2026-02-16 10:24:25,082 - oracle_user_sync_modern - INFO - [process_single_user:1027] - 🔄 Updated user MDIETLOFF: party:  -> None
2026-02-16 10:24:25,082 - oracle_user_sync_modern - INFO - [handle_group_memberships:1199] - 📝 Using generic staff role for unmapped position 'Senior Technician: Sound & Vision' for mdietloff
2026-02-16 10:24:25,082 - oracle_user_sync_modern - INFO - [handle_group_memberships:1210] - 🔍 Unmapped position detected: 'Senior Technician: Sound & Vision' - consider adding to role mapping
2026-02-16 10:24:25,085 - oracle_user_sync_modern - INFO - [process_single_user:1027] - 🔄 Updated user TDIKGACWI: party:  -> None
2026-02-16 10:24:25,086 - oracle_user_sync_modern - INFO - [handle_group_memberships:1193] - 🎯 Mapped position 'Administrative Officer' to specific role 'Administrative Officer' for tdikgacwi
2026-02-16 10:24:25,088 - oracle_user_sync_modern - INFO - [handle_group_memberships:1241] - 👥 Added membership: tdikgacwi -> Administration (Administrative Officer)
2026-02-16 10:24:25,092 - oracle_user_sync_modern - INFO - [process_single_user:1027] - 🔄 Updated user NDINGINTO: party:  -> None
2026-02-16 10:24:25,092 - oracle_user_sync_modern - INFO - [handle_group_memberships:1199] - 📝 Using generic staff role for unmapped position 'Executive Secretary: Committee Chairperson' for ndinginto
2026-02-16 10:24:25,097 - oracle_user_sync_modern - INFO - [process_single_user:1027] - 🔄 Updated user BDIXON: party:  -> None
2026-02-16 10:24:25,097 - oracle_user_sync_modern - INFO - [handle_group_memberships:1199] - 📝 Using generic staff role for unmapped position 'Key Control Officer' for bdixon
2026-02-16 10:24:25,097 - oracle_user_sync_modern - INFO - [handle_group_memberships:1210] - 🔍 Unmapped position detected: 'Key Control Officer' - consider adding to role mapping
2026-02-16 10:24:25,100 - oracle_user_sync_modern - INFO - [process_single_user:1027] - 🔄 Updated user GDIXON: party:  -> None
2026-02-16 10:24:25,100 - oracle_user_sync_modern - INFO - [handle_group_memberships:1199] - 📝 Using generic staff role for unmapped position 'Committee Secretary' for gdixon
2026-02-16 10:24:25,104 - oracle_user_sync_modern - INFO - [process_single_user:1027] - 🔄 Updated user NDIYA: party:  -> None
2026-02-16 10:24:25,104 - oracle_user_sync_modern - INFO - [handle_group_memberships:1199] - 📝 Using generic staff role for unmapped position 'Committee Assistant' for ndiya
2026-02-16 10:24:25,107 - oracle_user_sync_modern - INFO - [process_single_user:1027] - 🔄 Updated user MDLABAZANA: party:  -> None
2026-02-16 10:24:25,107 - oracle_user_sync_modern - INFO - [handle_group_memberships:1199] - 📝 Using generic staff role for unmapped position 'Content Specialist: Deputy Chairperson - NCOP' for mdlabazana
2026-02-16 10:24:25,107 - oracle_user_sync_modern - INFO - [handle_group_memberships:1210] - 🔍 Unmapped position detected: 'Content Specialist: Deputy Chairperson - NCOP' - consider adding to role mapping
2026-02-16 10:24:25,110 - oracle_user_sync_modern - INFO - [process_single_user:1027] - 🔄 Updated user SDLADLA: party:  -> None
2026-02-16 10:24:25,110 - oracle_user_sync_modern - INFO - [handle_group_memberships:1199] - 📝 Using generic staff role for unmapped position 'Expenditure & Procurement Controller' for sdladla
2026-02-16 10:24:25,110 - oracle_user_sync_modern - INFO - [handle_group_memberships:1210] - 🔍 Unmapped position detected: 'Expenditure & Procurement Controller' - consider adding to role mapping
2026-02-16 10:24:25,113 - oracle_user_sync_modern - INFO - [process_single_user:1027] - 🔄 Updated user NDLAKAVU: party:  -> None
2026-02-16 10:24:25,113 - oracle_user_sync_modern - INFO - [handle_group_memberships:1193] - 🎯 Mapped position 'Protection Officer' to specific role 'Protection Officer' for ndlakavu
2026-02-16 10:24:25,116 - oracle_user_sync_modern - INFO - [handle_group_memberships:1241] - 👥 Added membership: ndlakavu -> Administration (Protection Officer)
2026-02-16 10:24:25,118 - oracle_user_sync_modern - INFO - [process_single_user:1027] - 🔄 Updated user BADLAMINI: party:  -> None
2026-02-16 10:24:25,118 - oracle_user_sync_modern - INFO - [handle_group_memberships:1199] - 📝 Using generic staff role for unmapped position 'Camera Operator / Vision Mixer' for badlamini
2026-02-16 10:24:25,122 - oracle_user_sync_modern - INFO - [process_single_user:1027] - 🔄 Updated user MADLAMINI: party:  -> None
2026-02-16 10:24:25,122 - oracle_user_sync_modern - INFO - [handle_group_memberships:1199] - 📝 Using generic staff role for unmapped position 'Asset & Inventory Officer' for madlamini
2026-02-16 10:24:25,122 - oracle_user_sync_modern - INFO - [handle_group_memberships:1210] - 🔍 Unmapped position detected: 'Asset & Inventory Officer' - consider adding to role mapping
2026-02-16 10:24:25,126 - oracle_user_sync_modern - INFO - [process_single_user:1027] - 🔄 Updated user MFDLAMINI: party:  -> None
2026-02-16 10:24:25,126 - oracle_user_sync_modern - INFO - [handle_group_memberships:1199] - 📝 Using generic staff role for unmapped position 'Executive Secretary: House Chairperson: Intrnl Relations' for mfdlamini
2026-02-16 10:24:25,126 - oracle_user_sync_modern - INFO - [handle_group_memberships:1210] - 🔍 Unmapped position detected: 'Executive Secretary: House Chairperson: Intrnl Relations' - consider adding to role mapping
2026-02-16 10:24:25,130 - oracle_user_sync_modern - INFO - [process_single_user:1027] - 🔄 Updated user NDLAMINI: party:  -> None
2026-02-16 10:24:25,130 - oracle_user_sync_modern - INFO - [handle_group_memberships:1199] - 📝 Using generic staff role for unmapped position 'Administrative Assistant' for ndlamini
2026-02-16 10:24:25,133 - oracle_user_sync_modern - INFO - [process_single_user:1027] - 🔄 Updated user TDLAMINI: party:  -> None
2026-02-16 10:24:25,133 - oracle_user_sync_modern - INFO - [handle_group_memberships:1199] - 📝 Using generic staff role for unmapped position 'Finance Technician' for tdlamini
2026-02-16 10:24:25,133 - oracle_user_sync_modern - INFO - [handle_group_memberships:1210] - 🔍 Unmapped position detected: 'Finance Technician' - consider adding to role mapping
2026-02-16 10:24:25,136 - oracle_user_sync_modern - INFO - [process_single_user:1027] - 🔄 Updated user MDLEKEDLA: party:  -> None
2026-02-16 10:24:25,136 - oracle_user_sync_modern - INFO - [handle_group_memberships:1193] - 🎯 Mapped position 'Protection Officer' to specific role 'Protection Officer' for mdlekedla
2026-02-16 10:24:25,139 - oracle_user_sync_modern - INFO - [handle_group_memberships:1241] - 👥 Added membership: mdlekedla -> Administration (Protection Officer)
2026-02-16 10:24:25,143 - oracle_user_sync_modern - INFO - [process_single_user:1027] - 🔄 Updated user ADLOMO: party:  -> None
2026-02-16 10:24:25,143 - oracle_user_sync_modern - INFO - [handle_group_memberships:1199] - 📝 Using generic staff role for unmapped position 'International Relations Assistant' for adlomo
2026-02-16 10:24:25,143 - oracle_user_sync_modern - INFO - [handle_group_memberships:1210] - 🔍 Unmapped position detected: 'International Relations Assistant' - consider adding to role mapping
2026-02-16 10:24:25,146 - oracle_user_sync_modern - INFO - [process_single_user:1027] - 🔄 Updated user PDLOMO: party:  -> None
2026-02-16 10:24:25,146 - oracle_user_sync_modern - INFO - [handle_group_memberships:1199] - 📝 Using generic staff role for unmapped position 'Content Advisor' for pdlomo
2026-02-16 10:24:25,150 - oracle_user_sync_modern - INFO - [process_single_user:1027] - 🔄 Updated user MDLULA: party:  -> None
2026-02-16 10:24:25,150 - oracle_user_sync_modern - INFO - [handle_group_memberships:1199] - 📝 Using generic staff role for unmapped position 'Media Co-ordinator' for mdlula
2026-02-16 10:24:25,150 - oracle_user_sync_modern - INFO - [handle_group_memberships:1210] - 🔍 Unmapped position detected: 'Media Co-ordinator' - consider adding to role mapping
2026-02-16 10:24:25,153 - oracle_user_sync_modern - INFO - [process_single_user:1027] - 🔄 Updated user MDODO: party:  -> None
2026-02-16 10:24:25,153 - oracle_user_sync_modern - INFO - [handle_group_memberships:1199] - 📝 Using generic staff role for unmapped position 'Committee Assistant' for mdodo
2026-02-16 10:24:25,157 - oracle_user_sync_modern - INFO - [process_single_user:1027] - 🔄 Updated user RDOLBY: party:  -> None
2026-02-16 10:24:25,157 - oracle_user_sync_modern - INFO - [handle_group_memberships:1199] - 📝 Using generic staff role for unmapped position 'Artworks Office Assistant' for rdolby
2026-02-16 10:24:25,157 - oracle_user_sync_modern - INFO - [handle_group_memberships:1210] - 🔍 Unmapped position detected: 'Artworks Office Assistant' - consider adding to role mapping
2026-02-16 10:24:25,161 - oracle_user_sync_modern - INFO - [process_single_user:1027] - 🔄 Updated user NDOLLIE: party:  -> None
2026-02-16 10:24:25,161 - oracle_user_sync_modern - INFO - [handle_group_memberships:1199] - 📝 Using generic staff role for unmapped position 'Senior Researcher' for ndollie
2026-02-16 10:24:25,161 - oracle_user_sync_modern - INFO - [handle_group_memberships:1210] - 🔍 Unmapped position detected: 'Senior Researcher' - consider adding to role mapping
2026-02-16 10:24:25,165 - oracle_user_sync_modern - INFO - [process_single_user:1027] - 🔄 Updated user FDOWNS: party:  -> None
2026-02-16 10:24:25,165 - oracle_user_sync_modern - INFO - [handle_group_memberships:1199] - 📝 Using generic staff role for unmapped position 'ERP DBA / Systems Administrator [Senior]' for fdowns
2026-02-16 10:24:25,165 - oracle_user_sync_modern - INFO - [handle_group_memberships:1210] - 🔍 Unmapped position detected: 'ERP DBA / Systems Administrator [Senior]' - consider adding to role mapping
2026-02-16 10:24:25,169 - oracle_user_sync_modern - INFO - [process_single_user:1027] - 🔄 Updated user SDRAMAT: party:  -> None
2026-02-16 10:24:25,169 - oracle_user_sync_modern - INFO - [handle_group_memberships:1199] - 📝 Using generic staff role for unmapped position 'ERP Functional Support' for sdramat
2026-02-16 10:24:25,169 - oracle_user_sync_modern - INFO - [handle_group_memberships:1210] - 🔍 Unmapped position detected: 'ERP Functional Support' - consider adding to role mapping
2026-02-16 10:24:25,173 - oracle_user_sync_modern - INFO - [process_single_user:1027] - 🔄 Updated user JDUPOKOY: party:  -> None
2026-02-16 10:24:25,173 - oracle_user_sync_modern - INFO - [handle_group_memberships:1199] - 📝 Using generic staff role for unmapped position 'Executive Secretary: Committee Chairperson: Ethics' for jdupokoy
2026-02-16 10:24:25,177 - oracle_user_sync_modern - INFO - [process_single_user:1027] - 🔄 Updated user SDUBE: party:  -> None
2026-02-16 10:24:25,177 - oracle_user_sync_modern - INFO - [handle_group_memberships:1199] - 📝 Using generic staff role for unmapped position 'Manager: IT Operations' for sdube
2026-02-16 10:24:25,177 - oracle_user_sync_modern - INFO - [handle_group_memberships:1210] - 🔍 Unmapped position detected: 'Manager: IT Operations' - consider adding to role mapping
2026-02-16 10:24:25,181 - oracle_user_sync_modern - INFO - [process_single_user:1027] - 🔄 Updated user NDUMAKUDE: party:  -> None
2026-02-16 10:24:25,181 - oracle_user_sync_modern - INFO - [handle_group_memberships:1193] - 🎯 Mapped position 'Researcher' to specific role 'Researcher' for ndumakude
2026-02-16 10:24:25,184 - oracle_user_sync_modern - INFO - [handle_group_memberships:1241] - 👥 Added membership: ndumakude -> Administration (Researcher)
2026-02-16 10:24:25,187 - oracle_user_sync_modern - INFO - [process_single_user:1027] - 🔄 Updated user MDUMEZWENI: party:  -> None
2026-02-16 10:24:25,187 - oracle_user_sync_modern - INFO - [handle_group_memberships:1199] - 📝 Using generic staff role for unmapped position 'Committee Secretary' for mdumezweni
2026-02-16 10:24:25,190 - oracle_user_sync_modern - INFO - [process_single_user:1027] - 🔄 Updated user MDUNGELO: party:  -> None
2026-02-16 10:24:25,190 - oracle_user_sync_modern - INFO - [handle_group_memberships:1199] - 📝 Using generic staff role for unmapped position 'General Cleaner' for mdungelo
2026-02-16 10:24:25,194 - oracle_user_sync_modern - INFO - [process_single_user:1027] - 🔄 Updated user BDYANTYI: party:  -> None
2026-02-16 10:24:25,194 - oracle_user_sync_modern - INFO - [handle_group_memberships:1193] - 🎯 Mapped position 'Service Desk Operator' to specific role 'Service Desk Operator' for bdyantyi
2026-02-16 10:24:25,196 - oracle_user_sync_modern - INFO - [handle_group_memberships:1241] - 👥 Added membership: bdyantyi -> Administration (Service Desk Operator)
2026-02-16 10:24:25,199 - oracle_user_sync_modern - INFO - [process_single_user:1027] - 🔄 Updated user GDYERS: party:  -> None
2026-02-16 10:24:25,199 - oracle_user_sync_modern - INFO - [handle_group_memberships:1193] - 🎯 Mapped position 'Administrative Officer' to specific role 'Administrative Officer' for gdyers
2026-02-16 10:24:25,201 - oracle_user_sync_modern - INFO - [handle_group_memberships:1241] - 👥 Added membership: gdyers -> Administration (Administrative Officer)
2026-02-16 10:24:25,204 - oracle_user_sync_modern - INFO - [process_single_user:1027] - 🔄 Updated user KDYERS: party:  -> None
2026-02-16 10:24:25,204 - oracle_user_sync_modern - INFO - [handle_group_memberships:1199] - 📝 Using generic staff role for unmapped position 'Service Officer' for kdyers
2026-02-16 10:24:25,207 - oracle_user_sync_modern - INFO - [process_single_user:1027] - 🔄 Updated user NDYOMFANA: party:  -> None
2026-02-16 10:24:25,207 - oracle_user_sync_modern - INFO - [handle_group_memberships:1199] - 📝 Using generic staff role for unmapped position 'Language Practitioner: Isixhosa' for ndyomfana
2026-02-16 10:24:25,207 - oracle_user_sync_modern - INFO - [handle_group_memberships:1210] - 🔍 Unmapped position detected: 'Language Practitioner: Isixhosa' - consider adding to role mapping
2026-02-16 10:24:25,210 - oracle_user_sync_modern - INFO - [process_single_user:1027] - 🔄 Updated user NDYONTA: party:  -> None
2026-02-16 10:24:25,210 - oracle_user_sync_modern - INFO - [handle_group_memberships:1199] - 📝 Using generic staff role for unmapped position 'Operator Support Personnel' for ndyonta
2026-02-16 10:24:25,213 - oracle_user_sync_modern - INFO - [process_single_user:1027] - 🔄 Updated user FEBRAHIM: party:  -> None
2026-02-16 10:24:25,213 - oracle_user_sync_modern - INFO - [handle_group_memberships:1199] - 📝 Using generic staff role for unmapped position 'Parliamentary Legal Adviser' for febrahim
2026-02-16 10:24:25,216 - oracle_user_sync_modern - INFO - [process_single_user:1027] - 🔄 Updated user SEDEM: party:  -> None
2026-02-16 10:24:25,216 - oracle_user_sync_modern - INFO - [handle_group_memberships:1199] - 📝 Using generic staff role for unmapped position 'Executive Assistant (Office of the Speaker)' for sedem
2026-02-16 10:24:25,216 - oracle_user_sync_modern - INFO - [handle_group_memberships:1210] - 🔍 Unmapped position detected: 'Executive Assistant (Office of the Speaker)' - consider adding to role mapping
2026-02-16 10:24:25,220 - oracle_user_sync_modern - INFO - [process_single_user:1027] - 🔄 Updated user GELIE: title:  -> Mr; party:  -> None
2026-02-16 10:24:25,220 - oracle_user_sync_modern - INFO - [handle_group_memberships:1199] - 📝 Using generic staff role for unmapped position 'ECM: Analyst Programmer' for gelie
2026-02-16 10:24:25,220 - oracle_user_sync_modern - INFO - [handle_group_memberships:1210] - 🔍 Unmapped position detected: 'ECM: Analyst Programmer' - consider adding to role mapping
2026-02-16 10:24:25,223 - oracle_user_sync_modern - INFO - [process_single_user:1027] - 🔄 Updated user QELIE: party:  -> None
2026-02-16 10:24:25,223 - oracle_user_sync_modern - INFO - [handle_group_memberships:1199] - 📝 Using generic staff role for unmapped position 'Service Officer' for qelie
2026-02-16 10:24:25,226 - oracle_user_sync_modern - INFO - [process_single_user:1027] - 🔄 Updated user SELIE: party:  -> None
2026-02-16 10:24:25,226 - oracle_user_sync_modern - INFO - [handle_group_memberships:1199] - 📝 Using generic staff role for unmapped position 'Administrative Assistant' for selie
2026-02-16 10:24:25,230 - oracle_user_sync_modern - INFO - [process_single_user:1027] - 🔄 Updated user MELOFF: party:  -> None
2026-02-16 10:24:25,230 - oracle_user_sync_modern - INFO - [handle_group_memberships:1199] - 📝 Using generic staff role for unmapped position 'Controller Payroll' for meloff
2026-02-16 10:24:25,230 - oracle_user_sync_modern - INFO - [handle_group_memberships:1210] - 🔍 Unmapped position detected: 'Controller Payroll' - consider adding to role mapping
2026-02-16 10:24:25,234 - oracle_user_sync_modern - INFO - [process_single_user:1027] - 🔄 Updated user AKISTEN: party:  -> None
2026-02-16 10:24:25,234 - oracle_user_sync_modern - INFO - [handle_group_memberships:1199] - 📝 Using generic staff role for unmapped position 'Procedural Officer: House Plenaries' for akisten
2026-02-16 10:24:25,237 - oracle_user_sync_modern - INFO - [process_single_user:1027] - 🔄 Updated user FERASMUS: party:  -> None
2026-02-16 10:24:25,237 - oracle_user_sync_modern - INFO - [handle_group_memberships:1199] - 📝 Using generic staff role for unmapped position 'Administrative Assistant' for ferasmus
2026-02-16 10:24:25,241 - oracle_user_sync_modern - INFO - [process_single_user:1027] - 🔄 Updated user GERASMUS: party:  -> None
2026-02-16 10:24:25,241 - oracle_user_sync_modern - INFO - [handle_group_memberships:1199] - 📝 Using generic staff role for unmapped position 'Sign Language Interpreter' for gerasmus
2026-02-16 10:24:25,241 - oracle_user_sync_modern - INFO - [handle_group_memberships:1210] - 🔍 Unmapped position detected: 'Sign Language Interpreter' - consider adding to role mapping
2026-02-16 10:24:25,244 - oracle_user_sync_modern - INFO - [process_single_user:1027] - 🔄 Updated user MERASMUS: party:  -> None
2026-02-16 10:24:25,244 - oracle_user_sync_modern - INFO - [handle_group_memberships:1199] - 📝 Using generic staff role for unmapped position 'Committee Assistant' for merasmus
2026-02-16 10:24:25,248 - oracle_user_sync_modern - INFO - [process_single_user:1027] - 🔄 Updated user JEVERSON: party:  -> None
2026-02-16 10:24:25,248 - oracle_user_sync_modern - INFO - [handle_group_memberships:1199] - 📝 Using generic staff role for unmapped position 'Procedural Assistant: Questions' for jeverson
2026-02-16 10:24:25,252 - oracle_user_sync_modern - INFO - [process_single_user:1027] - 🔄 Updated user LEZIEFOR: party:  -> None
2026-02-16 10:24:25,252 - oracle_user_sync_modern - INFO - [handle_group_memberships:1199] - 📝 Using generic staff role for unmapped position 'Waitron' for leziefor
2026-02-16 10:24:25,255 - oracle_user_sync_modern - INFO - [process_single_user:1027] - 🔄 Updated user NFAKIER: party:  -> None
2026-02-16 10:24:25,255 - oracle_user_sync_modern - INFO - [handle_group_memberships:1199] - 📝 Using generic staff role for unmapped position 'Executive Secretary: Committee Chairperson' for nfakier
2026-02-16 10:24:25,258 - oracle_user_sync_modern - INFO - [process_single_user:1027] - 🔄 Updated user HKHUMALO: party:  -> None
2026-02-16 10:24:25,258 - oracle_user_sync_modern - INFO - [handle_group_memberships:1199] - 📝 Using generic staff role for unmapped position 'Head Waitron' for hkhumalo
2026-02-16 10:24:25,261 - oracle_user_sync_modern - INFO - [process_single_user:1027] - 🔄 Updated user SFANA: party:  -> None
2026-02-16 10:24:25,261 - oracle_user_sync_modern - INFO - [handle_group_memberships:1199] - 📝 Using generic staff role for unmapped position 'Librarian' for sfana
2026-02-16 10:24:25,264 - oracle_user_sync_modern - INFO - [process_single_user:1027] - 🔄 Updated user MFANELE: party:  -> None
2026-02-16 10:24:25,264 - oracle_user_sync_modern - INFO - [handle_group_memberships:1199] - 📝 Using generic staff role for unmapped position 'Unit Manager: Risk, Demand & Planning' for mfanele
2026-02-16 10:24:25,264 - oracle_user_sync_modern - INFO - [handle_group_memberships:1210] - 🔍 Unmapped position detected: 'Unit Manager: Risk, Demand & Planning' - consider adding to role mapping
2026-02-16 10:24:25,269 - oracle_user_sync_modern - INFO - [process_single_user:1027] - 🔄 Updated user RFAVIERS: party:  -> None
2026-02-16 10:24:25,269 - oracle_user_sync_modern - INFO - [handle_group_memberships:1199] - 📝 Using generic staff role for unmapped position 'Records Management Administrator' for rfaviers
2026-02-16 10:24:25,269 - oracle_user_sync_modern - INFO - [handle_group_memberships:1210] - 🔍 Unmapped position detected: 'Records Management Administrator' - consider adding to role mapping
2026-02-16 10:24:25,272 - oracle_user_sync_modern - INFO - [process_single_user:1027] - 🔄 Updated user JFEBRUARY: party:  -> None
2026-02-16 10:24:25,272 - oracle_user_sync_modern - INFO - [handle_group_memberships:1193] - 🎯 Mapped position 'Administrative Officer' to specific role 'Administrative Officer' for jfebruary
2026-02-16 10:24:25,274 - oracle_user_sync_modern - INFO - [handle_group_memberships:1241] - 👥 Added membership: jfebruary -> Administration (Administrative Officer)
2026-02-16 10:24:25,279 - oracle_user_sync_modern - INFO - [process_single_user:1027] - 🔄 Updated user AFERNANDEZ: party:  -> None
2026-02-16 10:24:25,279 - oracle_user_sync_modern - INFO - [handle_group_memberships:1199] - 📝 Using generic staff role for unmapped position 'Maintenance Assistant' for afernandez
2026-02-16 10:24:25,279 - oracle_user_sync_modern - INFO - [handle_group_memberships:1210] - 🔍 Unmapped position detected: 'Maintenance Assistant' - consider adding to role mapping
2026-02-16 10:24:25,282 - oracle_user_sync_modern - INFO - [process_single_user:1027] - 🔄 Updated user DFIELD: party:  -> None
2026-02-16 10:24:25,282 - oracle_user_sync_modern - INFO - [handle_group_memberships:1199] - 📝 Using generic staff role for unmapped position 'Chamber Support Officer' for dfield
2026-02-16 10:24:25,286 - oracle_user_sync_modern - INFO - [process_single_user:1027] - 🔄 Updated user OFINCA: party:  -> None
2026-02-16 10:24:25,286 - oracle_user_sync_modern - INFO - [handle_group_memberships:1199] - 📝 Using generic staff role for unmapped position 'Technician' for ofinca
2026-02-16 10:24:25,286 - oracle_user_sync_modern - INFO - [handle_group_memberships:1210] - 🔍 Unmapped position detected: 'Technician' - consider adding to role mapping
2026-02-16 10:24:25,290 - oracle_user_sync_modern - INFO - [process_single_user:1027] - 🔄 Updated user NFISA: party:  -> None
2026-02-16 10:24:25,290 - oracle_user_sync_modern - INFO - [handle_group_memberships:1199] - 📝 Using generic staff role for unmapped position 'Housekeeper: Office of the Deputy Speaker' for nfisa
2026-02-16 10:24:25,290 - oracle_user_sync_modern - INFO - [handle_group_memberships:1210] - 🔍 Unmapped position detected: 'Housekeeper: Office of the Deputy Speaker' - consider adding to role mapping
2026-02-16 10:24:25,293 - oracle_user_sync_modern - INFO - [process_single_user:1027] - 🔄 Updated user EFISHER: party:  -> None
2026-02-16 10:24:25,293 - oracle_user_sync_modern - INFO - [handle_group_memberships:1199] - 📝 Using generic staff role for unmapped position 'HR Consultant: Information & Analytics' for efisher
2026-02-16 10:24:25,293 - oracle_user_sync_modern - INFO - [handle_group_memberships:1210] - 🔍 Unmapped position detected: 'HR Consultant: Information & Analytics' - consider adding to role mapping
2026-02-16 10:24:25,296 - oracle_user_sync_modern - INFO - [process_single_user:1027] - 🔄 Updated user ZFO: party:  -> None
2026-02-16 10:24:25,296 - oracle_user_sync_modern - INFO - [handle_group_memberships:1199] - 📝 Using generic staff role for unmapped position 'Analyst Programmer' for zfo
2026-02-16 10:24:25,296 - oracle_user_sync_modern - INFO - [handle_group_memberships:1210] - 🔍 Unmapped position detected: 'Analyst Programmer' - consider adding to role mapping
2026-02-16 10:24:25,300 - oracle_user_sync_modern - INFO - [process_single_user:1027] - 🔄 Updated user EFORBES: party:  -> None
2026-02-16 10:24:25,300 - oracle_user_sync_modern - INFO - [handle_group_memberships:1199] - 📝 Using generic staff role for unmapped position 'Executive Secretary: Committee Chairperson' for eforbes
2026-02-16 10:24:25,303 - oracle_user_sync_modern - INFO - [process_single_user:1027] - 🔄 Updated user SFORTUIN: party:  -> None
2026-02-16 10:24:25,303 - oracle_user_sync_modern - INFO - [handle_group_memberships:1199] - 📝 Using generic staff role for unmapped position 'Secretary: MSP Programme Manager' for sfortuin
2026-02-16 10:24:25,303 - oracle_user_sync_modern - INFO - [handle_group_memberships:1210] - 🔍 Unmapped position detected: 'Secretary: MSP Programme Manager' - consider adding to role mapping
2026-02-16 10:24:25,307 - oracle_user_sync_modern - INFO - [process_single_user:1027] - 🔄 Updated user SFORTUNE: party:  -> None
2026-02-16 10:24:25,307 - oracle_user_sync_modern - INFO - [handle_group_memberships:1193] - 🎯 Mapped position 'Project Manager' to specific role 'Project Manager' for sfortune
2026-02-16 10:24:25,309 - oracle_user_sync_modern - INFO - [handle_group_memberships:1241] - 👥 Added membership: sfortune -> Administration (Project Manager)
2026-02-16 10:24:25,312 - oracle_user_sync_modern - INFO - [process_single_user:1027] - 🔄 Updated user MFOSTER: party:  -> None
2026-02-16 10:24:25,312 - oracle_user_sync_modern - INFO - [handle_group_memberships:1199] - 📝 Using generic staff role for unmapped position 'Administrative Assistant' for mfoster
2026-02-16 10:24:25,315 - oracle_user_sync_modern - INFO - [process_single_user:1027] - 🔄 Updated user AFOULDIEN: party:  -> None
2026-02-16 10:24:25,315 - oracle_user_sync_modern - INFO - [handle_group_memberships:1199] - 📝 Using generic staff role for unmapped position 'Chamber Support Officer' for afouldien
2026-02-16 10:24:25,318 - oracle_user_sync_modern - INFO - [process_single_user:1027] - 🔄 Updated user ZFRANCE: party:  -> None
2026-02-16 10:24:25,318 - oracle_user_sync_modern - INFO - [handle_group_memberships:1199] - 📝 Using generic staff role for unmapped position 'Committee Assistant' for zfrance
2026-02-16 10:24:25,321 - oracle_user_sync_modern - INFO - [process_single_user:1027] - 🔄 Updated user NFREDERICKS: party:  -> None
2026-02-16 10:24:25,321 - oracle_user_sync_modern - INFO - [handle_group_memberships:1199] - 📝 Using generic staff role for unmapped position 'Maintenance Assistant' for nfredericks
2026-02-16 10:24:25,324 - oracle_user_sync_modern - INFO - [process_single_user:1027] - 🔄 Updated user SFREEMAN: party:  -> None
2026-02-16 10:24:25,325 - oracle_user_sync_modern - INFO - [handle_group_memberships:1199] - 📝 Using generic staff role for unmapped position 'Control Language Practitioner' for sfreeman
2026-02-16 10:24:25,330 - oracle_user_sync_modern - INFO - [process_single_user:1027] - 🔄 Updated user SGABIER: party:  -> None
2026-02-16 10:24:25,330 - oracle_user_sync_modern - INFO - [handle_group_memberships:1199] - 📝 Using generic staff role for unmapped position 'Senior HR Business Partner' for sgabier
2026-02-16 10:24:25,330 - oracle_user_sync_modern - INFO - [handle_group_memberships:1210] - 🔍 Unmapped position detected: 'Senior HR Business Partner' - consider adding to role mapping
2026-02-16 10:24:25,334 - oracle_user_sync_modern - INFO - [process_single_user:1027] - 🔄 Updated user LGABRIEL: party:  -> None
2026-02-16 10:24:25,334 - oracle_user_sync_modern - INFO - [handle_group_memberships:1199] - 📝 Using generic staff role for unmapped position 'Division Manager: Knowledge and Information Services' for lgabriel
2026-02-16 10:24:25,334 - oracle_user_sync_modern - INFO - [handle_group_memberships:1210] - 🔍 Unmapped position detected: 'Division Manager: Knowledge and Information Services' - consider adding to role mapping
2026-02-16 10:24:25,337 - oracle_user_sync_modern - INFO - [process_single_user:1027] - 🔄 Updated user TGADALA: party:  -> None
2026-02-16 10:24:25,337 - oracle_user_sync_modern - INFO - [handle_group_memberships:1199] - 📝 Using generic staff role for unmapped position 'Waitron' for tgadala
2026-02-16 10:24:25,341 - oracle_user_sync_modern - INFO - [process_single_user:1027] - 🔄 Updated user XGALADA: party:  -> None
2026-02-16 10:24:25,341 - oracle_user_sync_modern - INFO - [handle_group_memberships:1199] - 📝 Using generic staff role for unmapped position 'Web Editing Officer' for xgalada
2026-02-16 10:24:25,341 - oracle_user_sync_modern - INFO - [handle_group_memberships:1210] - 🔍 Unmapped position detected: 'Web Editing Officer' - consider adding to role mapping
2026-02-16 10:24:25,343 - oracle_user_sync_modern - INFO - [sync_users_and_groups:811] - 🔄 Processing batch 4/16 (100 users)
2026-02-16 10:24:25,346 - oracle_user_sync_modern - INFO - [process_single_user:1027] - 🔄 Updated user YGAMBENO: party:  -> None
2026-02-16 10:24:25,346 - oracle_user_sync_modern - INFO - [handle_group_memberships:1199] - 📝 Using generic staff role for unmapped position 'Business Optimisation Specialist' for ygambeno
2026-02-16 10:24:25,346 - oracle_user_sync_modern - INFO - [handle_group_memberships:1210] - 🔍 Unmapped position detected: 'Business Optimisation Specialist' - consider adding to role mapping
2026-02-16 10:24:25,352 - oracle_user_sync_modern - INFO - [process_single_user:1027] - 🔄 Updated user TGANGEN: party:  -> None
2026-02-16 10:24:25,352 - oracle_user_sync_modern - INFO - [handle_group_memberships:1199] - 📝 Using generic staff role for unmapped position 'Parliamentary Legal Adviser' for tgangen
2026-02-16 10:24:25,355 - oracle_user_sync_modern - INFO - [process_single_user:1027] - 🔄 Updated user AGANIEF: party:  -> None
2026-02-16 10:24:25,355 - oracle_user_sync_modern - INFO - [handle_group_memberships:1193] - 🎯 Mapped position 'Researcher' to specific role 'Researcher' for aganief
2026-02-16 10:24:25,357 - oracle_user_sync_modern - INFO - [handle_group_memberships:1241] - 👥 Added membership: aganief -> Administration (Researcher)
2026-02-16 10:24:25,361 - oracle_user_sync_modern - INFO - [process_single_user:1027] - 🔄 Updated user TGANYAZA-TWALO: party:  -> None
2026-02-16 10:24:25,361 - oracle_user_sync_modern - INFO - [handle_group_memberships:1199] - 📝 Using generic staff role for unmapped position 'Unit Manager: Committee Support' for tganyaza-twalo
2026-02-16 10:24:25,367 - oracle_user_sync_modern - INFO - [process_single_user:1027] - 🔄 Updated user NGCASAMBA: party:  -> None
2026-02-16 10:24:25,367 - oracle_user_sync_modern - INFO - [handle_group_memberships:1193] - 🎯 Mapped position 'Business Analyst' to specific role 'Business Analyst' for ngcasamba
2026-02-16 10:24:25,369 - oracle_user_sync_modern - INFO - [handle_group_memberships:1241] - 👥 Added membership: ngcasamba -> Administration (Business Analyst)
2026-02-16 10:24:25,373 - oracle_user_sync_modern - INFO - [process_single_user:1027] - 🔄 Updated user NGCOLOTELA: party:  -> None
2026-02-16 10:24:25,373 - oracle_user_sync_modern - INFO - [handle_group_memberships:1193] - 🎯 Mapped position 'Protection Officer' to specific role 'Protection Officer' for ngcolotela
2026-02-16 10:24:25,375 - oracle_user_sync_modern - INFO - [handle_group_memberships:1241] - 👥 Added membership: ngcolotela -> Administration (Protection Officer)
2026-02-16 10:24:25,380 - oracle_user_sync_modern - INFO - [process_single_user:1027] - 🔄 Updated user ZGCWABE: party:  -> None
2026-02-16 10:24:25,380 - oracle_user_sync_modern - INFO - [handle_group_memberships:1199] - 📝 Using generic staff role for unmapped position 'International Relations Operations Officer' for zgcwabe
2026-02-16 10:24:25,380 - oracle_user_sync_modern - INFO - [handle_group_memberships:1210] - 🔍 Unmapped position detected: 'International Relations Operations Officer' - consider adding to role mapping
2026-02-16 10:24:25,383 - oracle_user_sync_modern - INFO - [process_single_user:1027] - 🔄 Updated user EGENNISON: party:  -> None
2026-02-16 10:24:25,383 - oracle_user_sync_modern - INFO - [handle_group_memberships:1199] - 📝 Using generic staff role for unmapped position 'Driver' for egennison
2026-02-16 10:24:25,387 - oracle_user_sync_modern - INFO - [process_single_user:1027] - 🔄 Updated user TGENU-MQHOMA: party:  -> None
2026-02-16 10:24:25,387 - oracle_user_sync_modern - INFO - [handle_group_memberships:1199] - 📝 Using generic staff role for unmapped position 'Chamber Assistant' for tgenu-mqhoma
2026-02-16 10:24:25,387 - oracle_user_sync_modern - INFO - [handle_group_memberships:1210] - 🔍 Unmapped position detected: 'Chamber Assistant' - consider adding to role mapping
2026-02-16 10:24:25,390 - oracle_user_sync_modern - INFO - [process_single_user:1027] - 🔄 Updated user GGEORGE: party:  -> None
2026-02-16 10:24:25,390 - oracle_user_sync_modern - INFO - [handle_group_memberships:1199] - 📝 Using generic staff role for unmapped position 'Library Assistant' for ggeorge
2026-02-16 10:24:25,393 - oracle_user_sync_modern - INFO - [process_single_user:1027] - 🔄 Updated user XGEORGE: party:  -> None
2026-02-16 10:24:25,393 - oracle_user_sync_modern - INFO - [handle_group_memberships:1199] - 📝 Using generic staff role for unmapped position 'Secretary to Parliament' for xgeorge
2026-02-16 10:24:25,393 - oracle_user_sync_modern - INFO - [handle_group_memberships:1210] - 🔍 Unmapped position detected: 'Secretary to Parliament' - consider adding to role mapping
2026-02-16 10:24:25,398 - oracle_user_sync_modern - INFO - [process_single_user:1027] - 🔄 Updated user LGEZA: party:  -> None
2026-02-16 10:24:25,398 - oracle_user_sync_modern - INFO - [handle_group_memberships:1199] - 📝 Using generic staff role for unmapped position 'Change Management Advisor' for lgeza
2026-02-16 10:24:25,398 - oracle_user_sync_modern - INFO - [handle_group_memberships:1210] - 🔍 Unmapped position detected: 'Change Management Advisor' - consider adding to role mapping
2026-02-16 10:24:25,401 - oracle_user_sync_modern - INFO - [process_single_user:1027] - 🔄 Updated user NGIBA: party:  -> None
2026-02-16 10:24:25,401 - oracle_user_sync_modern - INFO - [handle_group_memberships:1199] - 📝 Using generic staff role for unmapped position 'Unit Manager: Committee Support' for ngiba
2026-02-16 10:24:25,405 - oracle_user_sync_modern - INFO - [process_single_user:1027] - 🔄 Updated user DGILLION: party:  -> None
2026-02-16 10:24:25,405 - oracle_user_sync_modern - INFO - [handle_group_memberships:1199] - 📝 Using generic staff role for unmapped position 'Chamber Support Officer' for dgillion
2026-02-16 10:24:25,408 - oracle_user_sync_modern - INFO - [process_single_user:1027] - 🔄 Updated user NGININDZA: party:  -> None
2026-02-16 10:24:25,408 - oracle_user_sync_modern - INFO - [handle_group_memberships:1199] - 📝 Using generic staff role for unmapped position 'Content Advisor' for nginindza
2026-02-16 10:24:25,412 - oracle_user_sync_modern - INFO - [process_single_user:1027] - 🔄 Updated user SGOBA: party:  -> None
2026-02-16 10:24:25,412 - oracle_user_sync_modern - INFO - [handle_group_memberships:1199] - 📝 Using generic staff role for unmapped position 'Co-Ordinator' for sgoba
2026-02-16 10:24:25,412 - oracle_user_sync_modern - INFO - [handle_group_memberships:1210] - 🔍 Unmapped position detected: 'Co-Ordinator' - consider adding to role mapping
2026-02-16 10:24:25,415 - oracle_user_sync_modern - INFO - [process_single_user:1027] - 🔄 Updated user PGODONGWANA: party:  -> None
2026-02-16 10:24:25,415 - oracle_user_sync_modern - INFO - [handle_group_memberships:1199] - 📝 Using generic staff role for unmapped position 'Chamber Support Officer' for pgodongwana
2026-02-16 10:24:25,418 - oracle_user_sync_modern - INFO - [process_single_user:1027] - 🔄 Updated user ZKALIMASHE: party:  -> None
2026-02-16 10:24:25,418 - oracle_user_sync_modern - INFO - [handle_group_memberships:1199] - 📝 Using generic staff role for unmapped position 'Service Officer' for zkalimashe
2026-02-16 10:24:25,421 - oracle_user_sync_modern - INFO - [process_single_user:1027] - 🔄 Updated user CGOEIEMAN: party:  -> None
2026-02-16 10:24:25,421 - oracle_user_sync_modern - INFO - [handle_group_memberships:1193] - 🎯 Mapped position 'Protection Officer' to specific role 'Protection Officer' for cgoeieman
2026-02-16 10:24:25,424 - oracle_user_sync_modern - INFO - [handle_group_memberships:1241] - 👥 Added membership: cgoeieman -> Administration (Protection Officer)
2026-02-16 10:24:25,426 - oracle_user_sync_modern - INFO - [process_single_user:1027] - 🔄 Updated user JGOGWANA: party:  -> None
2026-02-16 10:24:25,427 - oracle_user_sync_modern - INFO - [handle_group_memberships:1199] - 📝 Using generic staff role for unmapped position 'Maintenance Assistant' for jgogwana
2026-02-16 10:24:25,430 - oracle_user_sync_modern - INFO - [process_single_user:1027] - 🔄 Updated user LGOLIATH: party:  -> None
2026-02-16 10:24:25,430 - oracle_user_sync_modern - INFO - [handle_group_memberships:1199] - 📝 Using generic staff role for unmapped position 'Senior HR Business Partner' for lgoliath
2026-02-16 10:24:25,433 - oracle_user_sync_modern - INFO - [process_single_user:1027] - 🔄 Updated user KGORATA: party:  -> None
2026-02-16 10:24:25,433 - oracle_user_sync_modern - INFO - [handle_group_memberships:1199] - 📝 Using generic staff role for unmapped position 'Senior Language Practitioner: IsiXhosa' for kgorata
2026-02-16 10:24:25,433 - oracle_user_sync_modern - INFO - [handle_group_memberships:1210] - 🔍 Unmapped position detected: 'Senior Language Practitioner: IsiXhosa' - consider adding to role mapping
2026-02-16 10:24:25,436 - oracle_user_sync_modern - INFO - [process_single_user:1027] - 🔄 Updated user AGORDON: party:  -> None
2026-02-16 10:24:25,436 - oracle_user_sync_modern - INFO - [handle_group_memberships:1199] - 📝 Using generic staff role for unmapped position 'Parliamentary Legal Adviser' for agordon
2026-02-16 10:24:25,440 - oracle_user_sync_modern - INFO - [process_single_user:1027] - 🔄 Updated user RGORDON: party:  -> None
2026-02-16 10:24:25,440 - oracle_user_sync_modern - INFO - [handle_group_memberships:1199] - 📝 Using generic staff role for unmapped position 'Printer' for rgordon
2026-02-16 10:24:25,440 - oracle_user_sync_modern - INFO - [handle_group_memberships:1210] - 🔍 Unmapped position detected: 'Printer' - consider adding to role mapping
2026-02-16 10:24:25,444 - oracle_user_sync_modern - INFO - [process_single_user:1027] - 🔄 Updated user FGOSA: party:  -> None
2026-02-16 10:24:25,444 - oracle_user_sync_modern - INFO - [handle_group_memberships:1199] - 📝 Using generic staff role for unmapped position 'Language Practitioner: IsiXhosa' for fgosa
2026-02-16 10:24:25,444 - oracle_user_sync_modern - INFO - [handle_group_memberships:1210] - 🔍 Unmapped position detected: 'Language Practitioner: IsiXhosa' - consider adding to role mapping
2026-02-16 10:24:25,448 - oracle_user_sync_modern - INFO - [process_single_user:1027] - 🔄 Updated user HGOUWS: party:  -> None
2026-02-16 10:24:25,448 - oracle_user_sync_modern - INFO - [handle_group_memberships:1199] - 📝 Using generic staff role for unmapped position 'Controller: Members Facilities Administration' for hgouws
2026-02-16 10:24:25,448 - oracle_user_sync_modern - INFO - [handle_group_memberships:1210] - 🔍 Unmapped position detected: 'Controller: Members Facilities Administration' - consider adding to role mapping
2026-02-16 10:24:25,451 - oracle_user_sync_modern - INFO - [process_single_user:1027] - 🔄 Updated user VDEVRIES: party:  -> None
2026-02-16 10:24:25,451 - oracle_user_sync_modern - INFO - [handle_group_memberships:1199] - 📝 Using generic staff role for unmapped position 'Cashier' for vdevries
2026-02-16 10:24:25,455 - oracle_user_sync_modern - INFO - [process_single_user:1027] - 🔄 Updated user AGOVA: party:  -> None
2026-02-16 10:24:25,455 - oracle_user_sync_modern - INFO - [handle_group_memberships:1199] - 📝 Using generic staff role for unmapped position 'Planning Officer: Office of the Speaker' for agova
2026-02-16 10:24:25,455 - oracle_user_sync_modern - INFO - [handle_group_memberships:1210] - 🔍 Unmapped position detected: 'Planning Officer: Office of the Speaker' - consider adding to role mapping
2026-02-16 10:24:25,461 - oracle_user_sync_modern - INFO - [process_single_user:1027] - 🔄 Updated user SGOVENDER: party:  -> None
2026-02-16 10:24:25,461 - oracle_user_sync_modern - INFO - [handle_group_memberships:1199] - 📝 Using generic staff role for unmapped position 'Talent Management Consultant' for sgovender
2026-02-16 10:24:25,461 - oracle_user_sync_modern - INFO - [handle_group_memberships:1210] - 🔍 Unmapped position detected: 'Talent Management Consultant' - consider adding to role mapping
2026-02-16 10:24:25,464 - oracle_user_sync_modern - INFO - [process_single_user:1027] - 🔄 Updated user SUGOVENDER: party:  -> None
2026-02-16 10:24:25,464 - oracle_user_sync_modern - INFO - [handle_group_memberships:1199] - 📝 Using generic staff role for unmapped position 'Principal Communication Officer' for sugovender
2026-02-16 10:24:25,467 - oracle_user_sync_modern - INFO - [process_single_user:1027] - 🔄 Updated user KGOVENDER-JONES: party:  -> None
2026-02-16 10:24:25,467 - oracle_user_sync_modern - INFO - [handle_group_memberships:1199] - 📝 Using generic staff role for unmapped position 'Policy Review Advisor' for kgovender-jones
2026-02-16 10:24:25,467 - oracle_user_sync_modern - INFO - [handle_group_memberships:1210] - 🔍 Unmapped position detected: 'Policy Review Advisor' - consider adding to role mapping
2026-02-16 10:24:25,471 - oracle_user_sync_modern - INFO - [process_single_user:1027] - 🔄 Updated user NGQIRANA: party:  -> None
2026-02-16 10:24:25,471 - oracle_user_sync_modern - INFO - [handle_group_memberships:1199] - 📝 Using generic staff role for unmapped position 'General Cleaner' for ngqirana
2026-02-16 10:24:25,474 - oracle_user_sync_modern - INFO - [process_single_user:1027] - 🔄 Updated user FGREEN: party:  -> None
2026-02-16 10:24:25,474 - oracle_user_sync_modern - INFO - [handle_group_memberships:1199] - 📝 Using generic staff role for unmapped position 'Chef' for fgreen
2026-02-16 10:24:25,477 - oracle_user_sync_modern - INFO - [process_single_user:1027] - 🔄 Updated user GGREENFIELD: party:  -> None
2026-02-16 10:24:25,477 - oracle_user_sync_modern - INFO - [handle_group_memberships:1199] - 📝 Using generic staff role for unmapped position 'Technician' for ggreenfield
2026-02-16 10:24:25,480 - oracle_user_sync_modern - INFO - [process_single_user:1027] - 🔄 Updated user AGROENER: party:  -> None
2026-02-16 10:24:25,480 - oracle_user_sync_modern - INFO - [handle_group_memberships:1199] - 📝 Using generic staff role for unmapped position 'Senior Language Practitioner: Afrikaans' for agroener
2026-02-16 10:24:25,480 - oracle_user_sync_modern - INFO - [handle_group_memberships:1210] - 🔍 Unmapped position detected: 'Senior Language Practitioner: Afrikaans' - consider adding to role mapping
2026-02-16 10:24:25,484 - oracle_user_sync_modern - INFO - [process_single_user:1027] - 🔄 Updated user EGRUNEWALD: party:  -> None
2026-02-16 10:24:25,484 - oracle_user_sync_modern - INFO - [handle_group_memberships:1199] - 📝 Using generic staff role for unmapped position 'Committee Secretary' for egrunewald
2026-02-16 10:24:25,487 - oracle_user_sync_modern - INFO - [process_single_user:1027] - 🔄 Updated user TGUBULA: party:  -> None
2026-02-16 10:24:25,487 - oracle_user_sync_modern - INFO - [handle_group_memberships:1199] - 📝 Using generic staff role for unmapped position 'Principal Communication Officer' for tgubula
2026-02-16 10:24:25,490 - oracle_user_sync_modern - INFO - [process_single_user:1027] - 🔄 Updated user SGUDULA: party:  -> None
2026-02-16 10:24:25,490 - oracle_user_sync_modern - INFO - [handle_group_memberships:1193] - 🎯 Mapped position 'Researcher' to specific role 'Researcher' for sgudula
2026-02-16 10:24:25,493 - oracle_user_sync_modern - INFO - [handle_group_memberships:1241] - 👥 Added membership: sgudula -> Administration (Researcher)
2026-02-16 10:24:25,495 - oracle_user_sync_modern - INFO - [process_single_user:1027] - 🔄 Updated user PGUMEDE: party:  -> None
2026-02-16 10:24:25,495 - oracle_user_sync_modern - INFO - [handle_group_memberships:1199] - 📝 Using generic staff role for unmapped position 'Language Practitioner: IsiZulu' for pgumede
2026-02-16 10:24:25,496 - oracle_user_sync_modern - INFO - [handle_group_memberships:1210] - 🔍 Unmapped position detected: 'Language Practitioner: IsiZulu' - consider adding to role mapping
2026-02-16 10:24:25,499 - oracle_user_sync_modern - INFO - [process_single_user:1027] - 🔄 Updated user SIGUMEDE: party:  -> None
2026-02-16 10:24:25,499 - oracle_user_sync_modern - INFO - [handle_group_memberships:1199] - 📝 Using generic staff role for unmapped position 'Content Advisor' for sigumede
2026-02-16 10:24:25,502 - oracle_user_sync_modern - INFO - [process_single_user:1027] - 🔄 Updated user TMGUMEDE: party:  -> None
2026-02-16 10:24:25,502 - oracle_user_sync_modern - INFO - [handle_group_memberships:1199] - 📝 Using generic staff role for unmapped position 'Language Practitioner: IsiZulu' for tmgumede
2026-02-16 10:24:25,506 - oracle_user_sync_modern - INFO - [process_single_user:1027] - 🔄 Updated user NGUSHA: party:  -> None
2026-02-16 10:24:25,506 - oracle_user_sync_modern - INFO - [handle_group_memberships:1199] - 📝 Using generic staff role for unmapped position 'Waitron' for ngusha
2026-02-16 10:24:25,509 - oracle_user_sync_modern - INFO - [process_single_user:1027] - 🔄 Updated user MGWADELA: party:  -> None
2026-02-16 10:24:25,509 - oracle_user_sync_modern - INFO - [handle_group_memberships:1199] - 📝 Using generic staff role for unmapped position 'Chamber Support Officer' for mgwadela
2026-02-16 10:24:25,512 - oracle_user_sync_modern - INFO - [process_single_user:1027] - 🔄 Updated user PGWEBU: party:  -> None
2026-02-16 10:24:25,512 - oracle_user_sync_modern - INFO - [handle_group_memberships:1199] - 📝 Using generic staff role for unmapped position 'Committee Secretary' for pgwebu
2026-02-16 10:24:25,516 - oracle_user_sync_modern - INFO - [process_single_user:1027] - 🔄 Updated user KDINGA: party:  -> None
2026-02-16 10:24:25,516 - oracle_user_sync_modern - INFO - [handle_group_memberships:1199] - 📝 Using generic staff role for unmapped position 'Unit Manager: Finance and Treasury Advice' for kdinga
2026-02-16 10:24:25,516 - oracle_user_sync_modern - INFO - [handle_group_memberships:1210] - 🔍 Unmapped position detected: 'Unit Manager: Finance and Treasury Advice' - consider adding to role mapping
2026-02-16 10:24:25,521 - oracle_user_sync_modern - INFO - [process_single_user:1027] - 🔄 Updated user PHAHNDIEK: party:  -> None
2026-02-16 10:24:25,521 - oracle_user_sync_modern - INFO - [handle_group_memberships:1199] - 📝 Using generic staff role for unmapped position 'Procedural Officer: Research And Parliamentary Practice' for phahndiek
2026-02-16 10:24:25,521 - oracle_user_sync_modern - INFO - [handle_group_memberships:1210] - 🔍 Unmapped position detected: 'Procedural Officer: Research And Parliamentary Practice' - consider adding to role mapping
2026-02-16 10:24:25,526 - oracle_user_sync_modern - INFO - [process_single_user:1027] - 🔄 Updated user THALLEY-STARKEY: party:  -> None
2026-02-16 10:24:25,526 - oracle_user_sync_modern - INFO - [handle_group_memberships:1199] - 📝 Using generic staff role for unmapped position 'Parliamentary Legal Adviser' for thalley-starkey
2026-02-16 10:24:25,529 - oracle_user_sync_modern - INFO - [process_single_user:1027] - 🔄 Updated user MHALU: party:  -> None
2026-02-16 10:24:25,529 - oracle_user_sync_modern - INFO - [handle_group_memberships:1199] - 📝 Using generic staff role for unmapped position 'Executive Secretary' for mhalu
2026-02-16 10:24:25,533 - oracle_user_sync_modern - INFO - [process_single_user:1027] - 🔄 Updated user SHANEKOM: party:  -> None
2026-02-16 10:24:25,533 - oracle_user_sync_modern - INFO - [handle_group_memberships:1199] - 📝 Using generic staff role for unmapped position 'Creditors Clerk' for shanekom
2026-02-16 10:24:25,533 - oracle_user_sync_modern - INFO - [handle_group_memberships:1210] - 🔍 Unmapped position detected: 'Creditors Clerk' - consider adding to role mapping
2026-02-16 10:24:25,536 - oracle_user_sync_modern - INFO - [process_single_user:1027] - 🔄 Updated user LHARPER: party:  -> None
2026-02-16 10:24:25,536 - oracle_user_sync_modern - INFO - [handle_group_memberships:1199] - 📝 Using generic staff role for unmapped position 'Manager: Members Facilities' for lharper
2026-02-16 10:24:25,536 - oracle_user_sync_modern - INFO - [handle_group_memberships:1210] - 🔍 Unmapped position detected: 'Manager: Members Facilities' - consider adding to role mapping
2026-02-16 10:24:25,540 - oracle_user_sync_modern - INFO - [process_single_user:1027] - 🔄 Updated user CHARTOGH: party:  -> None
2026-02-16 10:24:25,540 - oracle_user_sync_modern - INFO - [handle_group_memberships:1199] - 📝 Using generic staff role for unmapped position 'Language Practitioner: Afrikaans' for chartogh
2026-02-16 10:24:25,543 - oracle_user_sync_modern - INFO - [process_single_user:1027] - 🔄 Updated user MHASHE: party:  -> None
2026-02-16 10:24:25,543 - oracle_user_sync_modern - INFO - [handle_group_memberships:1199] - 📝 Using generic staff role for unmapped position 'Maintenance Assistant' for mhashe
2026-02-16 10:24:25,547 - oracle_user_sync_modern - INFO - [process_single_user:1027] - 🔄 Updated user MHASSAN: party:  -> None
2026-02-16 10:24:25,547 - oracle_user_sync_modern - INFO - [handle_group_memberships:1199] - 📝 Using generic staff role for unmapped position 'Senior Manager: Finance & Treasury Advice' for mhassan
2026-02-16 10:24:25,547 - oracle_user_sync_modern - INFO - [handle_group_memberships:1210] - 🔍 Unmapped position detected: 'Senior Manager: Finance & Treasury Advice' - consider adding to role mapping
2026-02-16 10:24:25,552 - oracle_user_sync_modern - INFO - [process_single_user:1027] - 🔄 Updated user WHECTOR: party:  -> None
2026-02-16 10:24:25,552 - oracle_user_sync_modern - INFO - [handle_group_memberships:1199] - 📝 Using generic staff role for unmapped position 'Service Officer' for whector
2026-02-16 10:24:25,555 - oracle_user_sync_modern - INFO - [process_single_user:1027] - 🔄 Updated user AHENDRICKS: party:  -> None
2026-02-16 10:24:25,555 - oracle_user_sync_modern - INFO - [handle_group_memberships:1199] - 📝 Using generic staff role for unmapped position 'Senior Document Officer' for ahendricks
2026-02-16 10:24:25,555 - oracle_user_sync_modern - INFO - [handle_group_memberships:1210] - 🔍 Unmapped position detected: 'Senior Document Officer' - consider adding to role mapping
2026-02-16 10:24:25,560 - oracle_user_sync_modern - INFO - [process_single_user:1027] - 🔄 Updated user RHENDRICKS: party:  -> None
2026-02-16 10:24:25,560 - oracle_user_sync_modern - INFO - [handle_group_memberships:1193] - 🎯 Mapped position 'Protection Officer' to specific role 'Protection Officer' for rhendricks
2026-02-16 10:24:25,562 - oracle_user_sync_modern - INFO - [handle_group_memberships:1241] - 👥 Added membership: rhendricks -> Administration (Protection Officer)
2026-02-16 10:24:25,566 - oracle_user_sync_modern - INFO - [process_single_user:1027] - 🔄 Updated user LHENDRICKS-SIMMERS: party:  -> None
2026-02-16 10:24:25,566 - oracle_user_sync_modern - INFO - [handle_group_memberships:1193] - 🎯 Mapped position 'Executive Assistant' to specific role 'Executive Assistant' for lhendricks-simmers
2026-02-16 10:24:25,568 - oracle_user_sync_modern - INFO - [handle_group_memberships:1241] - 👥 Added membership: lhendricks-simmers -> Administration (Executive Assistant)
2026-02-16 10:24:25,571 - oracle_user_sync_modern - INFO - [process_single_user:1027] - 🔄 Updated user BHENDRIK: party:  -> None
2026-02-16 10:24:25,571 - oracle_user_sync_modern - INFO - [handle_group_memberships:1199] - 📝 Using generic staff role for unmapped position 'General Cleaner' for bhendrik
2026-02-16 10:24:25,574 - oracle_user_sync_modern - INFO - [process_single_user:1027] - 🔄 Updated user AHENDRY: party:  -> None
2026-02-16 10:24:25,574 - oracle_user_sync_modern - INFO - [handle_group_memberships:1199] - 📝 Using generic staff role for unmapped position 'Language Practitioner: English' for ahendry
2026-02-16 10:24:25,574 - oracle_user_sync_modern - INFO - [handle_group_memberships:1210] - 🔍 Unmapped position detected: 'Language Practitioner: English' - consider adding to role mapping
2026-02-16 10:24:25,577 - oracle_user_sync_modern - INFO - [process_single_user:1027] - 🔄 Updated user IHENRICI: party:  -> None
2026-02-16 10:24:25,577 - oracle_user_sync_modern - INFO - [handle_group_memberships:1199] - 📝 Using generic staff role for unmapped position 'Librarian' for ihenrici
2026-02-16 10:24:25,581 - oracle_user_sync_modern - INFO - [process_single_user:1027] - 🔄 Updated user JHENSHALL: party:  -> None
2026-02-16 10:24:25,581 - oracle_user_sync_modern - INFO - [handle_group_memberships:1199] - 📝 Using generic staff role for unmapped position 'Copy Editor' for jhenshall
2026-02-16 10:24:25,581 - oracle_user_sync_modern - INFO - [handle_group_memberships:1210] - 🔍 Unmapped position detected: 'Copy Editor' - consider adding to role mapping
2026-02-16 10:24:25,584 - oracle_user_sync_modern - INFO - [process_single_user:1027] - 🔄 Updated user THERBERT: party:  -> None
2026-02-16 10:24:25,584 - oracle_user_sync_modern - INFO - [handle_group_memberships:1199] - 📝 Using generic staff role for unmapped position 'Language Practitioner: English' for therbert
2026-02-16 10:24:25,587 - oracle_user_sync_modern - INFO - [process_single_user:1027] - 🔄 Updated user HHERMAN: party:  -> None
2026-02-16 10:24:25,587 - oracle_user_sync_modern - INFO - [handle_group_memberships:1199] - 📝 Using generic staff role for unmapped position 'Chamber Support Officer' for hherman
2026-02-16 10:24:25,590 - oracle_user_sync_modern - INFO - [process_single_user:1027] - 🔄 Updated user AHERMANS: party:  -> None
2026-02-16 10:24:25,590 - oracle_user_sync_modern - INFO - [handle_group_memberships:1199] - 📝 Using generic staff role for unmapped position 'Committee Secretary' for ahermans
2026-02-16 10:24:25,593 - oracle_user_sync_modern - INFO - [process_single_user:1027] - 🔄 Updated user NOHERMANS: party:  -> None
2026-02-16 10:24:25,593 - oracle_user_sync_modern - INFO - [handle_group_memberships:1199] - 📝 Using generic staff role for unmapped position 'Housekeeper: Office of the Speaker of the National Assembly' for nohermans
2026-02-16 10:24:25,593 - oracle_user_sync_modern - INFO - [handle_group_memberships:1210] - 🔍 Unmapped position detected: 'Housekeeper: Office of the Speaker of the National Assembly' - consider adding to role mapping
2026-02-16 10:24:25,597 - oracle_user_sync_modern - INFO - [process_single_user:1027] - 🔄 Updated user PHINTSHO: party:  -> None
2026-02-16 10:24:25,597 - oracle_user_sync_modern - INFO - [handle_group_memberships:1199] - 📝 Using generic staff role for unmapped position 'HR Services Practitioner' for phintsho
2026-02-16 10:24:25,597 - oracle_user_sync_modern - INFO - [handle_group_memberships:1210] - 🔍 Unmapped position detected: 'HR Services Practitioner' - consider adding to role mapping
2026-02-16 10:24:25,600 - oracle_user_sync_modern - INFO - [process_single_user:1027] - 🔄 Updated user HHLATANA: party:  -> None
2026-02-16 10:24:25,600 - oracle_user_sync_modern - INFO - [handle_group_memberships:1199] - 📝 Using generic staff role for unmapped position 'Executive Secretary: Committee Chairperson' for hhlatana
2026-02-16 10:24:25,603 - oracle_user_sync_modern - INFO - [process_single_user:1027] - 🔄 Updated user LHLATSHWAYO: party:  -> None
2026-02-16 10:24:25,603 - oracle_user_sync_modern - INFO - [handle_group_memberships:1193] - 🎯 Mapped position 'Protection Officer' to specific role 'Protection Officer' for lhlatshwayo
2026-02-16 10:24:25,605 - oracle_user_sync_modern - INFO - [handle_group_memberships:1241] - 👥 Added membership: lhlatshwayo -> Administration (Protection Officer)
2026-02-16 10:24:25,609 - oracle_user_sync_modern - INFO - [process_single_user:1027] - 🔄 Updated user MHLEKISO: party:  -> None
2026-02-16 10:24:25,609 - oracle_user_sync_modern - INFO - [handle_group_memberships:1193] - 🎯 Mapped position 'Researcher' to specific role 'Researcher' for mhlekiso
2026-02-16 10:24:25,611 - oracle_user_sync_modern - INFO - [handle_group_memberships:1241] - 👥 Added membership: mhlekiso -> Administration (Researcher)
2026-02-16 10:24:25,614 - oracle_user_sync_modern - INFO - [process_single_user:1027] - 🔄 Updated user NHLOMBE: party:  -> None
2026-02-16 10:24:25,614 - oracle_user_sync_modern - INFO - [handle_group_memberships:1199] - 📝 Using generic staff role for unmapped position 'Language Practitioner: IsiZulu' for nhlombe
2026-02-16 10:24:25,620 - oracle_user_sync_modern - INFO - [process_single_user:1027] - 🔄 Updated user ZHLOPHE: party:  -> None
2026-02-16 10:24:25,620 - oracle_user_sync_modern - INFO - [handle_group_memberships:1199] - 📝 Using generic staff role for unmapped position 'Content Advisor' for zhlophe
2026-02-16 10:24:25,623 - oracle_user_sync_modern - INFO - [process_single_user:1027] - 🔄 Updated user AHLOTSE: party:  -> None
2026-02-16 10:24:25,623 - oracle_user_sync_modern - INFO - [handle_group_memberships:1199] - 📝 Using generic staff role for unmapped position 'Service Officer: PDO' for ahlotse
2026-02-16 10:24:25,627 - oracle_user_sync_modern - INFO - [process_single_user:1027] - 🔄 Updated user VHOGANA: party:  -> None
2026-02-16 10:24:25,627 - oracle_user_sync_modern - INFO - [handle_group_memberships:1199] - 📝 Using generic staff role for unmapped position 'Financial Services Controller' for vhogana
2026-02-16 10:24:25,627 - oracle_user_sync_modern - INFO - [handle_group_memberships:1210] - 🔍 Unmapped position detected: 'Financial Services Controller' - consider adding to role mapping
2026-02-16 10:24:25,630 - oracle_user_sync_modern - INFO - [process_single_user:1027] - 🔄 Updated user EHOLLIDAY: party:  -> None
2026-02-16 10:24:25,630 - oracle_user_sync_modern - INFO - [handle_group_memberships:1199] - 📝 Using generic staff role for unmapped position 'Senior Buyer' for eholliday
2026-02-16 10:24:25,630 - oracle_user_sync_modern - INFO - [handle_group_memberships:1210] - 🔍 Unmapped position detected: 'Senior Buyer' - consider adding to role mapping
2026-02-16 10:24:25,633 - oracle_user_sync_modern - INFO - [process_single_user:1027] - 🔄 Updated user VHOLLOWAY: party:  -> None
2026-02-16 10:24:25,633 - oracle_user_sync_modern - INFO - [handle_group_memberships:1199] - 📝 Using generic staff role for unmapped position 'Procedural Assistant: Questions' for vholloway
2026-02-16 10:24:25,637 - oracle_user_sync_modern - INFO - [process_single_user:1027] - 🔄 Updated user MHOMANI: party:  -> None
2026-02-16 10:24:25,637 - oracle_user_sync_modern - INFO - [handle_group_memberships:1193] - 🎯 Mapped position 'Desktop Technician' to specific role 'Desktop Technician' for mhomani
2026-02-16 10:24:25,639 - oracle_user_sync_modern - INFO - [handle_group_memberships:1241] - 👥 Added membership: mhomani -> Administration (Desktop Technician)
2026-02-16 10:24:25,642 - oracle_user_sync_modern - INFO - [process_single_user:1027] - 🔄 Updated user THOOSAIN: party:  -> None
2026-02-16 10:24:25,642 - oracle_user_sync_modern - INFO - [handle_group_memberships:1199] - 📝 Using generic staff role for unmapped position 'Secretary' for thoosain
2026-02-16 10:24:25,646 - oracle_user_sync_modern - INFO - [process_single_user:1027] - 🔄 Updated user EHOPANE: party:  -> None
2026-02-16 10:24:25,646 - oracle_user_sync_modern - INFO - [handle_group_memberships:1199] - 📝 Using generic staff role for unmapped position 'Manager: Hansard Reporting' for ehopane
2026-02-16 10:24:25,646 - oracle_user_sync_modern - INFO - [handle_group_memberships:1210] - 🔍 Unmapped position detected: 'Manager: Hansard Reporting' - consider adding to role mapping
2026-02-16 10:24:25,648 - oracle_user_sync_modern - INFO - [sync_users_and_groups:811] - 🔄 Processing batch 5/16 (100 users)
2026-02-16 10:24:25,652 - oracle_user_sync_modern - INFO - [process_single_user:1027] - 🔄 Updated user DINTOLL: party:  -> None
2026-02-16 10:24:25,652 - oracle_user_sync_modern - INFO - [handle_group_memberships:1199] - 📝 Using generic staff role for unmapped position 'Helpdesk Operator' for dintoll
2026-02-16 10:24:25,652 - oracle_user_sync_modern - INFO - [handle_group_memberships:1210] - 🔍 Unmapped position detected: 'Helpdesk Operator' - consider adding to role mapping
2026-02-16 10:24:25,655 - oracle_user_sync_modern - INFO - [process_single_user:1027] - 🔄 Updated user SISAAC: party:  -> None
2026-02-16 10:24:25,655 - oracle_user_sync_modern - INFO - [handle_group_memberships:1199] - 📝 Using generic staff role for unmapped position 'Parliamentary Legal Adviser' for sisaac
2026-02-16 10:24:25,658 - oracle_user_sync_modern - INFO - [process_single_user:1027] - 🔄 Updated user NBANTOM: party:  -> None
2026-02-16 10:24:25,658 - oracle_user_sync_modern - INFO - [handle_group_memberships:1199] - 📝 Using generic staff role for unmapped position 'Executive Secretary: Committee Chairperson' for nbantom
2026-02-16 10:24:25,662 - oracle_user_sync_modern - INFO - [process_single_user:1027] - 🔄 Updated user NISAACS: party:  -> None
2026-02-16 10:24:25,662 - oracle_user_sync_modern - INFO - [handle_group_memberships:1199] - 📝 Using generic staff role for unmapped position 'Members Facilities Officer' for nisaacs
2026-02-16 10:24:25,662 - oracle_user_sync_modern - INFO - [handle_group_memberships:1210] - 🔍 Unmapped position detected: 'Members Facilities Officer' - consider adding to role mapping
2026-02-16 10:24:25,665 - oracle_user_sync_modern - INFO - [process_single_user:1027] - 🔄 Updated user RISAACS: party:  -> None
2026-02-16 10:24:25,665 - oracle_user_sync_modern - INFO - [handle_group_memberships:1199] - 📝 Using generic staff role for unmapped position 'Members Facilities Officer' for risaacs
2026-02-16 10:24:25,668 - oracle_user_sync_modern - INFO - [process_single_user:1027] - 🔄 Updated user SHISAACS: party:  -> None
2026-02-16 10:24:25,668 - oracle_user_sync_modern - INFO - [handle_group_memberships:1199] - 📝 Using generic staff role for unmapped position 'Committee Secretary' for shisaacs
2026-02-16 10:24:25,671 - oracle_user_sync_modern - INFO - [process_single_user:1027] - 🔄 Updated user FISMAIL: party:  -> None
2026-02-16 10:24:25,671 - oracle_user_sync_modern - INFO - [handle_group_memberships:1199] - 📝 Using generic staff role for unmapped position 'General Cleaner' for fismail
2026-02-16 10:24:25,676 - oracle_user_sync_modern - INFO - [process_single_user:1027] - 🔄 Updated user NISMAIL: party:  -> None
2026-02-16 10:24:25,676 - oracle_user_sync_modern - INFO - [handle_group_memberships:1199] - 📝 Using generic staff role for unmapped position 'Undersecretary: Research And Parliamentary Practice' for nismail
2026-02-16 10:24:25,676 - oracle_user_sync_modern - INFO - [handle_group_memberships:1210] - 🔍 Unmapped position detected: 'Undersecretary: Research And Parliamentary Practice' - consider adding to role mapping
2026-02-16 10:24:25,681 - oracle_user_sync_modern - INFO - [process_single_user:1027] - 🔄 Updated user BJACOBS: party:  -> None
2026-02-16 10:24:25,682 - oracle_user_sync_modern - INFO - [handle_group_memberships:1199] - 📝 Using generic staff role for unmapped position 'Driver' for bjacobs
2026-02-16 10:24:25,685 - oracle_user_sync_modern - INFO - [process_single_user:1027] - 🔄 Updated user CJACOBS: party:  -> None
2026-02-16 10:24:25,686 - oracle_user_sync_modern - INFO - [handle_group_memberships:1193] - 🎯 Mapped position 'Executive Assistant' to specific role 'Executive Assistant' for cjacobs
2026-02-16 10:24:25,688 - oracle_user_sync_modern - INFO - [handle_group_memberships:1241] - 👥 Added membership: cjacobs -> Administration (Executive Assistant)
2026-02-16 10:24:25,691 - oracle_user_sync_modern - INFO - [process_single_user:1027] - 🔄 Updated user DJACOBS: party:  -> None
2026-02-16 10:24:25,691 - oracle_user_sync_modern - INFO - [handle_group_memberships:1199] - 📝 Using generic staff role for unmapped position 'Catering Assistant' for djacobs
2026-02-16 10:24:25,691 - oracle_user_sync_modern - INFO - [handle_group_memberships:1210] - 🔍 Unmapped position detected: 'Catering Assistant' - consider adding to role mapping
2026-02-16 10:24:25,694 - oracle_user_sync_modern - INFO - [process_single_user:1027] - 🔄 Updated user VJACOBS: party:  -> None
2026-02-16 10:24:25,694 - oracle_user_sync_modern - INFO - [handle_group_memberships:1199] - 📝 Using generic staff role for unmapped position 'Catering Assistant' for vjacobs
2026-02-16 10:24:25,697 - oracle_user_sync_modern - INFO - [process_single_user:1027] - 🔄 Updated user NJADA: party:  -> None
2026-02-16 10:24:25,697 - oracle_user_sync_modern - INFO - [handle_group_memberships:1199] - 📝 Using generic staff role for unmapped position 'General Cleaner' for njada
2026-02-16 10:24:25,700 - oracle_user_sync_modern - INFO - [process_single_user:1027] - 🔄 Updated user AJAFFER: party:  -> None
2026-02-16 10:24:25,700 - oracle_user_sync_modern - INFO - [handle_group_memberships:1199] - 📝 Using generic staff role for unmapped position 'Control Language Practitioner: Publishing' for ajaffer
2026-02-16 10:24:25,700 - oracle_user_sync_modern - INFO - [handle_group_memberships:1210] - 🔍 Unmapped position detected: 'Control Language Practitioner: Publishing' - consider adding to role mapping
2026-02-16 10:24:25,704 - oracle_user_sync_modern - INFO - [process_single_user:1027] - 🔄 Updated user MJAKOBS: party:  -> None
2026-02-16 10:24:25,704 - oracle_user_sync_modern - INFO - [handle_group_memberships:1199] - 📝 Using generic staff role for unmapped position 'Waitron' for mjakobs
2026-02-16 10:24:25,708 - oracle_user_sync_modern - INFO - [process_single_user:1027] - 🔄 Updated user VJAKUJA: party:  -> None
2026-02-16 10:24:25,708 - oracle_user_sync_modern - INFO - [handle_group_memberships:1199] - 📝 Using generic staff role for unmapped position 'Sourcing Specialist' for vjakuja
2026-02-16 10:24:25,708 - oracle_user_sync_modern - INFO - [handle_group_memberships:1210] - 🔍 Unmapped position detected: 'Sourcing Specialist' - consider adding to role mapping
2026-02-16 10:24:25,711 - oracle_user_sync_modern - INFO - [process_single_user:1027] - 🔄 Updated user LJALISA: party:  -> None
2026-02-16 10:24:25,711 - oracle_user_sync_modern - INFO - [handle_group_memberships:1193] - 🎯 Mapped position 'Researcher' to specific role 'Researcher' for ljalisa
2026-02-16 10:24:25,713 - oracle_user_sync_modern - INFO - [handle_group_memberships:1241] - 👥 Added membership: ljalisa -> Administration (Researcher)
2026-02-16 10:24:25,718 - oracle_user_sync_modern - INFO - [process_single_user:1027] - 🔄 Updated user ZJAMES: party:  -> None
2026-02-16 10:24:25,718 - oracle_user_sync_modern - INFO - [handle_group_memberships:1199] - 📝 Using generic staff role for unmapped position 'Creditors Clerk' for zjames
2026-02-16 10:24:25,721 - oracle_user_sync_modern - INFO - [process_single_user:1027] - 🔄 Updated user WJANSEVANRENSBURG: party:  -> None
2026-02-16 10:24:25,721 - oracle_user_sync_modern - INFO - [handle_group_memberships:1199] - 📝 Using generic staff role for unmapped position 'Content Advisor' for wjansevanrensburg
2026-02-16 10:24:25,724 - oracle_user_sync_modern - INFO - [process_single_user:1027] - 🔄 Updated user VJANSEN: party:  -> None
2026-02-16 10:24:25,724 - oracle_user_sync_modern - INFO - [handle_group_memberships:1199] - 📝 Using generic staff role for unmapped position 'Chamber Assistant' for vjansen
2026-02-16 10:24:25,727 - oracle_user_sync_modern - INFO - [process_single_user:1027] - 🔄 Updated user ZJANSEN: party:  -> None
2026-02-16 10:24:25,727 - oracle_user_sync_modern - INFO - [handle_group_memberships:1199] - 📝 Using generic staff role for unmapped position 'Office Coordinator: Committees and Public Participation' for zjansen
2026-02-16 10:24:25,727 - oracle_user_sync_modern - INFO - [handle_group_memberships:1210] - 🔍 Unmapped position detected: 'Office Coordinator: Committees and Public Participation' - consider adding to role mapping
2026-02-16 10:24:25,730 - oracle_user_sync_modern - INFO - [process_single_user:1027] - 🔄 Updated user NJARA: party:  -> None
2026-02-16 10:24:25,731 - oracle_user_sync_modern - INFO - [handle_group_memberships:1199] - 📝 Using generic staff role for unmapped position 'General Cleaner' for njara
2026-02-16 10:24:25,734 - oracle_user_sync_modern - INFO - [process_single_user:1027] - 🔄 Updated user ZJARDINE: party:  -> None
2026-02-16 10:24:25,734 - oracle_user_sync_modern - INFO - [handle_group_memberships:1199] - 📝 Using generic staff role for unmapped position 'Administrative Assistant' for zjardine
2026-02-16 10:24:25,737 - oracle_user_sync_modern - INFO - [process_single_user:1027] - 🔄 Updated user EJAWOODEEN: party:  -> None
2026-02-16 10:24:25,737 - oracle_user_sync_modern - INFO - [handle_group_memberships:1199] - 📝 Using generic staff role for unmapped position 'Senior Researcher' for ejawoodeen
2026-02-16 10:24:25,740 - oracle_user_sync_modern - INFO - [process_single_user:1027] - 🔄 Updated user FJENKINS: party:  -> None
2026-02-16 10:24:25,740 - oracle_user_sync_modern - INFO - [handle_group_memberships:1199] - 📝 Using generic staff role for unmapped position 'Senior Parliamentary Legal Adviser' for fjenkins
2026-02-16 10:24:25,740 - oracle_user_sync_modern - INFO - [handle_group_memberships:1210] - 🔍 Unmapped position detected: 'Senior Parliamentary Legal Adviser' - consider adding to role mapping
2026-02-16 10:24:25,743 - oracle_user_sync_modern - INFO - [process_single_user:1027] - 🔄 Updated user SJEZILE: party:  -> None
2026-02-16 10:24:25,743 - oracle_user_sync_modern - INFO - [handle_group_memberships:1199] - 📝 Using generic staff role for unmapped position 'Chamber Assistant' for sjezile
2026-02-16 10:24:25,746 - oracle_user_sync_modern - INFO - [process_single_user:1027] - 🔄 Updated user PJIKELO: party:  -> None
2026-02-16 10:24:25,747 - oracle_user_sync_modern - INFO - [handle_group_memberships:1199] - 📝 Using generic staff role for unmapped position 'Photographer' for pjikelo
2026-02-16 10:24:25,747 - oracle_user_sync_modern - INFO - [handle_group_memberships:1210] - 🔍 Unmapped position detected: 'Photographer' - consider adding to role mapping
2026-02-16 10:24:25,750 - oracle_user_sync_modern - INFO - [process_single_user:1027] - 🔄 Updated user JJOHANNES: party:  -> None
2026-02-16 10:24:25,750 - oracle_user_sync_modern - INFO - [handle_group_memberships:1199] - 📝 Using generic staff role for unmapped position 'Service Officer' for jjohannes
2026-02-16 10:24:25,753 - oracle_user_sync_modern - INFO - [process_single_user:1027] - 🔄 Updated user RJOHNSON: party:  -> None
2026-02-16 10:24:25,753 - oracle_user_sync_modern - INFO - [handle_group_memberships:1199] - 📝 Using generic staff role for unmapped position 'Administrative Assistant' for rjohnson
2026-02-16 10:24:25,756 - oracle_user_sync_modern - INFO - [process_single_user:1027] - 🔄 Updated user NJOKA: party:  -> None
2026-02-16 10:24:25,756 - oracle_user_sync_modern - INFO - [handle_group_memberships:1199] - 📝 Using generic staff role for unmapped position 'Chamber Support Officer' for njoka
2026-02-16 10:24:25,759 - oracle_user_sync_modern - INFO - [process_single_user:1027] - 🔄 Updated user ZJONASE: party:  -> None
2026-02-16 10:24:25,759 - oracle_user_sync_modern - INFO - [handle_group_memberships:1199] - 📝 Using generic staff role for unmapped position 'Expenditure & Procurement Controller' for zjonase
2026-02-16 10:24:25,762 - oracle_user_sync_modern - INFO - [process_single_user:1027] - 🔄 Updated user NJONGWANA: party:  -> None
2026-02-16 10:24:25,762 - oracle_user_sync_modern - INFO - [handle_group_memberships:1199] - 📝 Using generic staff role for unmapped position 'General Cleaner' for njongwana
2026-02-16 10:24:25,765 - oracle_user_sync_modern - INFO - [process_single_user:1027] - 🔄 Updated user GJOOD: party:  -> None
2026-02-16 10:24:25,765 - oracle_user_sync_modern - INFO - [handle_group_memberships:1199] - 📝 Using generic staff role for unmapped position 'Chamber Assistant' for gjood
2026-02-16 10:24:25,769 - oracle_user_sync_modern - INFO - [process_single_user:1027] - 🔄 Updated user JJOOSTE: party:  -> None
2026-02-16 10:24:25,769 - oracle_user_sync_modern - INFO - [handle_group_memberships:1199] - 📝 Using generic staff role for unmapped position 'Content Advisor' for jjooste
2026-02-16 10:24:25,773 - oracle_user_sync_modern - INFO - [process_single_user:1027] - 🔄 Updated user DJORDAAN: party:  -> None
2026-02-16 10:24:25,773 - oracle_user_sync_modern - INFO - [handle_group_memberships:1199] - 📝 Using generic staff role for unmapped position 'Senior Protection Officer' for djordaan
2026-02-16 10:24:25,776 - oracle_user_sync_modern - INFO - [process_single_user:1027] - 🔄 Updated user RJORDAAN: party:  -> None
2026-02-16 10:24:25,776 - oracle_user_sync_modern - INFO - [handle_group_memberships:1199] - 📝 Using generic staff role for unmapped position 'Catering Assistant' for rjordaan
2026-02-16 10:24:25,779 - oracle_user_sync_modern - INFO - [process_single_user:1027] - 🔄 Updated user NJOYI: party:  -> None
2026-02-16 10:24:25,779 - oracle_user_sync_modern - INFO - [handle_group_memberships:1199] - 📝 Using generic staff role for unmapped position 'General Cleaner' for njoyi
2026-02-16 10:24:25,782 - oracle_user_sync_modern - INFO - [process_single_user:1027] - 🔄 Updated user FJULIUS: party:  -> None
2026-02-16 10:24:25,782 - oracle_user_sync_modern - INFO - [handle_group_memberships:1199] - 📝 Using generic staff role for unmapped position 'Receptionist: PDO' for fjulius
2026-02-16 10:24:25,782 - oracle_user_sync_modern - INFO - [handle_group_memberships:1210] - 🔍 Unmapped position detected: 'Receptionist: PDO' - consider adding to role mapping
2026-02-16 10:24:25,786 - oracle_user_sync_modern - INFO - [process_single_user:1027] - 🔄 Updated user MKABELI: party:  -> None
2026-02-16 10:24:25,786 - oracle_user_sync_modern - INFO - [handle_group_memberships:1199] - 📝 Using generic staff role for unmapped position 'Media Specialist' for mkabeli
2026-02-16 10:24:25,786 - oracle_user_sync_modern - INFO - [handle_group_memberships:1210] - 🔍 Unmapped position detected: 'Media Specialist' - consider adding to role mapping
2026-02-16 10:24:25,789 - oracle_user_sync_modern - INFO - [process_single_user:1027] - 🔄 Updated user AKABINGESI: party:  -> None
2026-02-16 10:24:25,789 - oracle_user_sync_modern - INFO - [handle_group_memberships:1199] - 📝 Using generic staff role for unmapped position 'Committee Secretary' for akabingesi
2026-02-16 10:24:25,793 - oracle_user_sync_modern - INFO - [process_single_user:1027] - 🔄 Updated user NKADER: party:  -> None
2026-02-16 10:24:25,793 - oracle_user_sync_modern - INFO - [handle_group_memberships:1199] - 📝 Using generic staff role for unmapped position 'Executive Secretary' for nkader
2026-02-16 10:24:25,796 - oracle_user_sync_modern - INFO - [process_single_user:1027] - 🔄 Updated user RKAFAAR: party:  -> None
2026-02-16 10:24:25,796 - oracle_user_sync_modern - INFO - [handle_group_memberships:1199] - 📝 Using generic staff role for unmapped position 'Web Editor' for rkafaar
2026-02-16 10:24:25,796 - oracle_user_sync_modern - INFO - [handle_group_memberships:1210] - 🔍 Unmapped position detected: 'Web Editor' - consider adding to role mapping
2026-02-16 10:24:25,799 - oracle_user_sync_modern - INFO - [process_single_user:1027] - 🔄 Updated user AKAKAZA: party:  -> None
2026-02-16 10:24:25,799 - oracle_user_sync_modern - INFO - [handle_group_memberships:1199] - 📝 Using generic staff role for unmapped position 'Committee Secretary' for akakaza
2026-02-16 10:24:25,802 - oracle_user_sync_modern - INFO - [process_single_user:1027] - 🔄 Updated user NKALIMASHE: party:  -> None
2026-02-16 10:24:25,802 - oracle_user_sync_modern - INFO - [handle_group_memberships:1199] - 📝 Using generic staff role for unmapped position 'Content Advisor: JSCI' for nkalimashe
2026-02-16 10:24:25,802 - oracle_user_sync_modern - INFO - [handle_group_memberships:1210] - 🔍 Unmapped position detected: 'Content Advisor: JSCI' - consider adding to role mapping
2026-02-16 10:24:25,806 - oracle_user_sync_modern - INFO - [process_single_user:1027] - 🔄 Updated user MKANZI: party:  -> None
2026-02-16 10:24:25,806 - oracle_user_sync_modern - INFO - [handle_group_memberships:1199] - 📝 Using generic staff role for unmapped position 'Cashier' for mkanzi
2026-02-16 10:24:25,809 - oracle_user_sync_modern - INFO - [process_single_user:1027] - 🔄 Updated user NKASI: party:  -> None
2026-02-16 10:24:25,809 - oracle_user_sync_modern - INFO - [handle_group_memberships:1199] - 📝 Using generic staff role for unmapped position 'Executive Secretary: Committee Chairperson' for nkasi
2026-02-16 10:24:25,812 - oracle_user_sync_modern - INFO - [process_single_user:1027] - 🔄 Updated user DKASSAN: party:  -> None
2026-02-16 10:24:25,812 - oracle_user_sync_modern - INFO - [handle_group_memberships:1199] - 📝 Using generic staff role for unmapped position 'Parliamentary Legal Adviser' for dkassan
2026-02-16 10:24:25,816 - oracle_user_sync_modern - INFO - [process_single_user:1027] - 🔄 Updated user AKEDAMA: party:  -> None
2026-02-16 10:24:25,817 - oracle_user_sync_modern - INFO - [handle_group_memberships:1199] - 📝 Using generic staff role for unmapped position 'Cashier' for akedama
2026-02-16 10:24:25,821 - oracle_user_sync_modern - INFO - [process_single_user:1027] - 🔄 Updated user MAKEKANA: party:  -> None
2026-02-16 10:24:25,821 - oracle_user_sync_modern - INFO - [handle_group_memberships:1193] - 🎯 Mapped position 'Researcher' to specific role 'Researcher' for makekana
2026-02-16 10:24:25,823 - oracle_user_sync_modern - INFO - [handle_group_memberships:1241] - 👥 Added membership: makekana -> Administration (Researcher)
2026-02-16 10:24:25,826 - oracle_user_sync_modern - INFO - [process_single_user:1027] - 🔄 Updated user MKEKANA: party:  -> None
2026-02-16 10:24:25,826 - oracle_user_sync_modern - INFO - [handle_group_memberships:1199] - 📝 Using generic staff role for unmapped position 'Senior Language Practitioner: SiSwati' for mkekana
2026-02-16 10:24:25,826 - oracle_user_sync_modern - INFO - [handle_group_memberships:1210] - 🔍 Unmapped position detected: 'Senior Language Practitioner: SiSwati' - consider adding to role mapping
2026-02-16 10:24:25,831 - oracle_user_sync_modern - INFO - [process_single_user:1027] - 🔄 Updated user TKEPE: party:  -> None
2026-02-16 10:24:25,831 - oracle_user_sync_modern - INFO - [handle_group_memberships:1199] - 📝 Using generic staff role for unmapped position 'Executive Secretary' for tkepe
2026-02-16 10:24:25,834 - oracle_user_sync_modern - INFO - [process_single_user:1027] - 🔄 Updated user NKETELO: party:  -> None
2026-02-16 10:24:25,834 - oracle_user_sync_modern - INFO - [handle_group_memberships:1199] - 📝 Using generic staff role for unmapped position 'Waitron' for nketelo
2026-02-16 10:24:25,837 - oracle_user_sync_modern - INFO - [process_single_user:1027] - 🔄 Updated user LKETYE: party:  -> None
2026-02-16 10:24:25,837 - oracle_user_sync_modern - INFO - [handle_group_memberships:1199] - 📝 Using generic staff role for unmapped position 'Chamber Assistant' for lketye
2026-02-16 10:24:25,841 - oracle_user_sync_modern - INFO - [process_single_user:1027] - 🔄 Updated user TKETYE: party:  -> None
2026-02-16 10:24:25,841 - oracle_user_sync_modern - INFO - [handle_group_memberships:1199] - 📝 Using generic staff role for unmapped position 'Content Advisor' for tketye
2026-02-16 10:24:25,845 - oracle_user_sync_modern - INFO - [process_single_user:1027] - 🔄 Updated user LKGANYAGO: party:  -> None
2026-02-16 10:24:25,845 - oracle_user_sync_modern - INFO - [handle_group_memberships:1199] - 📝 Using generic staff role for unmapped position 'Language Practitioner: Sepedi' for lkganyago
2026-02-16 10:24:25,845 - oracle_user_sync_modern - INFO - [handle_group_memberships:1210] - 🔍 Unmapped position detected: 'Language Practitioner: Sepedi' - consider adding to role mapping
2026-02-16 10:24:25,849 - oracle_user_sync_modern - INFO - [process_single_user:1027] - 🔄 Updated user OKGOPE: party:  -> None
2026-02-16 10:24:25,849 - oracle_user_sync_modern - INFO - [handle_group_memberships:1199] - 📝 Using generic staff role for unmapped position 'Camera Operator / Vision Mixer' for okgope
2026-02-16 10:24:25,853 - oracle_user_sync_modern - INFO - [process_single_user:1027] - 🔄 Updated user YKHANYE: party:  -> None
2026-02-16 10:24:25,853 - oracle_user_sync_modern - INFO - [handle_group_memberships:1199] - 📝 Using generic staff role for unmapped position 'Content Advisor' for ykhanye
2026-02-16 10:24:25,859 - oracle_user_sync_modern - INFO - [process_single_user:1027] - 🔄 Updated user SKHESWA: party:  -> None
2026-02-16 10:24:25,859 - oracle_user_sync_modern - INFO - [handle_group_memberships:1199] - 📝 Using generic staff role for unmapped position 'Senior Language Practitioner: IsiZulu' for skheswa
2026-02-16 10:24:25,859 - oracle_user_sync_modern - INFO - [handle_group_memberships:1210] - 🔍 Unmapped position detected: 'Senior Language Practitioner: IsiZulu' - consider adding to role mapping
2026-02-16 10:24:25,862 - oracle_user_sync_modern - INFO - [process_single_user:1027] - 🔄 Updated user EKHOSA: party:  -> None
2026-02-16 10:24:25,862 - oracle_user_sync_modern - INFO - [handle_group_memberships:1199] - 📝 Using generic staff role for unmapped position 'Language Practitioner: Xitsonga' for ekhosa
2026-02-16 10:24:25,862 - oracle_user_sync_modern - INFO - [handle_group_memberships:1210] - 🔍 Unmapped position detected: 'Language Practitioner: Xitsonga' - consider adding to role mapping
2026-02-16 10:24:25,867 - oracle_user_sync_modern - INFO - [process_single_user:1027] - 🔄 Updated user MKHUMALO: party:  -> None
2026-02-16 10:24:25,867 - oracle_user_sync_modern - INFO - [handle_group_memberships:1199] - 📝 Using generic staff role for unmapped position 'Camera Operator / Vision Mixer' for mkhumalo
2026-02-16 10:24:25,870 - oracle_user_sync_modern - INFO - [process_single_user:1027] - 🔄 Updated user QKHUMALO: party:  -> None
2026-02-16 10:24:25,870 - oracle_user_sync_modern - INFO - [handle_group_memberships:1199] - 📝 Using generic staff role for unmapped position 'Committee Assistant' for qkhumalo
2026-02-16 10:24:25,874 - oracle_user_sync_modern - INFO - [process_single_user:1027] - 🔄 Updated user JKHUZWAYO: party:  -> None
2026-02-16 10:24:25,874 - oracle_user_sync_modern - INFO - [handle_group_memberships:1193] - 🎯 Mapped position 'Administrative Officer' to specific role 'Administrative Officer' for jkhuzwayo
2026-02-16 10:24:25,876 - oracle_user_sync_modern - INFO - [handle_group_memberships:1241] - 👥 Added membership: jkhuzwayo -> Administration (Administrative Officer)
2026-02-16 10:24:25,879 - oracle_user_sync_modern - INFO - [process_single_user:1027] - 🔄 Updated user SKHUZWAYO: party:  -> None
2026-02-16 10:24:25,879 - oracle_user_sync_modern - INFO - [handle_group_memberships:1199] - 📝 Using generic staff role for unmapped position 'Content Advisor' for skhuzwayo
2026-02-16 10:24:25,882 - oracle_user_sync_modern - INFO - [process_single_user:1027] - 🔄 Updated user RKIRSTEN: party:  -> None
2026-02-16 10:24:25,882 - oracle_user_sync_modern - INFO - [handle_group_memberships:1199] - 📝 Using generic staff role for unmapped position 'Administrator: Parliamentary Artworks' for rkirsten
2026-02-16 10:24:25,882 - oracle_user_sync_modern - INFO - [handle_group_memberships:1210] - 🔍 Unmapped position detected: 'Administrator: Parliamentary Artworks' - consider adding to role mapping
2026-02-16 10:24:25,887 - oracle_user_sync_modern - INFO - [process_single_user:1027] - 🔄 Updated user GLKLASSEN: party:  -> None
2026-02-16 10:24:25,887 - oracle_user_sync_modern - INFO - [handle_group_memberships:1199] - 📝 Using generic staff role for unmapped position 'Switchboard Operator: PCS' for glklassen
2026-02-16 10:24:25,890 - oracle_user_sync_modern - INFO - [process_single_user:1027] - 🔄 Updated user TKLEINHANS: party:  -> None
2026-02-16 10:24:25,890 - oracle_user_sync_modern - INFO - [handle_group_memberships:1199] - 📝 Using generic staff role for unmapped position 'Executive Secretary: Committee Chairperson' for tkleinhans
2026-02-16 10:24:25,893 - oracle_user_sync_modern - INFO - [process_single_user:1027] - 🔄 Updated user RKLEYN: party:  -> None
2026-02-16 10:24:25,893 - oracle_user_sync_modern - INFO - [handle_group_memberships:1199] - 📝 Using generic staff role for unmapped position 'Personal Secretary' for rkleyn
2026-02-16 10:24:25,900 - oracle_user_sync_modern - INFO - [process_single_user:1027] - 🔄 Updated user KKOEGELENBERG: party:  -> None
2026-02-16 10:24:25,900 - oracle_user_sync_modern - INFO - [handle_group_memberships:1199] - 📝 Using generic staff role for unmapped position 'Chamber Support Officer' for kkoegelenberg
2026-02-16 10:24:25,903 - oracle_user_sync_modern - INFO - [process_single_user:1027] - 🔄 Updated user MKOFF: party:  -> None
2026-02-16 10:24:25,903 - oracle_user_sync_modern - INFO - [handle_group_memberships:1199] - 📝 Using generic staff role for unmapped position 'Committee Secretary' for mkoff
2026-02-16 10:24:25,906 - oracle_user_sync_modern - INFO - [process_single_user:1027] - 🔄 Updated user TKOFF: party:  -> None
2026-02-16 10:24:25,906 - oracle_user_sync_modern - INFO - [handle_group_memberships:1199] - 📝 Using generic staff role for unmapped position 'Head Chef' for tkoff
2026-02-16 10:24:25,906 - oracle_user_sync_modern - INFO - [handle_group_memberships:1210] - 🔍 Unmapped position detected: 'Head Chef' - consider adding to role mapping
2026-02-16 10:24:25,910 - oracle_user_sync_modern - INFO - [process_single_user:1027] - 🔄 Updated user AKOK: party:  -> None
2026-02-16 10:24:25,910 - oracle_user_sync_modern - INFO - [handle_group_memberships:1193] - 🎯 Mapped position 'Researcher' to specific role 'Researcher' for akok
2026-02-16 10:24:25,913 - oracle_user_sync_modern - INFO - [handle_group_memberships:1241] - 👥 Added membership: akok -> Administration (Researcher)
2026-02-16 10:24:25,916 - oracle_user_sync_modern - INFO - [process_single_user:1027] - 🔄 Updated user NKOMANISI: party:  -> None
2026-02-16 10:24:25,917 - oracle_user_sync_modern - INFO - [handle_group_memberships:1199] - 📝 Using generic staff role for unmapped position 'Language Practitioner: IsiXhosa' for nkomanisi
2026-02-16 10:24:25,920 - oracle_user_sync_modern - INFO - [process_single_user:1027] - 🔄 Updated user LKONDLO: party:  -> None
2026-02-16 10:24:25,921 - oracle_user_sync_modern - INFO - [handle_group_memberships:1199] - 📝 Using generic staff role for unmapped position 'Project Administrator' for lkondlo
2026-02-16 10:24:25,926 - oracle_user_sync_modern - INFO - [process_single_user:1027] - 🔄 Updated user ZKOSTILE: party:  -> None
2026-02-16 10:24:25,926 - oracle_user_sync_modern - INFO - [handle_group_memberships:1199] - 📝 Using generic staff role for unmapped position 'Archivist' for zkostile
2026-02-16 10:24:25,926 - oracle_user_sync_modern - INFO - [handle_group_memberships:1210] - 🔍 Unmapped position detected: 'Archivist' - consider adding to role mapping
2026-02-16 10:24:25,930 - oracle_user_sync_modern - INFO - [process_single_user:1027] - 🔄 Updated user AKOTZE: party:  -> None
2026-02-16 10:24:25,930 - oracle_user_sync_modern - INFO - [handle_group_memberships:1199] - 📝 Using generic staff role for unmapped position 'Committee Secretary' for akotze
2026-02-16 10:24:25,934 - oracle_user_sync_modern - INFO - [process_single_user:1027] - 🔄 Updated user HKOTZE: party:  -> None
2026-02-16 10:24:25,934 - oracle_user_sync_modern - INFO - [handle_group_memberships:1193] - 🎯 Mapped position 'Personal Assistant' to specific role 'Personal Assistant' for hkotze
2026-02-16 10:24:25,937 - oracle_user_sync_modern - INFO - [handle_group_memberships:1241] - 👥 Added membership: hkotze -> Administration (Personal Assistant)
2026-02-16 10:24:25,940 - oracle_user_sync_modern - INFO - [process_single_user:1027] - 🔄 Updated user BKRIEL: party:  -> None
2026-02-16 10:24:25,940 - oracle_user_sync_modern - INFO - [handle_group_memberships:1199] - 📝 Using generic staff role for unmapped position 'Buyer: Supply Chain Management' for bkriel
2026-02-16 10:24:25,941 - oracle_user_sync_modern - INFO - [sync_users_and_groups:811] - 🔄 Processing batch 6/16 (100 users)
2026-02-16 10:24:25,947 - oracle_user_sync_modern - INFO - [process_single_user:1027] - 🔄 Updated user AKULA: party:  -> None
2026-02-16 10:24:25,947 - oracle_user_sync_modern - INFO - [handle_group_memberships:1199] - 📝 Using generic staff role for unmapped position 'Executive Secretary: Committee Chairperson' for akula
2026-02-16 10:24:25,951 - oracle_user_sync_modern - INFO - [process_single_user:1027] - 🔄 Updated user MKULA: party:  -> None
2026-02-16 10:24:25,951 - oracle_user_sync_modern - INFO - [handle_group_memberships:1199] - 📝 Using generic staff role for unmapped position 'Section Manager: Public Participation' for mkula
2026-02-16 10:24:25,951 - oracle_user_sync_modern - INFO - [handle_group_memberships:1210] - 🔍 Unmapped position detected: 'Section Manager: Public Participation' - consider adding to role mapping
2026-02-16 10:24:25,955 - oracle_user_sync_modern - INFO - [process_single_user:1027] - 🔄 Updated user ZKULA: party:  -> None
2026-02-16 10:24:25,955 - oracle_user_sync_modern - INFO - [handle_group_memberships:1199] - 📝 Using generic staff role for unmapped position 'Committee Secretary' for zkula
2026-02-16 10:24:25,959 - oracle_user_sync_modern - INFO - [process_single_user:1027] - 🔄 Updated user BKULATA: party:  -> None
2026-02-16 10:24:25,959 - oracle_user_sync_modern - INFO - [handle_group_memberships:1199] - 📝 Using generic staff role for unmapped position 'Executive Secretary: Committee Chairperson' for bkulata
2026-02-16 10:24:25,963 - oracle_user_sync_modern - INFO - [process_single_user:1027] - 🔄 Updated user KKUNENE: party:  -> None
2026-02-16 10:24:25,963 - oracle_user_sync_modern - INFO - [handle_group_memberships:1199] - 📝 Using generic staff role for unmapped position 'Committee Secretary' for kkunene
2026-02-16 10:24:25,966 - oracle_user_sync_modern - INFO - [process_single_user:1027] - 🔄 Updated user OKUNENE: party:  -> None
2026-02-16 10:24:25,967 - oracle_user_sync_modern - INFO - [handle_group_memberships:1199] - 📝 Using generic staff role for unmapped position 'Secretary' for okunene
2026-02-16 10:24:25,972 - oracle_user_sync_modern - INFO - [process_single_user:1027] - 🔄 Updated user VLALLA: party:  -> None
2026-02-16 10:24:25,972 - oracle_user_sync_modern - INFO - [handle_group_memberships:1199] - 📝 Using generic staff role for unmapped position 'Specialist: Graphic Design' for vlalla
2026-02-16 10:24:25,972 - oracle_user_sync_modern - INFO - [handle_group_memberships:1210] - 🔍 Unmapped position detected: 'Specialist: Graphic Design' - consider adding to role mapping
2026-02-16 10:24:25,976 - oracle_user_sync_modern - INFO - [process_single_user:1027] - 🔄 Updated user SLAMBEY: party:  -> None
2026-02-16 10:24:25,976 - oracle_user_sync_modern - INFO - [handle_group_memberships:1199] - 📝 Using generic staff role for unmapped position 'Librarian' for slambey
2026-02-16 10:24:25,979 - oracle_user_sync_modern - INFO - [process_single_user:1027] - 🔄 Updated user YLANDU: party:  -> None
2026-02-16 10:24:25,979 - oracle_user_sync_modern - INFO - [handle_group_memberships:1199] - 📝 Using generic staff role for unmapped position 'Principal Communication Officer' for ylandu
2026-02-16 10:24:25,983 - oracle_user_sync_modern - INFO - [process_single_user:1027] - 🔄 Updated user WLAWANA: party:  -> None
2026-02-16 10:24:25,984 - oracle_user_sync_modern - INFO - [handle_group_memberships:1199] - 📝 Using generic staff role for unmapped position 'Asset and Inventory Officer' for wlawana
2026-02-16 10:24:25,984 - oracle_user_sync_modern - INFO - [handle_group_memberships:1210] - 🔍 Unmapped position detected: 'Asset and Inventory Officer' - consider adding to role mapping
2026-02-16 10:24:25,987 - oracle_user_sync_modern - INFO - [process_single_user:1027] - 🔄 Updated user LLAWRENCE: party:  -> None
2026-02-16 10:24:25,987 - oracle_user_sync_modern - INFO - [handle_group_memberships:1199] - 📝 Using generic staff role for unmapped position 'Executive Secretary: Committee Chairperson' for llawrence
2026-02-16 10:24:25,990 - oracle_user_sync_modern - INFO - [process_single_user:1027] - 🔄 Updated user RLAWRENCE: party:  -> None
2026-02-16 10:24:25,990 - oracle_user_sync_modern - INFO - [handle_group_memberships:1199] - 📝 Using generic staff role for unmapped position 'Food Service Assistant' for rlawrence
2026-02-16 10:24:25,994 - oracle_user_sync_modern - INFO - [process_single_user:1027] - 🔄 Updated user JLEROUX: party:  -> None
2026-02-16 10:24:25,994 - oracle_user_sync_modern - INFO - [handle_group_memberships:1193] - 🎯 Mapped position 'Researcher' to specific role 'Researcher' for jleroux
2026-02-16 10:24:25,997 - oracle_user_sync_modern - INFO - [handle_group_memberships:1241] - 👥 Added membership: jleroux -> Administration (Researcher)
2026-02-16 10:24:26,000 - oracle_user_sync_modern - INFO - [process_single_user:1027] - 🔄 Updated user PLEBEKO: party:  -> None
2026-02-16 10:24:26,000 - oracle_user_sync_modern - INFO - [handle_group_memberships:1199] - 📝 Using generic staff role for unmapped position 'Section Manager: Documentation' for plebeko
2026-02-16 10:24:26,000 - oracle_user_sync_modern - INFO - [handle_group_memberships:1210] - 🔍 Unmapped position detected: 'Section Manager: Documentation' - consider adding to role mapping
2026-02-16 10:24:26,003 - oracle_user_sync_modern - INFO - [process_single_user:1027] - 🔄 Updated user LLEEUWNER: party:  -> None
2026-02-16 10:24:26,003 - oracle_user_sync_modern - INFO - [handle_group_memberships:1199] - 📝 Using generic staff role for unmapped position 'Language Practitioner: Afrikaans' for lleeuwner
2026-02-16 10:24:26,006 - oracle_user_sync_modern - INFO - [process_single_user:1027] - 🔄 Updated user JLEFIFI: party:  -> None
2026-02-16 10:24:26,006 - oracle_user_sync_modern - INFO - [handle_group_memberships:1199] - 📝 Using generic staff role for unmapped position 'Supervisor: Printing' for jlefifi
2026-02-16 10:24:26,006 - oracle_user_sync_modern - INFO - [handle_group_memberships:1210] - 🔍 Unmapped position detected: 'Supervisor: Printing' - consider adding to role mapping
2026-02-16 10:24:26,010 - oracle_user_sync_modern - INFO - [process_single_user:1027] - 🔄 Updated user WLEGODI: party:  -> None
2026-02-16 10:24:26,010 - oracle_user_sync_modern - INFO - [handle_group_memberships:1199] - 📝 Using generic staff role for unmapped position 'Operator Support Personnel' for wlegodi
2026-02-16 10:24:26,015 - oracle_user_sync_modern - INFO - [process_single_user:1027] - 🔄 Updated user MLEHONG: party:  -> None
2026-02-16 10:24:26,015 - oracle_user_sync_modern - INFO - [handle_group_memberships:1199] - 📝 Using generic staff role for unmapped position 'Receptionist: PDO' for mlehong
2026-02-16 10:24:26,018 - oracle_user_sync_modern - INFO - [process_single_user:1027] - 🔄 Updated user NLEIBRANDT: party:  -> None
2026-02-16 10:24:26,018 - oracle_user_sync_modern - INFO - [handle_group_memberships:1193] - 🎯 Mapped position 'Researcher' to specific role 'Researcher' for nleibrandt
2026-02-16 10:24:26,021 - oracle_user_sync_modern - INFO - [handle_group_memberships:1241] - 👥 Added membership: nleibrandt -> Administration (Researcher)
2026-02-16 10:24:26,025 - oracle_user_sync_modern - INFO - [process_single_user:1027] - 🔄 Updated user ELESHOPE: party:  -> None
2026-02-16 10:24:26,025 - oracle_user_sync_modern - INFO - [handle_group_memberships:1193] - 🎯 Mapped position 'Protection Officer' to specific role 'Protection Officer' for eleshope
2026-02-16 10:24:26,027 - oracle_user_sync_modern - INFO - [handle_group_memberships:1241] - 👥 Added membership: eleshope -> Administration (Protection Officer)
2026-02-16 10:24:26,030 - oracle_user_sync_modern - INFO - [process_single_user:1027] - 🔄 Updated user MLESOMA: party:  -> None
2026-02-16 10:24:26,030 - oracle_user_sync_modern - INFO - [handle_group_memberships:1199] - 📝 Using generic staff role for unmapped position 'Programme Manager' for mlesoma
2026-02-16 10:24:26,030 - oracle_user_sync_modern - INFO - [handle_group_memberships:1210] - 🔍 Unmapped position detected: 'Programme Manager' - consider adding to role mapping
2026-02-16 10:24:26,036 - oracle_user_sync_modern - INFO - [process_single_user:1027] - 🔄 Updated user SLETLHAKE: party:  -> None
2026-02-16 10:24:26,036 - oracle_user_sync_modern - INFO - [handle_group_memberships:1199] - 📝 Using generic staff role for unmapped position 'Committee Assistant' for sletlhake
2026-02-16 10:24:26,039 - oracle_user_sync_modern - INFO - [process_single_user:1027] - 🔄 Updated user NLETSIE: party:  -> None
2026-02-16 10:24:26,039 - oracle_user_sync_modern - INFO - [handle_group_memberships:1199] - 📝 Using generic staff role for unmapped position 'Language Practitioner: Sesotho' for nletsie
2026-02-16 10:24:26,039 - oracle_user_sync_modern - INFO - [handle_group_memberships:1210] - 🔍 Unmapped position detected: 'Language Practitioner: Sesotho' - consider adding to role mapping
2026-02-16 10:24:26,042 - oracle_user_sync_modern - INFO - [process_single_user:1027] - 🔄 Updated user MLETSIE: party:  -> None
2026-02-16 10:24:26,042 - oracle_user_sync_modern - INFO - [handle_group_memberships:1199] - 📝 Using generic staff role for unmapped position 'Language Practitioner: Sesotho' for mletsie
2026-02-16 10:24:26,046 - oracle_user_sync_modern - INFO - [process_single_user:1027] - 🔄 Updated user CLEVENDALE: party:  -> None
2026-02-16 10:24:26,046 - oracle_user_sync_modern - INFO - [handle_group_memberships:1193] - 🎯 Mapped position 'Researcher' to specific role 'Researcher' for clevendale
2026-02-16 10:24:26,049 - oracle_user_sync_modern - INFO - [handle_group_memberships:1241] - 👥 Added membership: clevendale -> Administration (Researcher)
2026-02-16 10:24:26,053 - oracle_user_sync_modern - INFO - [process_single_user:1027] - 🔄 Updated user TLIGEGE: party:  -> None
2026-02-16 10:24:26,053 - oracle_user_sync_modern - INFO - [handle_group_memberships:1199] - 📝 Using generic staff role for unmapped position 'Senior Language Practitioner: Tshivenda' for tligege
2026-02-16 10:24:26,053 - oracle_user_sync_modern - INFO - [handle_group_memberships:1210] - 🔍 Unmapped position detected: 'Senior Language Practitioner: Tshivenda' - consider adding to role mapping
2026-02-16 10:24:26,058 - oracle_user_sync_modern - INFO - [process_single_user:1027] - 🔄 Updated user FLOMBARD: party:  -> None
2026-02-16 10:24:26,058 - oracle_user_sync_modern - INFO - [handle_group_memberships:1199] - 📝 Using generic staff role for unmapped position 'Administrative Assistant' for flombard
2026-02-16 10:24:26,061 - oracle_user_sync_modern - INFO - [process_single_user:1027] - 🔄 Updated user MLONDT: party:  -> None
2026-02-16 10:24:26,061 - oracle_user_sync_modern - INFO - [handle_group_memberships:1199] - 📝 Using generic staff role for unmapped position 'Control Librarian' for mlondt
2026-02-16 10:24:26,064 - oracle_user_sync_modern - INFO - [process_single_user:1027] - 🔄 Updated user SLONI: party:  -> None
2026-02-16 10:24:26,064 - oracle_user_sync_modern - INFO - [handle_group_memberships:1193] - 🎯 Mapped position 'Researcher' to specific role 'Researcher' for sloni
2026-02-16 10:24:26,067 - oracle_user_sync_modern - INFO - [handle_group_memberships:1241] - 👥 Added membership: sloni -> Administration (Researcher)
2026-02-16 10:24:26,071 - oracle_user_sync_modern - INFO - [process_single_user:1027] - 🔄 Updated user BLOOTS: party:  -> None
2026-02-16 10:24:26,071 - oracle_user_sync_modern - INFO - [handle_group_memberships:1199] - 📝 Using generic staff role for unmapped position 'Parliamentary Legal Adviser' for bloots
2026-02-16 10:24:26,074 - oracle_user_sync_modern - INFO - [process_single_user:1027] - 🔄 Updated user KLOQO: party:  -> None
2026-02-16 10:24:26,074 - oracle_user_sync_modern - INFO - [handle_group_memberships:1199] - 📝 Using generic staff role for unmapped position 'Creditors Clerk' for kloqo
2026-02-16 10:24:26,079 - oracle_user_sync_modern - INFO - [process_single_user:1027] - 🔄 Updated user TLOUW: party:  -> None
2026-02-16 10:24:26,079 - oracle_user_sync_modern - INFO - [handle_group_memberships:1199] - 📝 Using generic staff role for unmapped position 'Administrative Assistant' for tlouw
2026-02-16 10:24:26,084 - oracle_user_sync_modern - INFO - [process_single_user:1027] - 🔄 Updated user GLUBISI: party:  -> None
2026-02-16 10:24:26,084 - oracle_user_sync_modern - INFO - [handle_group_memberships:1199] - 📝 Using generic staff role for unmapped position 'Organisational Review Advisor' for glubisi
2026-02-16 10:24:26,084 - oracle_user_sync_modern - INFO - [handle_group_memberships:1210] - 🔍 Unmapped position detected: 'Organisational Review Advisor' - consider adding to role mapping
2026-02-16 10:24:26,087 - oracle_user_sync_modern - INFO - [process_single_user:1027] - 🔄 Updated user MLUKANI: party:  -> None
2026-02-16 10:24:26,087 - oracle_user_sync_modern - INFO - [handle_group_memberships:1199] - 📝 Using generic staff role for unmapped position 'Publication Specialist' for mlukani
2026-02-16 10:24:26,087 - oracle_user_sync_modern - INFO - [handle_group_memberships:1210] - 🔍 Unmapped position detected: 'Publication Specialist' - consider adding to role mapping
2026-02-16 10:24:26,092 - oracle_user_sync_modern - INFO - [process_single_user:1027] - 🔄 Updated user TLYONS: party:  -> None
2026-02-16 10:24:26,092 - oracle_user_sync_modern - INFO - [handle_group_memberships:1199] - 📝 Using generic staff role for unmapped position 'Undersecretary: House Plenaries' for tlyons
2026-02-16 10:24:26,092 - oracle_user_sync_modern - INFO - [handle_group_memberships:1210] - 🔍 Unmapped position detected: 'Undersecretary: House Plenaries' - consider adding to role mapping
2026-02-16 10:24:26,095 - oracle_user_sync_modern - INFO - [process_single_user:1027] - 🔄 Updated user NMAART: party:  -> None
2026-02-16 10:24:26,095 - oracle_user_sync_modern - INFO - [handle_group_memberships:1199] - 📝 Using generic staff role for unmapped position 'Controller: Housekeeping' for nmaart
2026-02-16 10:24:26,095 - oracle_user_sync_modern - INFO - [handle_group_memberships:1210] - 🔍 Unmapped position detected: 'Controller: Housekeeping' - consider adding to role mapping
2026-02-16 10:24:26,098 - oracle_user_sync_modern - INFO - [process_single_user:1027] - 🔄 Updated user TMABASA: party:  -> None
2026-02-16 10:24:26,098 - oracle_user_sync_modern - INFO - [handle_group_memberships:1199] - 📝 Using generic staff role for unmapped position 'Senior Language Practitioner: Xitsonga' for tmabasa
2026-02-16 10:24:26,103 - oracle_user_sync_modern - INFO - [process_single_user:1027] - 🔄 Updated user MMABELANE: party:  -> None
2026-02-16 10:24:26,103 - oracle_user_sync_modern - INFO - [handle_group_memberships:1199] - 📝 Using generic staff role for unmapped position 'Liaison Officer: NCOP' for mmabelane
2026-02-16 10:24:26,103 - oracle_user_sync_modern - INFO - [handle_group_memberships:1210] - 🔍 Unmapped position detected: 'Liaison Officer: NCOP' - consider adding to role mapping
2026-02-16 10:24:26,106 - oracle_user_sync_modern - INFO - [process_single_user:1027] - 🔄 Updated user NMABENA: party:  -> None
2026-02-16 10:24:26,106 - oracle_user_sync_modern - INFO - [handle_group_memberships:1199] - 📝 Using generic staff role for unmapped position 'Language Practitioner: Ndebele' for nmabena
2026-02-16 10:24:26,106 - oracle_user_sync_modern - INFO - [handle_group_memberships:1210] - 🔍 Unmapped position detected: 'Language Practitioner: Ndebele' - consider adding to role mapping
2026-02-16 10:24:26,109 - oracle_user_sync_modern - INFO - [process_single_user:1027] - 🔄 Updated user SIMABENTSELA: party:  -> None
2026-02-16 10:24:26,109 - oracle_user_sync_modern - INFO - [handle_group_memberships:1199] - 📝 Using generic staff role for unmapped position 'HR Services Practitioner' for simabentsela
2026-02-16 10:24:26,113 - oracle_user_sync_modern - INFO - [process_single_user:1027] - 🔄 Updated user TMABILISA: party:  -> None
2026-02-16 10:24:26,113 - oracle_user_sync_modern - INFO - [handle_group_memberships:1199] - 📝 Using generic staff role for unmapped position 'Internal Communication Officer' for tmabilisa
2026-02-16 10:24:26,118 - oracle_user_sync_modern - INFO - [process_single_user:1027] - 🔄 Updated user XMABINDISA: party:  -> None
2026-02-16 10:24:26,118 - oracle_user_sync_modern - INFO - [handle_group_memberships:1199] - 📝 Using generic staff role for unmapped position 'Executive Secretary: Committee Chairperson' for xmabindisa
2026-02-16 10:24:26,121 - oracle_user_sync_modern - INFO - [process_single_user:1027] - 🔄 Updated user DMABITSELA: party:  -> None
2026-02-16 10:24:26,121 - oracle_user_sync_modern - INFO - [handle_group_memberships:1199] - 📝 Using generic staff role for unmapped position 'Senior Protection Officer' for dmabitsela
2026-02-16 10:24:26,124 - oracle_user_sync_modern - INFO - [process_single_user:1027] - 🔄 Updated user SMABODA: party:  -> None
2026-02-16 10:24:26,124 - oracle_user_sync_modern - INFO - [handle_group_memberships:1199] - 📝 Using generic staff role for unmapped position 'Content Advisor' for smaboda
2026-02-16 10:24:26,128 - oracle_user_sync_modern - INFO - [process_single_user:1027] - 🔄 Updated user MMABUELA: party:  -> None
2026-02-16 10:24:26,128 - oracle_user_sync_modern - INFO - [handle_group_memberships:1199] - 📝 Using generic staff role for unmapped position 'Programme Support Officer' for mmabuela
2026-02-16 10:24:26,128 - oracle_user_sync_modern - INFO - [handle_group_memberships:1210] - 🔍 Unmapped position detected: 'Programme Support Officer' - consider adding to role mapping
2026-02-16 10:24:26,131 - oracle_user_sync_modern - INFO - [process_single_user:1027] - 🔄 Updated user DMABUNDA: party:  -> None
2026-02-16 10:24:26,131 - oracle_user_sync_modern - INFO - [handle_group_memberships:1199] - 📝 Using generic staff role for unmapped position 'Senior Liaison Officer: NCOP' for dmabunda
2026-02-16 10:24:26,131 - oracle_user_sync_modern - INFO - [handle_group_memberships:1210] - 🔍 Unmapped position detected: 'Senior Liaison Officer: NCOP' - consider adding to role mapping
2026-02-16 10:24:26,135 - oracle_user_sync_modern - INFO - [process_single_user:1027] - 🔄 Updated user EMABUNDA: party:  -> None
2026-02-16 10:24:26,135 - oracle_user_sync_modern - INFO - [handle_group_memberships:1199] - 📝 Using generic staff role for unmapped position 'ERP Technical Support' for emabunda
2026-02-16 10:24:26,135 - oracle_user_sync_modern - INFO - [handle_group_memberships:1210] - 🔍 Unmapped position detected: 'ERP Technical Support' - consider adding to role mapping
2026-02-16 10:24:26,138 - oracle_user_sync_modern - INFO - [process_single_user:1027] - 🔄 Updated user RMABUNDA: party:  -> None
2026-02-16 10:24:26,138 - oracle_user_sync_modern - INFO - [handle_group_memberships:1199] - 📝 Using generic staff role for unmapped position 'Control Transport Officer' for rmabunda
2026-02-16 10:24:26,138 - oracle_user_sync_modern - INFO - [handle_group_memberships:1210] - 🔍 Unmapped position detected: 'Control Transport Officer' - consider adding to role mapping
2026-02-16 10:24:26,141 - oracle_user_sync_modern - INFO - [process_single_user:1027] - 🔄 Updated user NMABUZWANA: party:  -> None
2026-02-16 10:24:26,141 - oracle_user_sync_modern - INFO - [handle_group_memberships:1199] - 📝 Using generic staff role for unmapped position 'Catering Assistant' for nmabuzwana
2026-02-16 10:24:26,145 - oracle_user_sync_modern - INFO - [process_single_user:1027] - 🔄 Updated user AMACANDA: party:  -> None
2026-02-16 10:24:26,145 - oracle_user_sync_modern - INFO - [handle_group_memberships:1199] - 📝 Using generic staff role for unmapped position 'Executive Secretary: Committee Chairperson' for amacanda
2026-02-16 10:24:26,148 - oracle_user_sync_modern - INFO - [process_single_user:1027] - 🔄 Updated user ASMACANDA: party:  -> None
2026-02-16 10:24:26,148 - oracle_user_sync_modern - INFO - [handle_group_memberships:1199] - 📝 Using generic staff role for unmapped position 'Content Advisor: House Chairperson: CG and IGR' for asmacanda
2026-02-16 10:24:26,148 - oracle_user_sync_modern - INFO - [handle_group_memberships:1210] - 🔍 Unmapped position detected: 'Content Advisor: House Chairperson: CG and IGR' - consider adding to role mapping
2026-02-16 10:24:26,151 - oracle_user_sync_modern - INFO - [process_single_user:1027] - 🔄 Updated user TMACANDA: party:  -> None
2026-02-16 10:24:26,151 - oracle_user_sync_modern - INFO - [handle_group_memberships:1199] - 📝 Using generic staff role for unmapped position 'Executive Secretary' for tmacanda
2026-02-16 10:24:26,154 - oracle_user_sync_modern - INFO - [process_single_user:1027] - 🔄 Updated user MMACHEBE: party:  -> None
2026-02-16 10:24:26,154 - oracle_user_sync_modern - INFO - [handle_group_memberships:1199] - 📝 Using generic staff role for unmapped position 'Language Practitioner: Xitsonga' for mmachebe
2026-02-16 10:24:26,157 - oracle_user_sync_modern - INFO - [process_single_user:1027] - 🔄 Updated user EMACHETE: party:  -> None
2026-02-16 10:24:26,157 - oracle_user_sync_modern - INFO - [handle_group_memberships:1199] - 📝 Using generic staff role for unmapped position 'Operator Support Personnel' for emachete
2026-02-16 10:24:26,162 - oracle_user_sync_modern - INFO - [process_single_user:1027] - 🔄 Updated user NMADAKANA: party:  -> None
2026-02-16 10:24:26,162 - oracle_user_sync_modern - INFO - [handle_group_memberships:1199] - 📝 Using generic staff role for unmapped position 'Control Librarian' for nmadakana
2026-02-16 10:24:26,165 - oracle_user_sync_modern - INFO - [process_single_user:1027] - 🔄 Updated user ZMADALANE: party:  -> None
2026-02-16 10:24:26,165 - oracle_user_sync_modern - INFO - [handle_group_memberships:1193] - 🎯 Mapped position 'Researcher' to specific role 'Researcher' for zmadalane
2026-02-16 10:24:26,167 - oracle_user_sync_modern - INFO - [handle_group_memberships:1241] - 👥 Added membership: zmadalane -> Administration (Researcher)
2026-02-16 10:24:26,170 - oracle_user_sync_modern - INFO - [process_single_user:1027] - 🔄 Updated user MMADIBA: party:  -> None
2026-02-16 10:24:26,170 - oracle_user_sync_modern - INFO - [handle_group_memberships:1199] - 📝 Using generic staff role for unmapped position 'Language Practitioner: Tshivenda' for mmadiba
2026-02-16 10:24:26,170 - oracle_user_sync_modern - INFO - [handle_group_memberships:1210] - 🔍 Unmapped position detected: 'Language Practitioner: Tshivenda' - consider adding to role mapping
2026-02-16 10:24:26,174 - oracle_user_sync_modern - INFO - [process_single_user:1027] - 🔄 Updated user ZMADIKIZA: party:  -> None
2026-02-16 10:24:26,174 - oracle_user_sync_modern - INFO - [handle_group_memberships:1199] - 📝 Using generic staff role for unmapped position 'Technician' for zmadikiza
2026-02-16 10:24:26,178 - oracle_user_sync_modern - INFO - [process_single_user:1027] - 🔄 Updated user DMADLALA: party:  -> None
2026-02-16 10:24:26,178 - oracle_user_sync_modern - INFO - [handle_group_memberships:1193] - 🎯 Mapped position 'Researcher' to specific role 'Researcher' for dmadlala
2026-02-16 10:24:26,180 - oracle_user_sync_modern - INFO - [handle_group_memberships:1241] - 👥 Added membership: dmadlala -> Administration (Researcher)
2026-02-16 10:24:26,185 - oracle_user_sync_modern - INFO - [process_single_user:1027] - 🔄 Updated user TMADLALA: party:  -> None
2026-02-16 10:24:26,185 - oracle_user_sync_modern - INFO - [handle_group_memberships:1199] - 📝 Using generic staff role for unmapped position 'Public Education Specialist' for tmadlala
2026-02-16 10:24:26,185 - oracle_user_sync_modern - INFO - [handle_group_memberships:1210] - 🔍 Unmapped position detected: 'Public Education Specialist' - consider adding to role mapping
2026-02-16 10:24:26,189 - oracle_user_sync_modern - INFO - [process_single_user:1027] - 🔄 Updated user PMADLAMBA: party:  -> None
2026-02-16 10:24:26,189 - oracle_user_sync_modern - INFO - [handle_group_memberships:1199] - 📝 Using generic staff role for unmapped position 'Waitron' for pmadlamba
2026-02-16 10:24:26,192 - oracle_user_sync_modern - INFO - [process_single_user:1027] - 🔄 Updated user NMADLAVU: party:  -> None
2026-02-16 10:24:26,192 - oracle_user_sync_modern - INFO - [handle_group_memberships:1199] - 📝 Using generic staff role for unmapped position 'General Cleaner' for nmadlavu
2026-02-16 10:24:26,195 - oracle_user_sync_modern - INFO - [process_single_user:1027] - 🔄 Updated user TMADUBELA: party:  -> None
2026-02-16 10:24:26,195 - oracle_user_sync_modern - INFO - [handle_group_memberships:1199] - 📝 Using generic staff role for unmapped position 'Committee Secretary' for tmadubela
2026-02-16 10:24:26,198 - oracle_user_sync_modern - INFO - [process_single_user:1027] - 🔄 Updated user AMADUNA: party:  -> None
2026-02-16 10:24:26,198 - oracle_user_sync_modern - INFO - [handle_group_memberships:1199] - 📝 Using generic staff role for unmapped position 'Travel Co-ordinator' for amaduna
2026-02-16 10:24:26,198 - oracle_user_sync_modern - INFO - [handle_group_memberships:1210] - 🔍 Unmapped position detected: 'Travel Co-ordinator' - consider adding to role mapping
2026-02-16 10:24:26,205 - oracle_user_sync_modern - INFO - [process_single_user:1027] - 🔄 Updated user PMABIJA: party:  -> None
2026-02-16 10:24:26,205 - oracle_user_sync_modern - INFO - [handle_group_memberships:1199] - 📝 Using generic staff role for unmapped position 'Secretary: Section Manager: Procurement' for pmabija
2026-02-16 10:24:26,205 - oracle_user_sync_modern - INFO - [handle_group_memberships:1210] - 🔍 Unmapped position detected: 'Secretary: Section Manager: Procurement' - consider adding to role mapping
2026-02-16 10:24:26,208 - oracle_user_sync_modern - INFO - [process_single_user:1027] - 🔄 Updated user LMAFULAKO: party:  -> None
2026-02-16 10:24:26,208 - oracle_user_sync_modern - INFO - [handle_group_memberships:1199] - 📝 Using generic staff role for unmapped position 'Senior Language Practitioner: Setswana' for lmafulako
2026-02-16 10:24:26,208 - oracle_user_sync_modern - INFO - [handle_group_memberships:1210] - 🔍 Unmapped position detected: 'Senior Language Practitioner: Setswana' - consider adding to role mapping
2026-02-16 10:24:26,212 - oracle_user_sync_modern - INFO - [process_single_user:1027] - 🔄 Updated user BMAFUYA: party:  -> None
2026-02-16 10:24:26,212 - oracle_user_sync_modern - INFO - [handle_group_memberships:1199] - 📝 Using generic staff role for unmapped position 'Public Relations Specialist' for bmafuya
2026-02-16 10:24:26,212 - oracle_user_sync_modern - INFO - [handle_group_memberships:1210] - 🔍 Unmapped position detected: 'Public Relations Specialist' - consider adding to role mapping
2026-02-16 10:24:26,215 - oracle_user_sync_modern - INFO - [process_single_user:1027] - 🔄 Updated user VMAGADANA: party:  -> None
2026-02-16 10:24:26,215 - oracle_user_sync_modern - INFO - [handle_group_memberships:1199] - 📝 Using generic staff role for unmapped position 'Executive Secretary: Committee Chairperson' for vmagadana
2026-02-16 10:24:26,216 - oracle_user_sync_modern - INFO - [sync_users_and_groups:811] - 🔄 Processing batch 7/16 (100 users)
2026-02-16 10:24:26,218 - oracle_user_sync_modern - INFO - [process_single_user:1027] - 🔄 Updated user PMAGAGULA: party:  -> None
2026-02-16 10:24:26,218 - oracle_user_sync_modern - INFO - [handle_group_memberships:1193] - 🎯 Mapped position 'Protection Officer' to specific role 'Protection Officer' for pmagagula
2026-02-16 10:24:26,221 - oracle_user_sync_modern - INFO - [handle_group_memberships:1241] - 👥 Added membership: pmagagula -> Administration (Protection Officer)
2026-02-16 10:24:26,223 - oracle_user_sync_modern - INFO - [process_single_user:1027] - 🔄 Updated user SMAGAGULA: party:  -> None
2026-02-16 10:24:26,223 - oracle_user_sync_modern - INFO - [handle_group_memberships:1199] - 📝 Using generic staff role for unmapped position 'Content Advisor' for smagagula
2026-02-16 10:24:26,228 - oracle_user_sync_modern - INFO - [process_single_user:1027] - 🔄 Updated user NMAGANLAL: party:  -> None
2026-02-16 10:24:26,228 - oracle_user_sync_modern - INFO - [handle_group_memberships:1199] - 📝 Using generic staff role for unmapped position 'Broadcasting Specialist' for nmaganlal
2026-02-16 10:24:26,228 - oracle_user_sync_modern - INFO - [handle_group_memberships:1210] - 🔍 Unmapped position detected: 'Broadcasting Specialist' - consider adding to role mapping
2026-02-16 10:24:26,231 - oracle_user_sync_modern - INFO - [process_single_user:1027] - 🔄 Updated user DMAGARA: party:  -> None
2026-02-16 10:24:26,231 - oracle_user_sync_modern - INFO - [handle_group_memberships:1199] - 📝 Using generic staff role for unmapped position 'Bartender' for dmagara
2026-02-16 10:24:26,231 - oracle_user_sync_modern - INFO - [handle_group_memberships:1210] - 🔍 Unmapped position detected: 'Bartender' - consider adding to role mapping
2026-02-16 10:24:26,234 - oracle_user_sync_modern - INFO - [process_single_user:1027] - 🔄 Updated user NOMAGAZI: party:  -> None
2026-02-16 10:24:26,234 - oracle_user_sync_modern - INFO - [handle_group_memberships:1193] - 🎯 Mapped position 'Researcher' to specific role 'Researcher' for nomagazi
2026-02-16 10:24:26,237 - oracle_user_sync_modern - INFO - [handle_group_memberships:1241] - 👥 Added membership: nomagazi -> Administration (Researcher)
2026-02-16 10:24:26,240 - oracle_user_sync_modern - INFO - [process_single_user:1027] - 🔄 Updated user BMAGELE: party:  -> None
2026-02-16 10:24:26,240 - oracle_user_sync_modern - INFO - [handle_group_memberships:1193] - 🎯 Mapped position 'Protection Officer' to specific role 'Protection Officer' for bmagele
2026-02-16 10:24:26,242 - oracle_user_sync_modern - INFO - [handle_group_memberships:1241] - 👥 Added membership: bmagele -> Administration (Protection Officer)
2026-02-16 10:24:26,245 - oracle_user_sync_modern - INFO - [process_single_user:1027] - 🔄 Updated user SMAGQAZANA: party:  -> None
2026-02-16 10:24:26,245 - oracle_user_sync_modern - INFO - [handle_group_memberships:1199] - 📝 Using generic staff role for unmapped position 'General Cleaner' for smagqazana
2026-02-16 10:24:26,248 - oracle_user_sync_modern - INFO - [process_single_user:1027] - 🔄 Updated user SMAGQOGQO: party:  -> None
2026-02-16 10:24:26,248 - oracle_user_sync_modern - INFO - [handle_group_memberships:1199] - 📝 Using generic staff role for unmapped position 'General Cleaner' for smagqogqo
2026-02-16 10:24:26,251 - oracle_user_sync_modern - INFO - [process_single_user:1027] - 🔄 Updated user NMAGUBANE: party:  -> None
2026-02-16 10:24:26,251 - oracle_user_sync_modern - INFO - [handle_group_memberships:1199] - 📝 Using generic staff role for unmapped position 'Committee Assistant' for nmagubane
2026-02-16 10:24:26,254 - oracle_user_sync_modern - INFO - [process_single_user:1027] - 🔄 Updated user LMAGWA: party:  -> None
2026-02-16 10:24:26,254 - oracle_user_sync_modern - INFO - [handle_group_memberships:1199] - 📝 Using generic staff role for unmapped position 'Driver' for lmagwa
2026-02-16 10:24:26,257 - oracle_user_sync_modern - INFO - [process_single_user:1027] - 🔄 Updated user MMAGWAGWA: party:  -> None
2026-02-16 10:24:26,257 - oracle_user_sync_modern - INFO - [handle_group_memberships:1199] - 📝 Using generic staff role for unmapped position 'Media Co-ordinator' for mmagwagwa
2026-02-16 10:24:26,260 - oracle_user_sync_modern - INFO - [process_single_user:1027] - 🔄 Updated user TMAHAMBA: party:  -> None
2026-02-16 10:24:26,261 - oracle_user_sync_modern - INFO - [handle_group_memberships:1199] - 📝 Using generic staff role for unmapped position 'Maintenance Assistant' for tmahamba
2026-02-16 10:24:26,264 - oracle_user_sync_modern - INFO - [process_single_user:1027] - 🔄 Updated user FMAHANI: party:  -> None
2026-02-16 10:24:26,264 - oracle_user_sync_modern - INFO - [handle_group_memberships:1199] - 📝 Using generic staff role for unmapped position 'Maintenance Assistant' for fmahani
2026-02-16 10:24:26,267 - oracle_user_sync_modern - INFO - [process_single_user:1027] - 🔄 Updated user HMAHATE: party:  -> None
2026-02-16 10:24:26,267 - oracle_user_sync_modern - INFO - [handle_group_memberships:1199] - 📝 Using generic staff role for unmapped position 'Sign Language Practitioner' for hmahate
2026-02-16 10:24:26,267 - oracle_user_sync_modern - INFO - [handle_group_memberships:1210] - 🔍 Unmapped position detected: 'Sign Language Practitioner' - consider adding to role mapping
2026-02-16 10:24:26,270 - oracle_user_sync_modern - INFO - [process_single_user:1027] - 🔄 Updated user JOMAHLANGU: party:  -> None
2026-02-16 10:24:26,270 - oracle_user_sync_modern - INFO - [handle_group_memberships:1199] - 📝 Using generic staff role for unmapped position 'Language Practitioner: Isindebele' for jomahlangu
2026-02-16 10:24:26,270 - oracle_user_sync_modern - INFO - [handle_group_memberships:1210] - 🔍 Unmapped position detected: 'Language Practitioner: Isindebele' - consider adding to role mapping
2026-02-16 10:24:26,274 - oracle_user_sync_modern - INFO - [process_single_user:1027] - 🔄 Updated user SMAHLANGU: party:  -> None
2026-02-16 10:24:26,274 - oracle_user_sync_modern - INFO - [handle_group_memberships:1193] - 🎯 Mapped position 'Protection Officer' to specific role 'Protection Officer' for smahlangu
2026-02-16 10:24:26,276 - oracle_user_sync_modern - INFO - [handle_group_memberships:1241] - 👥 Added membership: smahlangu -> Administration (Protection Officer)
2026-02-16 10:24:26,280 - oracle_user_sync_modern - INFO - [process_single_user:1027] - 🔄 Updated user XMAHLANGU: party:  -> None
2026-02-16 10:24:26,280 - oracle_user_sync_modern - INFO - [handle_group_memberships:1193] - 🎯 Mapped position 'Network Administrator' to specific role 'Network Administrator' for xmahlangu
2026-02-16 10:24:26,282 - oracle_user_sync_modern - INFO - [handle_group_memberships:1241] - 👥 Added membership: xmahlangu -> Administration (Network Administrator)
2026-02-16 10:24:26,286 - oracle_user_sync_modern - INFO - [process_single_user:1027] - 🔄 Updated user ZMAHLANGU: party:  -> None
2026-02-16 10:24:26,286 - oracle_user_sync_modern - INFO - [handle_group_memberships:1199] - 📝 Using generic staff role for unmapped position 'Unit Manager: Safety, Health and Environment' for zmahlangu
2026-02-16 10:24:26,286 - oracle_user_sync_modern - INFO - [handle_group_memberships:1210] - 🔍 Unmapped position detected: 'Unit Manager: Safety, Health and Environment' - consider adding to role mapping
2026-02-16 10:24:26,289 - oracle_user_sync_modern - INFO - [process_single_user:1027] - 🔄 Updated user LMAHLASELA: party:  -> None
2026-02-16 10:24:26,289 - oracle_user_sync_modern - INFO - [handle_group_memberships:1193] - 🎯 Mapped position 'Researcher' to specific role 'Researcher' for lmahlasela
2026-02-16 10:24:26,291 - oracle_user_sync_modern - INFO - [handle_group_memberships:1241] - 👥 Added membership: lmahlasela -> Administration (Researcher)
2026-02-16 10:24:26,294 - oracle_user_sync_modern - INFO - [process_single_user:1027] - 🔄 Updated user PMAHLASELA: party:  -> None
2026-02-16 10:24:26,294 - oracle_user_sync_modern - INFO - [handle_group_memberships:1199] - 📝 Using generic staff role for unmapped position 'Public Education Practitioner' for pmahlasela
2026-02-16 10:24:26,297 - oracle_user_sync_modern - INFO - [process_single_user:1027] - 🔄 Updated user PMAHLATHI: party:  -> None
2026-02-16 10:24:26,297 - oracle_user_sync_modern - INFO - [handle_group_memberships:1199] - 📝 Using generic staff role for unmapped position 'Committee Assistant' for pmahlathi
2026-02-16 10:24:26,303 - oracle_user_sync_modern - INFO - [process_single_user:1027] - 🔄 Updated user ARIGALA: party:  -> None
2026-02-16 10:24:26,303 - oracle_user_sync_modern - INFO - [handle_group_memberships:1199] - 📝 Using generic staff role for unmapped position 'General Cleaner' for arigala
2026-02-16 10:24:26,307 - oracle_user_sync_modern - INFO - [process_single_user:1027] - 🔄 Updated user LMAILA: party:  -> None
2026-02-16 10:24:26,307 - oracle_user_sync_modern - INFO - [handle_group_memberships:1199] - 📝 Using generic staff role for unmapped position 'Executive Secretary: Committee Chairperson' for lmaila
2026-02-16 10:24:26,313 - oracle_user_sync_modern - INFO - [process_single_user:1027] - 🔄 Updated user VMAJALAMBA: party:  -> None
2026-02-16 10:24:26,313 - oracle_user_sync_modern - INFO - [handle_group_memberships:1199] - 📝 Using generic staff role for unmapped position 'Committee Secretary' for vmajalamba
2026-02-16 10:24:26,316 - oracle_user_sync_modern - INFO - [process_single_user:1027] - 🔄 Updated user FMAJIJA: party:  -> None
2026-02-16 10:24:26,317 - oracle_user_sync_modern - INFO - [handle_group_memberships:1199] - 📝 Using generic staff role for unmapped position 'Maintenance Assistant' for fmajija
2026-02-16 10:24:26,321 - oracle_user_sync_modern - INFO - [process_single_user:1027] - 🔄 Updated user JAMAJOZI: party:  -> None
2026-02-16 10:24:26,321 - oracle_user_sync_modern - INFO - [handle_group_memberships:1199] - 📝 Using generic staff role for unmapped position 'Principal Communication Officer' for jamajozi
2026-02-16 10:24:26,325 - oracle_user_sync_modern - INFO - [process_single_user:1027] - 🔄 Updated user LMAKABA: party:  -> None
2026-02-16 10:24:26,325 - oracle_user_sync_modern - INFO - [handle_group_memberships:1199] - 📝 Using generic staff role for unmapped position 'Members Facilities Officer' for lmakaba
2026-02-16 10:24:26,328 - oracle_user_sync_modern - INFO - [process_single_user:1027] - 🔄 Updated user LMAKAMBA: party:  -> None
2026-02-16 10:24:26,328 - oracle_user_sync_modern - INFO - [handle_group_memberships:1199] - 📝 Using generic staff role for unmapped position 'Division Manager: Core Business Support' for lmakamba
2026-02-16 10:24:26,328 - oracle_user_sync_modern - INFO - [handle_group_memberships:1210] - 🔍 Unmapped position detected: 'Division Manager: Core Business Support' - consider adding to role mapping
2026-02-16 10:24:26,332 - oracle_user_sync_modern - INFO - [process_single_user:1027] - 🔄 Updated user SMAKANA: party:  -> None
2026-02-16 10:24:26,332 - oracle_user_sync_modern - INFO - [handle_group_memberships:1199] - 📝 Using generic staff role for unmapped position 'Control: Chamber Support Officer' for smakana
2026-02-16 10:24:26,336 - oracle_user_sync_modern - INFO - [process_single_user:1027] - 🔄 Updated user SMAKELENI: party:  -> None
2026-02-16 10:24:26,336 - oracle_user_sync_modern - INFO - [handle_group_memberships:1199] - 📝 Using generic staff role for unmapped position 'Committee Assistant' for smakeleni
2026-02-16 10:24:26,341 - oracle_user_sync_modern - INFO - [process_single_user:1027] - 🔄 Updated user MMAKGOLANE: party:  -> None
2026-02-16 10:24:26,341 - oracle_user_sync_modern - INFO - [handle_group_memberships:1193] - 🎯 Mapped position 'Executive Assistant' to specific role 'Executive Assistant' for mmakgolane
2026-02-16 10:24:26,344 - oracle_user_sync_modern - INFO - [handle_group_memberships:1241] - 👥 Added membership: mmakgolane -> Administration (Executive Assistant)
2026-02-16 10:24:26,346 - oracle_user_sync_modern - INFO - [process_single_user:1027] - 🔄 Updated user MMAKHADO: party:  -> None
2026-02-16 10:24:26,346 - oracle_user_sync_modern - INFO - [handle_group_memberships:1199] - 📝 Using generic staff role for unmapped position 'Language Practitioner: Tshivenda' for mmakhado
2026-02-16 10:24:26,350 - oracle_user_sync_modern - INFO - [process_single_user:1027] - 🔄 Updated user PMAKHANYA: party:  -> None
2026-02-16 10:24:26,350 - oracle_user_sync_modern - INFO - [handle_group_memberships:1193] - 🎯 Mapped position 'Protection Officer' to specific role 'Protection Officer' for pmakhanya
2026-02-16 10:24:26,352 - oracle_user_sync_modern - INFO - [handle_group_memberships:1241] - 👥 Added membership: pmakhanya -> Administration (Protection Officer)
2026-02-16 10:24:26,355 - oracle_user_sync_modern - INFO - [process_single_user:1027] - 🔄 Updated user TMAKHANYA: party:  -> None
2026-02-16 10:24:26,355 - oracle_user_sync_modern - INFO - [handle_group_memberships:1199] - 📝 Using generic staff role for unmapped position 'Chamber Assistant' for tmakhanya
2026-02-16 10:24:26,358 - oracle_user_sync_modern - INFO - [process_single_user:1027] - 🔄 Updated user TMAKHANYE: party:  -> None
2026-02-16 10:24:26,358 - oracle_user_sync_modern - INFO - [handle_group_memberships:1193] - 🎯 Mapped position 'Researcher' to specific role 'Researcher' for tmakhanye
2026-02-16 10:24:26,360 - oracle_user_sync_modern - INFO - [handle_group_memberships:1241] - 👥 Added membership: tmakhanye -> Administration (Researcher)
2026-02-16 10:24:26,363 - oracle_user_sync_modern - INFO - [process_single_user:1027] - 🔄 Updated user YMAKHASI: party:  -> None
2026-02-16 10:24:26,363 - oracle_user_sync_modern - INFO - [handle_group_memberships:1199] - 📝 Using generic staff role for unmapped position 'Executive Director: Legislative Support Programme' for ymakhasi
2026-02-16 10:24:26,363 - oracle_user_sync_modern - INFO - [handle_group_memberships:1210] - 🔍 Unmapped position detected: 'Executive Director: Legislative Support Programme' - consider adding to role mapping
2026-02-16 10:24:26,367 - oracle_user_sync_modern - INFO - [process_single_user:1027] - 🔄 Updated user GMAKHOBELA-KANYINDA: party:  -> None
2026-02-16 10:24:26,367 - oracle_user_sync_modern - INFO - [handle_group_memberships:1199] - 📝 Using generic staff role for unmapped position 'Language Practitioner: Sepedi' for gmakhobela-kanyinda
2026-02-16 10:24:26,370 - oracle_user_sync_modern - INFO - [process_single_user:1027] - 🔄 Updated user LMAKHOHLISO: party:  -> None
2026-02-16 10:24:26,370 - oracle_user_sync_modern - INFO - [handle_group_memberships:1199] - 📝 Using generic staff role for unmapped position 'Editing Assistant: Questions' for lmakhohliso
2026-02-16 10:24:26,370 - oracle_user_sync_modern - INFO - [handle_group_memberships:1210] - 🔍 Unmapped position detected: 'Editing Assistant: Questions' - consider adding to role mapping
2026-02-16 10:24:26,375 - oracle_user_sync_modern - INFO - [process_single_user:1027] - 🔄 Updated user BMAKOFANE: party:  -> None
2026-02-16 10:24:26,375 - oracle_user_sync_modern - INFO - [handle_group_memberships:1193] - 🎯 Mapped position 'Protection Officer' to specific role 'Protection Officer' for bmakofane
2026-02-16 10:24:26,378 - oracle_user_sync_modern - INFO - [handle_group_memberships:1241] - 👥 Added membership: bmakofane -> Administration (Protection Officer)
2026-02-16 10:24:26,380 - oracle_user_sync_modern - INFO - [process_single_user:1027] - 🔄 Updated user VMAKUBALO: party:  -> None
2026-02-16 10:24:26,381 - oracle_user_sync_modern - INFO - [handle_group_memberships:1199] - 📝 Using generic staff role for unmapped position 'Committee Assistant' for vmakubalo
2026-02-16 10:24:26,384 - oracle_user_sync_modern - INFO - [process_single_user:1027] - 🔄 Updated user FMALAKA: party:  -> None
2026-02-16 10:24:26,384 - oracle_user_sync_modern - INFO - [handle_group_memberships:1199] - 📝 Using generic staff role for unmapped position 'Manager: Security Services' for fmalaka
2026-02-16 10:24:26,384 - oracle_user_sync_modern - INFO - [handle_group_memberships:1210] - 🔍 Unmapped position detected: 'Manager: Security Services' - consider adding to role mapping
2026-02-16 10:24:26,387 - oracle_user_sync_modern - INFO - [process_single_user:1027] - 🔄 Updated user TMALAMBA: party:  -> None
2026-02-16 10:24:26,387 - oracle_user_sync_modern - INFO - [handle_group_memberships:1199] - 📝 Using generic staff role for unmapped position 'General Cleaner' for tmalamba
2026-02-16 10:24:26,390 - oracle_user_sync_modern - INFO - [process_single_user:1027] - 🔄 Updated user VMALAMBA: party:  -> None
2026-02-16 10:24:26,390 - oracle_user_sync_modern - INFO - [handle_group_memberships:1199] - 📝 Using generic staff role for unmapped position 'Events & Admin Controller' for vmalamba
2026-02-16 10:24:26,390 - oracle_user_sync_modern - INFO - [handle_group_memberships:1210] - 🔍 Unmapped position detected: 'Events & Admin Controller' - consider adding to role mapping
2026-02-16 10:24:26,394 - oracle_user_sync_modern - INFO - [process_single_user:1027] - 🔄 Updated user AMALEBYE: party:  -> None
2026-02-16 10:24:26,394 - oracle_user_sync_modern - INFO - [handle_group_memberships:1199] - 📝 Using generic staff role for unmapped position 'Finance Technician' for amalebye
2026-02-16 10:24:26,397 - oracle_user_sync_modern - INFO - [process_single_user:1027] - 🔄 Updated user CMALEDU: party:  -> None
2026-02-16 10:24:26,397 - oracle_user_sync_modern - INFO - [handle_group_memberships:1199] - 📝 Using generic staff role for unmapped position 'Committee Assistant' for cmaledu
2026-02-16 10:24:26,400 - oracle_user_sync_modern - INFO - [process_single_user:1027] - 🔄 Updated user TMALEEME: party:  -> None
2026-02-16 10:24:26,400 - oracle_user_sync_modern - INFO - [handle_group_memberships:1199] - 📝 Using generic staff role for unmapped position 'Deputy Serjeant-At-Arms' for tmaleeme
2026-02-16 10:24:26,400 - oracle_user_sync_modern - INFO - [handle_group_memberships:1210] - 🔍 Unmapped position detected: 'Deputy Serjeant-At-Arms' - consider adding to role mapping
2026-02-16 10:24:26,403 - oracle_user_sync_modern - INFO - [process_single_user:1027] - 🔄 Updated user MMALEFANE: party:  -> None
2026-02-16 10:24:26,403 - oracle_user_sync_modern - INFO - [handle_group_memberships:1199] - 📝 Using generic staff role for unmapped position 'Language Practitioner: Sesotho' for mmalefane
2026-02-16 10:24:26,406 - oracle_user_sync_modern - INFO - [process_single_user:1027] - 🔄 Updated user BMALEFO: party:  -> None
2026-02-16 10:24:26,407 - oracle_user_sync_modern - INFO - [handle_group_memberships:1199] - 📝 Using generic staff role for unmapped position 'Chef' for bmalefo
2026-02-16 10:24:26,410 - oracle_user_sync_modern - INFO - [process_single_user:1027] - 🔄 Updated user MMALEKA: party:  -> None
2026-02-16 10:24:26,410 - oracle_user_sync_modern - INFO - [handle_group_memberships:1199] - 📝 Using generic staff role for unmapped position 'Content Advisor' for mmaleka
2026-02-16 10:24:26,415 - oracle_user_sync_modern - INFO - [process_single_user:1027] - 🔄 Updated user SMALI: party:  -> None
2026-02-16 10:24:26,415 - oracle_user_sync_modern - INFO - [handle_group_memberships:1199] - 📝 Using generic staff role for unmapped position 'Secretary' for smali
2026-02-16 10:24:26,424 - oracle_user_sync_modern - INFO - [process_single_user:1027] - 🔄 Updated user IMALINGA: party:  -> None
2026-02-16 10:24:26,424 - oracle_user_sync_modern - INFO - [handle_group_memberships:1199] - 📝 Using generic staff role for unmapped position 'Language Practitioner: Siswati' for imalinga
2026-02-16 10:24:26,424 - oracle_user_sync_modern - INFO - [handle_group_memberships:1210] - 🔍 Unmapped position detected: 'Language Practitioner: Siswati' - consider adding to role mapping
2026-02-16 10:24:26,429 - oracle_user_sync_modern - INFO - [process_single_user:1027] - 🔄 Updated user MMALULEKE: party:  -> None
2026-02-16 10:24:26,429 - oracle_user_sync_modern - INFO - [handle_group_memberships:1199] - 📝 Using generic staff role for unmapped position 'Language Practitioner: Xitsonga' for mmaluleke
2026-02-16 10:24:26,433 - oracle_user_sync_modern - INFO - [process_single_user:1027] - 🔄 Updated user KMAMABOLO: party:  -> None
2026-02-16 10:24:26,433 - oracle_user_sync_modern - INFO - [handle_group_memberships:1199] - 📝 Using generic staff role for unmapped position 'Analyst [Economics]' for kmamabolo
2026-02-16 10:24:26,433 - oracle_user_sync_modern - INFO - [handle_group_memberships:1210] - 🔍 Unmapped position detected: 'Analyst [Economics]' - consider adding to role mapping
2026-02-16 10:24:26,439 - oracle_user_sync_modern - INFO - [process_single_user:1027] - 🔄 Updated user YMANAKAZA: party:  -> None
2026-02-16 10:24:26,439 - oracle_user_sync_modern - INFO - [handle_group_memberships:1199] - 📝 Using generic staff role for unmapped position 'Committee Assistant' for ymanakaza
2026-02-16 10:24:26,442 - oracle_user_sync_modern - INFO - [process_single_user:1027] - 🔄 Updated user AMANAMELA: party:  -> None
2026-02-16 10:24:26,442 - oracle_user_sync_modern - INFO - [handle_group_memberships:1193] - 🎯 Mapped position 'Researcher' to specific role 'Researcher' for amanamela
2026-02-16 10:24:26,444 - oracle_user_sync_modern - INFO - [handle_group_memberships:1241] - 👥 Added membership: amanamela -> Administration (Researcher)
2026-02-16 10:24:26,448 - oracle_user_sync_modern - INFO - [process_single_user:1027] - 🔄 Updated user NMANDABA: party:  -> None
2026-02-16 10:24:26,448 - oracle_user_sync_modern - INFO - [handle_group_memberships:1199] - 📝 Using generic staff role for unmapped position 'Financial Services Controller' for nmandaba
2026-02-16 10:24:26,452 - oracle_user_sync_modern - INFO - [process_single_user:1027] - 🔄 Updated user DMANDLAZI: party:  -> None
2026-02-16 10:24:26,452 - oracle_user_sync_modern - INFO - [handle_group_memberships:1199] - 📝 Using generic staff role for unmapped position 'Travel Officer' for dmandlazi
2026-02-16 10:24:26,452 - oracle_user_sync_modern - INFO - [handle_group_memberships:1210] - 🔍 Unmapped position detected: 'Travel Officer' - consider adding to role mapping
2026-02-16 10:24:26,455 - oracle_user_sync_modern - INFO - [process_single_user:1027] - 🔄 Updated user TMMANELE: party:  -> None
2026-02-16 10:24:26,456 - oracle_user_sync_modern - INFO - [handle_group_memberships:1199] - 📝 Using generic staff role for unmapped position 'Committee Secretary' for tmmanele
2026-02-16 10:24:26,460 - oracle_user_sync_modern - INFO - [process_single_user:1027] - 🔄 Updated user TMANENZHE: party:  -> None
2026-02-16 10:24:26,460 - oracle_user_sync_modern - INFO - [handle_group_memberships:1199] - 📝 Using generic staff role for unmapped position 'Content Advisor' for tmanenzhe
2026-02-16 10:24:26,463 - oracle_user_sync_modern - INFO - [process_single_user:1027] - 🔄 Updated user CMANGANYI: party:  -> None
2026-02-16 10:24:26,463 - oracle_user_sync_modern - INFO - [handle_group_memberships:1199] - 📝 Using generic staff role for unmapped position 'Office Manager: JSCI' for cmanganyi
2026-02-16 10:24:26,463 - oracle_user_sync_modern - INFO - [handle_group_memberships:1210] - 🔍 Unmapped position detected: 'Office Manager: JSCI' - consider adding to role mapping
2026-02-16 10:24:26,466 - oracle_user_sync_modern - INFO - [process_single_user:1027] - 🔄 Updated user NMANGWENI: party:  -> None
2026-02-16 10:24:26,466 - oracle_user_sync_modern - INFO - [handle_group_memberships:1199] - 📝 Using generic staff role for unmapped position 'Committee Secretary' for nmangweni
2026-02-16 10:24:26,470 - oracle_user_sync_modern - INFO - [process_single_user:1027] - 🔄 Updated user SHMANIE: party:  -> None
2026-02-16 10:24:26,470 - oracle_user_sync_modern - INFO - [handle_group_memberships:1199] - 📝 Using generic staff role for unmapped position 'Service Officer' for shmanie
2026-02-16 10:24:26,473 - oracle_user_sync_modern - INFO - [process_single_user:1027] - 🔄 Updated user CMANJEZI: party:  -> None
2026-02-16 10:24:26,473 - oracle_user_sync_modern - INFO - [handle_group_memberships:1199] - 📝 Using generic staff role for unmapped position 'Maintenance Assistant' for cmanjezi
2026-02-16 10:24:26,476 - oracle_user_sync_modern - INFO - [process_single_user:1027] - 🔄 Updated user NMANJEZI: party:  -> None
2026-02-16 10:24:26,476 - oracle_user_sync_modern - INFO - [handle_group_memberships:1199] - 📝 Using generic staff role for unmapped position 'Procedural Officer: House Plenaries' for nmanjezi
2026-02-16 10:24:26,479 - oracle_user_sync_modern - INFO - [process_single_user:1027] - 🔄 Updated user GMANKAY: party:  -> None
2026-02-16 10:24:26,479 - oracle_user_sync_modern - INFO - [handle_group_memberships:1199] - 📝 Using generic staff role for unmapped position 'Committee Assistant' for gmankay
2026-02-16 10:24:26,483 - oracle_user_sync_modern - INFO - [process_single_user:1027] - 🔄 Updated user CPMANUELS: party:  -> None
2026-02-16 10:24:26,483 - oracle_user_sync_modern - INFO - [handle_group_memberships:1199] - 📝 Using generic staff role for unmapped position 'Learning and Development Practitioner' for cpmanuels
2026-02-16 10:24:26,483 - oracle_user_sync_modern - INFO - [handle_group_memberships:1210] - 🔍 Unmapped position detected: 'Learning and Development Practitioner' - consider adding to role mapping
2026-02-16 10:24:26,486 - oracle_user_sync_modern - INFO - [process_single_user:1027] - 🔄 Updated user TMANUNGUFALA: party:  -> None
2026-02-16 10:24:26,486 - oracle_user_sync_modern - INFO - [handle_group_memberships:1199] - 📝 Using generic staff role for unmapped position 'Content Advisor' for tmanungufala
2026-02-16 10:24:26,489 - oracle_user_sync_modern - INFO - [process_single_user:1027] - 🔄 Updated user JMANYANGI: party:  -> None
2026-02-16 10:24:26,490 - oracle_user_sync_modern - INFO - [handle_group_memberships:1199] - 📝 Using generic staff role for unmapped position 'Procedural Adviser' for jmanyangi
2026-02-16 10:24:26,490 - oracle_user_sync_modern - INFO - [handle_group_memberships:1210] - 🔍 Unmapped position detected: 'Procedural Adviser' - consider adding to role mapping
2026-02-16 10:24:26,495 - oracle_user_sync_modern - INFO - [process_single_user:1027] - 🔄 Updated user NMAPELA: party:  -> None
2026-02-16 10:24:26,495 - oracle_user_sync_modern - INFO - [handle_group_memberships:1199] - 📝 Using generic staff role for unmapped position 'Executive Secretary: Committee Chairperson' for nmapela
2026-02-16 10:24:26,498 - oracle_user_sync_modern - INFO - [process_single_user:1027] - 🔄 Updated user EMAPFUMARI: party:  -> None
2026-02-16 10:24:26,498 - oracle_user_sync_modern - INFO - [handle_group_memberships:1199] - 📝 Using generic staff role for unmapped position 'Language Practitioner: Xitsonga' for emapfumari
2026-02-16 10:24:26,502 - oracle_user_sync_modern - INFO - [process_single_user:1027] - 🔄 Updated user MMAPHANGWA: party:  -> None
2026-02-16 10:24:26,502 - oracle_user_sync_modern - INFO - [handle_group_memberships:1199] - 📝 Using generic staff role for unmapped position 'Analyst (Finance)' for mmaphangwa
2026-02-16 10:24:26,502 - oracle_user_sync_modern - INFO - [handle_group_memberships:1210] - 🔍 Unmapped position detected: 'Analyst (Finance)' - consider adding to role mapping
2026-02-16 10:24:26,505 - oracle_user_sync_modern - INFO - [process_single_user:1027] - 🔄 Updated user LMAPISA: party:  -> None
2026-02-16 10:24:26,505 - oracle_user_sync_modern - INFO - [handle_group_memberships:1199] - 📝 Using generic staff role for unmapped position 'General Cleaner' for lmapisa
2026-02-16 10:24:26,509 - oracle_user_sync_modern - INFO - [process_single_user:1027] - 🔄 Updated user MMAPONYA: party:  -> None
2026-02-16 10:24:26,509 - oracle_user_sync_modern - INFO - [handle_group_memberships:1199] - 📝 Using generic staff role for unmapped position 'Administrative Assistant: PDO' for mmaponya
2026-02-16 10:24:26,509 - oracle_user_sync_modern - INFO - [handle_group_memberships:1210] - 🔍 Unmapped position detected: 'Administrative Assistant: PDO' - consider adding to role mapping
2026-02-16 10:24:26,512 - oracle_user_sync_modern - INFO - [process_single_user:1027] - 🔄 Updated user SMAPUTI: party:  -> None
2026-02-16 10:24:26,512 - oracle_user_sync_modern - INFO - [handle_group_memberships:1199] - 📝 Using generic staff role for unmapped position 'Principal Communication Officer' for smaputi
2026-02-16 10:24:26,516 - oracle_user_sync_modern - INFO - [process_single_user:1027] - 🔄 Updated user VMAQHASHA: party:  -> None
2026-02-16 10:24:26,516 - oracle_user_sync_modern - INFO - [handle_group_memberships:1199] - 📝 Using generic staff role for unmapped position 'Administrative Officer: Documentation Technical Services' for vmaqhasha
2026-02-16 10:24:26,516 - oracle_user_sync_modern - INFO - [handle_group_memberships:1210] - 🔍 Unmapped position detected: 'Administrative Officer: Documentation Technical Services' - consider adding to role mapping
2026-02-16 10:24:26,519 - oracle_user_sync_modern - INFO - [process_single_user:1027] - 🔄 Updated user MMAQONA: party:  -> None
2026-02-16 10:24:26,519 - oracle_user_sync_modern - INFO - [handle_group_memberships:1193] - 🎯 Mapped position 'Protection Officer' to specific role 'Protection Officer' for mmaqona
2026-02-16 10:24:26,521 - oracle_user_sync_modern - INFO - [handle_group_memberships:1241] - 👥 Added membership: mmaqona -> Administration (Protection Officer)
2026-02-16 10:24:26,522 - oracle_user_sync_modern - INFO - [sync_users_and_groups:811] - 🔄 Processing batch 8/16 (100 users)
2026-02-16 10:24:26,528 - oracle_user_sync_modern - INFO - [process_single_user:1027] - 🔄 Updated user NMARLIE: party:  -> None
2026-02-16 10:24:26,528 - oracle_user_sync_modern - INFO - [handle_group_memberships:1199] - 📝 Using generic staff role for unmapped position 'Creditors Clerk' for nmarlie
2026-02-16 10:24:26,531 - oracle_user_sync_modern - INFO - [process_single_user:1027] - 🔄 Updated user AMARS: party:  -> None
2026-02-16 10:24:26,531 - oracle_user_sync_modern - INFO - [handle_group_memberships:1199] - 📝 Using generic staff role for unmapped position 'Chamber Support Officer' for amars
2026-02-16 10:24:26,534 - oracle_user_sync_modern - INFO - [process_single_user:1027] - 🔄 Updated user DMARTIN: party:  -> None
2026-02-16 10:24:26,534 - oracle_user_sync_modern - INFO - [handle_group_memberships:1199] - 📝 Using generic staff role for unmapped position 'Secretary' for dmartin
2026-02-16 10:24:26,537 - oracle_user_sync_modern - INFO - [process_single_user:1027] - 🔄 Updated user TMARUBELELA: party:  -> None
2026-02-16 10:24:26,537 - oracle_user_sync_modern - INFO - [handle_group_memberships:1199] - 📝 Using generic staff role for unmapped position 'Executive Secretary: Committee Chairperson' for tmarubelela
2026-02-16 10:24:26,542 - oracle_user_sync_modern - INFO - [process_single_user:1027] - 🔄 Updated user BMASERAME: party:  -> None
2026-02-16 10:24:26,543 - oracle_user_sync_modern - INFO - [handle_group_memberships:1199] - 📝 Using generic staff role for unmapped position 'Operator Support Personnel' for bmaserame
2026-02-16 10:24:26,547 - oracle_user_sync_modern - INFO - [process_single_user:1027] - 🔄 Updated user BMASHEGO: party:  -> None
2026-02-16 10:24:26,547 - oracle_user_sync_modern - INFO - [handle_group_memberships:1199] - 📝 Using generic staff role for unmapped position 'Senior Language Practitioner: Sepedi' for bmashego
2026-02-16 10:24:26,547 - oracle_user_sync_modern - INFO - [handle_group_memberships:1210] - 🔍 Unmapped position detected: 'Senior Language Practitioner: Sepedi' - consider adding to role mapping
2026-02-16 10:24:26,550 - oracle_user_sync_modern - INFO - [process_single_user:1027] - 🔄 Updated user SMASHIGO: party:  -> None
2026-02-16 10:24:26,550 - oracle_user_sync_modern - INFO - [handle_group_memberships:1199] - 📝 Using generic staff role for unmapped position 'Built Environment Advisor' for smashigo
2026-02-16 10:24:26,550 - oracle_user_sync_modern - INFO - [handle_group_memberships:1210] - 🔍 Unmapped position detected: 'Built Environment Advisor' - consider adding to role mapping
2026-02-16 10:24:26,553 - oracle_user_sync_modern - INFO - [process_single_user:1027] - 🔄 Updated user BMASHIKA: party:  -> None
2026-02-16 10:24:26,553 - oracle_user_sync_modern - INFO - [handle_group_memberships:1199] - 📝 Using generic staff role for unmapped position 'Division Manager: Strategy and Governance' for bmashika
2026-02-16 10:24:26,553 - oracle_user_sync_modern - INFO - [handle_group_memberships:1210] - 🔍 Unmapped position detected: 'Division Manager: Strategy and Governance' - consider adding to role mapping
2026-02-16 10:24:26,557 - oracle_user_sync_modern - INFO - [process_single_user:1027] - 🔄 Updated user AMASHININI: party:  -> None
2026-02-16 10:24:26,557 - oracle_user_sync_modern - INFO - [handle_group_memberships:1199] - 📝 Using generic staff role for unmapped position 'Language Practitioner: Siswati' for amashinini
2026-02-16 10:24:26,560 - oracle_user_sync_modern - INFO - [process_single_user:1027] - 🔄 Updated user MMASHIQA: party:  -> None
2026-02-16 10:24:26,560 - oracle_user_sync_modern - INFO - [handle_group_memberships:1199] - 📝 Using generic staff role for unmapped position 'Maintenance Assistant' for mmashiqa
2026-02-16 10:24:26,563 - oracle_user_sync_modern - INFO - [process_single_user:1027] - 🔄 Updated user PMASHIYI: party:  -> None
2026-02-16 10:24:26,563 - oracle_user_sync_modern - INFO - [handle_group_memberships:1199] - 📝 Using generic staff role for unmapped position 'Language Practitioner: IsiXhosa' for pmashiyi
2026-02-16 10:24:26,567 - oracle_user_sync_modern - INFO - [process_single_user:1027] - 🔄 Updated user NMASILELA: party:  -> None
2026-02-16 10:24:26,567 - oracle_user_sync_modern - INFO - [handle_group_memberships:1199] - 📝 Using generic staff role for unmapped position 'Visitor Programme Administrator' for nmasilela
2026-02-16 10:24:26,567 - oracle_user_sync_modern - INFO - [handle_group_memberships:1210] - 🔍 Unmapped position detected: 'Visitor Programme Administrator' - consider adding to role mapping
2026-02-16 10:24:26,570 - oracle_user_sync_modern - INFO - [process_single_user:1027] - 🔄 Updated user NMASIMULA: party:  -> None
2026-02-16 10:24:26,570 - oracle_user_sync_modern - INFO - [handle_group_memberships:1199] - 📝 Using generic staff role for unmapped position 'Senior Language Practitioner: IsiNdebele' for nmasimula
2026-02-16 10:24:26,570 - oracle_user_sync_modern - INFO - [handle_group_memberships:1210] - 🔍 Unmapped position detected: 'Senior Language Practitioner: IsiNdebele' - consider adding to role mapping
2026-02-16 10:24:26,574 - oracle_user_sync_modern - INFO - [process_single_user:1027] - 🔄 Updated user MBAM: party:  -> None
2026-02-16 10:24:26,574 - oracle_user_sync_modern - INFO - [handle_group_memberships:1199] - 📝 Using generic staff role for unmapped position 'Secretary: UnderSecretary: NCOP' for mbam
2026-02-16 10:24:26,574 - oracle_user_sync_modern - INFO - [handle_group_memberships:1210] - 🔍 Unmapped position detected: 'Secretary: UnderSecretary: NCOP' - consider adding to role mapping
2026-02-16 10:24:26,578 - oracle_user_sync_modern - INFO - [process_single_user:1027] - 🔄 Updated user VMASINGI: party:  -> None
2026-02-16 10:24:26,578 - oracle_user_sync_modern - INFO - [handle_group_memberships:1199] - 📝 Using generic staff role for unmapped position 'Internal Audit Supervisor' for vmasingi
2026-02-16 10:24:26,578 - oracle_user_sync_modern - INFO - [handle_group_memberships:1210] - 🔍 Unmapped position detected: 'Internal Audit Supervisor' - consider adding to role mapping
2026-02-16 10:24:26,581 - oracle_user_sync_modern - INFO - [process_single_user:1027] - 🔄 Updated user PMASIZA: party:  -> None
2026-02-16 10:24:26,581 - oracle_user_sync_modern - INFO - [handle_group_memberships:1199] - 📝 Using generic staff role for unmapped position 'Members Facilities Officer' for pmasiza
2026-02-16 10:24:26,584 - oracle_user_sync_modern - INFO - [process_single_user:1027] - 🔄 Updated user EMASOET: party:  -> None
2026-02-16 10:24:26,584 - oracle_user_sync_modern - INFO - [handle_group_memberships:1199] - 📝 Using generic staff role for unmapped position 'Service Officer' for emasoet
2026-02-16 10:24:26,588 - oracle_user_sync_modern - INFO - [process_single_user:1027] - 🔄 Updated user MMASOET: party:  -> None
2026-02-16 10:24:26,588 - oracle_user_sync_modern - INFO - [handle_group_memberships:1199] - 📝 Using generic staff role for unmapped position 'Library Assistant' for mmasoet
2026-02-16 10:24:26,591 - oracle_user_sync_modern - INFO - [process_single_user:1027] - 🔄 Updated user IMASTERS: party:  -> None
2026-02-16 10:24:26,591 - oracle_user_sync_modern - INFO - [handle_group_memberships:1199] - 📝 Using generic staff role for unmapped position 'Document Officer' for imasters
2026-02-16 10:24:26,595 - oracle_user_sync_modern - INFO - [process_single_user:1027] - 🔄 Updated user MMASUTHA: party:  -> None
2026-02-16 10:24:26,595 - oracle_user_sync_modern - INFO - [handle_group_memberships:1193] - 🎯 Mapped position 'Researcher' to specific role 'Researcher' for mmasutha
2026-02-16 10:24:26,597 - oracle_user_sync_modern - INFO - [handle_group_memberships:1241] - 👥 Added membership: mmasutha -> Administration (Researcher)
2026-02-16 10:24:26,601 - oracle_user_sync_modern - INFO - [process_single_user:1027] - 🔄 Updated user BMATAITSANE: party:  -> None
2026-02-16 10:24:26,602 - oracle_user_sync_modern - INFO - [handle_group_memberships:1199] - 📝 Using generic staff role for unmapped position 'HRIS Officer' for bmataitsane
2026-02-16 10:24:26,602 - oracle_user_sync_modern - INFO - [handle_group_memberships:1210] - 🔍 Unmapped position detected: 'HRIS Officer' - consider adding to role mapping
2026-02-16 10:24:26,605 - oracle_user_sync_modern - INFO - [process_single_user:1027] - 🔄 Updated user GMATAKANE: party:  -> None
2026-02-16 10:24:26,605 - oracle_user_sync_modern - INFO - [handle_group_memberships:1199] - 📝 Using generic staff role for unmapped position 'Procedural Officer: Questions' for gmatakane
2026-02-16 10:24:26,605 - oracle_user_sync_modern - INFO - [handle_group_memberships:1210] - 🔍 Unmapped position detected: 'Procedural Officer: Questions' - consider adding to role mapping
2026-02-16 10:24:26,608 - oracle_user_sync_modern - INFO - [process_single_user:1027] - 🔄 Updated user YMATEBE: party:  -> None
2026-02-16 10:24:26,608 - oracle_user_sync_modern - INFO - [handle_group_memberships:1199] - 📝 Using generic staff role for unmapped position 'General Cleaner' for ymatebe
2026-02-16 10:24:26,611 - oracle_user_sync_modern - INFO - [process_single_user:1027] - 🔄 Updated user MMATHABATHE: party:  -> None
2026-02-16 10:24:26,611 - oracle_user_sync_modern - INFO - [handle_group_memberships:1199] - 📝 Using generic staff role for unmapped position 'Content Advisor' for mmathabathe
2026-02-16 10:24:26,615 - oracle_user_sync_modern - INFO - [process_single_user:1027] - 🔄 Updated user SMATHEBULA: party:  -> None
2026-02-16 10:24:26,615 - oracle_user_sync_modern - INFO - [handle_group_memberships:1199] - 📝 Using generic staff role for unmapped position 'Language Practitioner: Siswati' for smathebula
2026-02-16 10:24:26,618 - oracle_user_sync_modern - INFO - [process_single_user:1027] - 🔄 Updated user TMATHEBULA: party:  -> None
2026-02-16 10:24:26,618 - oracle_user_sync_modern - INFO - [handle_group_memberships:1199] - 📝 Using generic staff role for unmapped position 'Senior Document Officer' for tmathebula
2026-02-16 10:24:26,621 - oracle_user_sync_modern - INFO - [process_single_user:1027] - 🔄 Updated user BMATHEY: party:  -> None
2026-02-16 10:24:26,622 - oracle_user_sync_modern - INFO - [handle_group_memberships:1199] - 📝 Using generic staff role for unmapped position 'Language Practitioner: Afrikaans' for bmathey
2026-02-16 10:24:26,625 - oracle_user_sync_modern - INFO - [process_single_user:1027] - 🔄 Updated user VMATHITI: party:  -> None
2026-02-16 10:24:26,625 - oracle_user_sync_modern - INFO - [handle_group_memberships:1199] - 📝 Using generic staff role for unmapped position 'Talent Manager' for vmathiti
2026-02-16 10:24:26,625 - oracle_user_sync_modern - INFO - [handle_group_memberships:1210] - 🔍 Unmapped position detected: 'Talent Manager' - consider adding to role mapping
2026-02-16 10:24:26,628 - oracle_user_sync_modern - INFO - [process_single_user:1027] - 🔄 Updated user EMATHONSI: party:  -> None
2026-02-16 10:24:26,628 - oracle_user_sync_modern - INFO - [handle_group_memberships:1199] - 📝 Using generic staff role for unmapped position 'Committee Secretary' for emathonsi
2026-02-16 10:24:26,633 - oracle_user_sync_modern - INFO - [process_single_user:1027] - 🔄 Updated user SMATHYE: party:  -> None
2026-02-16 10:24:26,633 - oracle_user_sync_modern - INFO - [handle_group_memberships:1199] - 📝 Using generic staff role for unmapped position 'Unit Manager: Financial Processing' for smathye
2026-02-16 10:24:26,633 - oracle_user_sync_modern - INFO - [handle_group_memberships:1210] - 🔍 Unmapped position detected: 'Unit Manager: Financial Processing' - consider adding to role mapping
2026-02-16 10:24:26,639 - oracle_user_sync_modern - INFO - [process_single_user:1027] - 🔄 Updated user NJOBODWANA: party:  -> None
2026-02-16 10:24:26,639 - oracle_user_sync_modern - INFO - [handle_group_memberships:1199] - 📝 Using generic staff role for unmapped position 'Committee Secretary' for njobodwana
2026-02-16 10:24:26,643 - oracle_user_sync_modern - INFO - [process_single_user:1027] - 🔄 Updated user MDMATLALA: party:  -> None
2026-02-16 10:24:26,643 - oracle_user_sync_modern - INFO - [handle_group_memberships:1199] - 📝 Using generic staff role for unmapped position 'Language Practitioner: Sepedi' for mdmatlala
2026-02-16 10:24:26,646 - oracle_user_sync_modern - INFO - [process_single_user:1027] - 🔄 Updated user MMATLAWE: party:  -> None
2026-02-16 10:24:26,646 - oracle_user_sync_modern - INFO - [handle_group_memberships:1193] - 🎯 Mapped position 'Protection Officer' to specific role 'Protection Officer' for mmatlawe
2026-02-16 10:24:26,648 - oracle_user_sync_modern - INFO - [handle_group_memberships:1241] - 👥 Added membership: mmatlawe -> Administration (Protection Officer)
2026-02-16 10:24:26,652 - oracle_user_sync_modern - INFO - [process_single_user:1027] - 🔄 Updated user MMATLOU: party:  -> None
2026-02-16 10:24:26,652 - oracle_user_sync_modern - INFO - [handle_group_memberships:1199] - 📝 Using generic staff role for unmapped position 'Liaison & Communication Assistant' for mmatlou
2026-02-16 10:24:26,652 - oracle_user_sync_modern - INFO - [handle_group_memberships:1210] - 🔍 Unmapped position detected: 'Liaison & Communication Assistant' - consider adding to role mapping
2026-02-16 10:24:26,655 - oracle_user_sync_modern - INFO - [process_single_user:1027] - 🔄 Updated user NMATODZI: party:  -> None
2026-02-16 10:24:26,655 - oracle_user_sync_modern - INFO - [handle_group_memberships:1199] - 📝 Using generic staff role for unmapped position 'Language Practitioner: Tshivenda' for nmatodzi
2026-02-16 10:24:26,659 - oracle_user_sync_modern - INFO - [process_single_user:1027] - 🔄 Updated user AMATTHEWS: party:  -> None
2026-02-16 10:24:26,659 - oracle_user_sync_modern - INFO - [handle_group_memberships:1199] - 📝 Using generic staff role for unmapped position 'Librarian' for amatthews
2026-02-16 10:24:26,663 - oracle_user_sync_modern - INFO - [process_single_user:1027] - 🔄 Updated user TMATTHEWS: party:  -> None
2026-02-16 10:24:26,663 - oracle_user_sync_modern - INFO - [handle_group_memberships:1193] - 🎯 Mapped position 'Researcher' to specific role 'Researcher' for tmatthews
2026-02-16 10:24:26,665 - oracle_user_sync_modern - INFO - [handle_group_memberships:1241] - 👥 Added membership: tmatthews -> Administration (Researcher)
2026-02-16 10:24:26,668 - oracle_user_sync_modern - INFO - [process_single_user:1027] - 🔄 Updated user WMATTHEWS: party:  -> None
2026-02-16 10:24:26,668 - oracle_user_sync_modern - INFO - [handle_group_memberships:1199] - 📝 Using generic staff role for unmapped position 'Chamber Assistant' for wmatthews
2026-02-16 10:24:26,671 - oracle_user_sync_modern - INFO - [process_single_user:1027] - 🔄 Updated user AMATUTU: party:  -> None
2026-02-16 10:24:26,671 - oracle_user_sync_modern - INFO - [handle_group_memberships:1193] - 🎯 Mapped position 'Researcher' to specific role 'Researcher' for amatutu
2026-02-16 10:24:26,673 - oracle_user_sync_modern - INFO - [handle_group_memberships:1241] - 👥 Added membership: amatutu -> Administration (Researcher)
2026-02-16 10:24:26,677 - oracle_user_sync_modern - INFO - [process_single_user:1027] - 🔄 Updated user MMAUBANE: party:  -> None
2026-02-16 10:24:26,677 - oracle_user_sync_modern - INFO - [handle_group_memberships:1199] - 📝 Using generic staff role for unmapped position 'Committee Secretary' for mmaubane
2026-02-16 10:24:26,680 - oracle_user_sync_modern - INFO - [process_single_user:1027] - 🔄 Updated user SMAVUSO: party:  -> None
2026-02-16 10:24:26,681 - oracle_user_sync_modern - INFO - [handle_group_memberships:1199] - 📝 Using generic staff role for unmapped position 'Language Practitioner: Siswati' for smavuso
2026-02-16 10:24:26,684 - oracle_user_sync_modern - INFO - [process_single_user:1027] - 🔄 Updated user HMAXHAM: party:  -> None
2026-02-16 10:24:26,684 - oracle_user_sync_modern - INFO - [handle_group_memberships:1193] - 🎯 Mapped position 'Personal Assistant' to specific role 'Personal Assistant' for hmaxham
2026-02-16 10:24:26,686 - oracle_user_sync_modern - INFO - [handle_group_memberships:1241] - 👥 Added membership: hmaxham -> Administration (Personal Assistant)
2026-02-16 10:24:26,689 - oracle_user_sync_modern - INFO - [process_single_user:1027] - 🔄 Updated user NMAXHEGWANA: party:  -> None
2026-02-16 10:24:26,689 - oracle_user_sync_modern - INFO - [handle_group_memberships:1199] - 📝 Using generic staff role for unmapped position 'Committee Secretary' for nmaxhegwana
2026-02-16 10:24:26,692 - oracle_user_sync_modern - INFO - [process_single_user:1027] - 🔄 Updated user NMAY-GAYIZA: party:  -> None
2026-02-16 10:24:26,692 - oracle_user_sync_modern - INFO - [handle_group_memberships:1193] - 🎯 Mapped position 'Protection Officer' to specific role 'Protection Officer' for nmay-gayiza
2026-02-16 10:24:26,694 - oracle_user_sync_modern - INFO - [handle_group_memberships:1241] - 👥 Added membership: nmay-gayiza -> Administration (Protection Officer)
2026-02-16 10:24:26,697 - oracle_user_sync_modern - INFO - [process_single_user:1027] - 🔄 Updated user FMAYANJA: party:  -> None
2026-02-16 10:24:26,697 - oracle_user_sync_modern - INFO - [handle_group_memberships:1199] - 📝 Using generic staff role for unmapped position 'Librarian' for fmayanja
2026-02-16 10:24:26,700 - oracle_user_sync_modern - INFO - [process_single_user:1027] - 🔄 Updated user ZMAZIBUKO: party:  -> None
2026-02-16 10:24:26,700 - oracle_user_sync_modern - INFO - [handle_group_memberships:1199] - 📝 Using generic staff role for unmapped position 'Executive Secretary' for zmazibuko
2026-02-16 10:24:26,705 - oracle_user_sync_modern - INFO - [process_single_user:1027] - 🔄 Updated user TMBADLANYANA: party:  -> None
2026-02-16 10:24:26,705 - oracle_user_sync_modern - INFO - [handle_group_memberships:1199] - 📝 Using generic staff role for unmapped position 'Executive Personal Assistant' for tmbadlanyana
2026-02-16 10:24:26,705 - oracle_user_sync_modern - INFO - [handle_group_memberships:1210] - 🔍 Unmapped position detected: 'Executive Personal Assistant' - consider adding to role mapping
2026-02-16 10:24:26,708 - oracle_user_sync_modern - INFO - [process_single_user:1027] - 🔄 Updated user MMBANA: party:  -> None
2026-02-16 10:24:26,708 - oracle_user_sync_modern - INFO - [handle_group_memberships:1193] - 🎯 Mapped position 'Protection Officer' to specific role 'Protection Officer' for mmbana
2026-02-16 10:24:26,710 - oracle_user_sync_modern - INFO - [handle_group_memberships:1241] - 👥 Added membership: mmbana -> Administration (Protection Officer)
2026-02-16 10:24:26,713 - oracle_user_sync_modern - INFO - [process_single_user:1027] - 🔄 Updated user MAMBATHA: party:  -> None
2026-02-16 10:24:26,713 - oracle_user_sync_modern - INFO - [handle_group_memberships:1199] - 📝 Using generic staff role for unmapped position 'Executive Director: Office of the Chairperson: NCOP' for mambatha
2026-02-16 10:24:26,713 - oracle_user_sync_modern - INFO - [handle_group_memberships:1210] - 🔍 Unmapped position detected: 'Executive Director: Office of the Chairperson: NCOP' - consider adding to role mapping
2026-02-16 10:24:26,718 - oracle_user_sync_modern - INFO - [process_single_user:1027] - 🔄 Updated user TMBATHA: party:  -> None
2026-02-16 10:24:26,718 - oracle_user_sync_modern - INFO - [handle_group_memberships:1199] - 📝 Using generic staff role for unmapped position 'Chief Editor' for tmbatha
2026-02-16 10:24:26,718 - oracle_user_sync_modern - INFO - [handle_group_memberships:1210] - 🔍 Unmapped position detected: 'Chief Editor' - consider adding to role mapping
2026-02-16 10:24:26,721 - oracle_user_sync_modern - INFO - [process_single_user:1027] - 🔄 Updated user MMBEBE: party:  -> None
2026-02-16 10:24:26,721 - oracle_user_sync_modern - INFO - [handle_group_memberships:1199] - 📝 Using generic staff role for unmapped position 'Procedural Officer: NCOP' for mmbebe
2026-02-16 10:24:26,724 - oracle_user_sync_modern - INFO - [process_single_user:1027] - 🔄 Updated user SMBEDLA: party:  -> None
2026-02-16 10:24:26,724 - oracle_user_sync_modern - INFO - [handle_group_memberships:1199] - 📝 Using generic staff role for unmapped position 'General Cleaner' for smbedla
2026-02-16 10:24:26,728 - oracle_user_sync_modern - INFO - [process_single_user:1027] - 🔄 Updated user NMBELEKANE: party:  -> None
2026-02-16 10:24:26,728 - oracle_user_sync_modern - INFO - [handle_group_memberships:1193] - 🎯 Mapped position 'Researcher' to specific role 'Researcher' for nmbelekane
2026-02-16 10:24:26,731 - oracle_user_sync_modern - INFO - [handle_group_memberships:1241] - 👥 Added membership: nmbelekane -> Administration (Researcher)
2026-02-16 10:24:26,733 - oracle_user_sync_modern - INFO - [process_single_user:1027] - 🔄 Updated user KMBENENGE: party:  -> None
2026-02-16 10:24:26,733 - oracle_user_sync_modern - INFO - [handle_group_memberships:1199] - 📝 Using generic staff role for unmapped position 'Internal Auditor' for kmbenenge
2026-02-16 10:24:26,736 - oracle_user_sync_modern - INFO - [process_single_user:1027] - 🔄 Updated user BMBENGO: party:  -> None
2026-02-16 10:24:26,737 - oracle_user_sync_modern - INFO - [handle_group_memberships:1199] - 📝 Using generic staff role for unmapped position 'Committee Secretary' for bmbengo
2026-02-16 10:24:26,740 - oracle_user_sync_modern - INFO - [process_single_user:1027] - 🔄 Updated user NMBETE: party:  -> None
2026-02-16 10:24:26,740 - oracle_user_sync_modern - INFO - [handle_group_memberships:1199] - 📝 Using generic staff role for unmapped position 'Proceedings Indexer' for nmbete
2026-02-16 10:24:26,740 - oracle_user_sync_modern - INFO - [handle_group_memberships:1210] - 🔍 Unmapped position detected: 'Proceedings Indexer' - consider adding to role mapping
2026-02-16 10:24:26,743 - oracle_user_sync_modern - INFO - [process_single_user:1027] - 🔄 Updated user LMBHELE: party:  -> None
2026-02-16 10:24:26,743 - oracle_user_sync_modern - INFO - [handle_group_memberships:1199] - 📝 Using generic staff role for unmapped position 'Editor' for lmbhele
2026-02-16 10:24:26,743 - oracle_user_sync_modern - INFO - [handle_group_memberships:1210] - 🔍 Unmapped position detected: 'Editor' - consider adding to role mapping
2026-02-16 10:24:26,747 - oracle_user_sync_modern - INFO - [process_single_user:1027] - 🔄 Updated user SMBIE: party:  -> None
2026-02-16 10:24:26,747 - oracle_user_sync_modern - INFO - [handle_group_memberships:1199] - 📝 Using generic staff role for unmapped position 'Executive Secretary' for smbie
2026-02-16 10:24:26,751 - oracle_user_sync_modern - INFO - [process_single_user:1027] - 🔄 Updated user NMBIKO: party:  -> None
2026-02-16 10:24:26,752 - oracle_user_sync_modern - INFO - [handle_group_memberships:1193] - 🎯 Mapped position 'Administrative Officer' to specific role 'Administrative Officer' for nmbiko
2026-02-16 10:24:26,754 - oracle_user_sync_modern - INFO - [handle_group_memberships:1241] - 👥 Added membership: nmbiko -> Administration (Administrative Officer)
2026-02-16 10:24:26,757 - oracle_user_sync_modern - INFO - [process_single_user:1027] - 🔄 Updated user ZMBILINI: party:  -> None
2026-02-16 10:24:26,757 - oracle_user_sync_modern - INFO - [handle_group_memberships:1199] - 📝 Using generic staff role for unmapped position 'Librarian' for zmbilini
2026-02-16 10:24:26,761 - oracle_user_sync_modern - INFO - [process_single_user:1027] - 🔄 Updated user NMBONDA: party:  -> None
2026-02-16 10:24:26,761 - oracle_user_sync_modern - INFO - [handle_group_memberships:1199] - 📝 Using generic staff role for unmapped position 'Operator Support Personnel' for nmbonda
2026-02-16 10:24:26,764 - oracle_user_sync_modern - INFO - [process_single_user:1027] - 🔄 Updated user VMBOTO: party:  -> None
2026-02-16 10:24:26,764 - oracle_user_sync_modern - INFO - [handle_group_memberships:1199] - 📝 Using generic staff role for unmapped position 'Executive Secretary: Chief Whip NCOP' for vmboto
2026-02-16 10:24:26,764 - oracle_user_sync_modern - INFO - [handle_group_memberships:1210] - 🔍 Unmapped position detected: 'Executive Secretary: Chief Whip NCOP' - consider adding to role mapping
2026-02-16 10:24:26,767 - oracle_user_sync_modern - INFO - [process_single_user:1027] - 🔄 Updated user PMBUDE-MUTSHEKWANE: party:  -> None
2026-02-16 10:24:26,767 - oracle_user_sync_modern - INFO - [handle_group_memberships:1199] - 📝 Using generic staff role for unmapped position 'Content Advisor' for pmbude-mutshekwane
2026-02-16 10:24:26,771 - oracle_user_sync_modern - INFO - [process_single_user:1027] - 🔄 Updated user VMBUQE: party:  -> None
2026-02-16 10:24:26,771 - oracle_user_sync_modern - INFO - [handle_group_memberships:1199] - 📝 Using generic staff role for unmapped position 'General Cleaner' for vmbuqe
2026-02-16 10:24:26,775 - oracle_user_sync_modern - INFO - [process_single_user:1027] - 🔄 Updated user JMCKAY: party:  -> None
2026-02-16 10:24:26,775 - oracle_user_sync_modern - INFO - [handle_group_memberships:1199] - 📝 Using generic staff role for unmapped position 'SHE Compliance Officer' for jmckay
2026-02-16 10:24:26,775 - oracle_user_sync_modern - INFO - [handle_group_memberships:1210] - 🔍 Unmapped position detected: 'SHE Compliance Officer' - consider adding to role mapping
2026-02-16 10:24:26,778 - oracle_user_sync_modern - INFO - [process_single_user:1027] - 🔄 Updated user TMCGIVERN: party:  -> None
2026-02-16 10:24:26,778 - oracle_user_sync_modern - INFO - [handle_group_memberships:1199] - 📝 Using generic staff role for unmapped position 'Parliamentary Legal Adviser' for tmcgivern
2026-02-16 10:24:26,783 - oracle_user_sync_modern - INFO - [process_single_user:1027] - 🔄 Updated user HMCGREGOR: party:  -> None
2026-02-16 10:24:26,783 - oracle_user_sync_modern - INFO - [handle_group_memberships:1199] - 📝 Using generic staff role for unmapped position 'Head: Treasury Advice' for hmcgregor
2026-02-16 10:24:26,783 - oracle_user_sync_modern - INFO - [handle_group_memberships:1210] - 🔍 Unmapped position detected: 'Head: Treasury Advice' - consider adding to role mapping
2026-02-16 10:24:26,786 - oracle_user_sync_modern - INFO - [process_single_user:1027] - 🔄 Updated user DMCNEIL: party:  -> None
2026-02-16 10:24:26,786 - oracle_user_sync_modern - INFO - [handle_group_memberships:1199] - 📝 Using generic staff role for unmapped position 'Chamber Support Officer' for dmcneil
2026-02-16 10:24:26,792 - oracle_user_sync_modern - INFO - [process_single_user:1027] - 🔄 Updated user CMCLANE: party:  -> None
2026-02-16 10:24:26,792 - oracle_user_sync_modern - INFO - [handle_group_memberships:1199] - 📝 Using generic staff role for unmapped position 'Cashier' for cmclane
2026-02-16 10:24:26,795 - oracle_user_sync_modern - INFO - [process_single_user:1027] - 🔄 Updated user AMDINGI: party:  -> None
2026-02-16 10:24:26,795 - oracle_user_sync_modern - INFO - [handle_group_memberships:1199] - 📝 Using generic staff role for unmapped position 'General Cleaner' for amdingi
2026-02-16 10:24:26,798 - oracle_user_sync_modern - INFO - [process_single_user:1027] - 🔄 Updated user AMMDLALO: party:  -> None
2026-02-16 10:24:26,799 - oracle_user_sync_modern - INFO - [handle_group_memberships:1199] - 📝 Using generic staff role for unmapped position 'Waitron' for ammdlalo
2026-02-16 10:24:26,802 - oracle_user_sync_modern - INFO - [process_single_user:1027] - 🔄 Updated user AMDLALO: party:  -> None
2026-02-16 10:24:26,802 - oracle_user_sync_modern - INFO - [handle_group_memberships:1199] - 📝 Using generic staff role for unmapped position 'Administrative Assistant' for amdlalo
2026-02-16 10:24:26,806 - oracle_user_sync_modern - INFO - [process_single_user:1027] - 🔄 Updated user MMDOVU: party:  -> None
2026-02-16 10:24:26,806 - oracle_user_sync_modern - INFO - [handle_group_memberships:1199] - 📝 Using generic staff role for unmapped position 'Waitron' for mmdovu
2026-02-16 10:24:26,810 - oracle_user_sync_modern - INFO - [process_single_user:1027] - 🔄 Updated user AMDUDU: party:  -> None
2026-02-16 10:24:26,810 - oracle_user_sync_modern - INFO - [handle_group_memberships:1199] - 📝 Using generic staff role for unmapped position 'Librarian' for amdudu
2026-02-16 10:24:26,811 - oracle_user_sync_modern - INFO - [sync_users_and_groups:811] - 🔄 Processing batch 9/16 (100 users)
2026-02-16 10:24:26,814 - oracle_user_sync_modern - INFO - [process_single_user:1027] - 🔄 Updated user KMDUDU: party:  -> None
2026-02-16 10:24:26,814 - oracle_user_sync_modern - INFO - [handle_group_memberships:1199] - 📝 Using generic staff role for unmapped position 'Maintenance Assistant' for kmdudu
2026-02-16 10:24:26,817 - oracle_user_sync_modern - INFO - [process_single_user:1027] - 🔄 Updated user FMHLANGA: party:  -> None
2026-02-16 10:24:26,818 - oracle_user_sync_modern - INFO - [handle_group_memberships:1199] - 📝 Using generic staff role for unmapped position 'Members Support Services Consultant' for fmhlanga
2026-02-16 10:24:26,818 - oracle_user_sync_modern - INFO - [handle_group_memberships:1210] - 🔍 Unmapped position detected: 'Members Support Services Consultant' - consider adding to role mapping
2026-02-16 10:24:26,821 - oracle_user_sync_modern - INFO - [process_single_user:1027] - 🔄 Updated user OMDUTYANA: party:  -> None
2026-02-16 10:24:26,821 - oracle_user_sync_modern - INFO - [handle_group_memberships:1199] - 📝 Using generic staff role for unmapped position 'Demand & Costing Specialist' for omdutyana
2026-02-16 10:24:26,821 - oracle_user_sync_modern - INFO - [handle_group_memberships:1210] - 🔍 Unmapped position detected: 'Demand & Costing Specialist' - consider adding to role mapping
2026-02-16 10:24:26,825 - oracle_user_sync_modern - INFO - [process_single_user:1027] - 🔄 Updated user NMDZOYI: party:  -> None
2026-02-16 10:24:26,825 - oracle_user_sync_modern - INFO - [handle_group_memberships:1199] - 📝 Using generic staff role for unmapped position 'Employee Wellness Co-ordinator' for nmdzoyi
2026-02-16 10:24:26,825 - oracle_user_sync_modern - INFO - [handle_group_memberships:1210] - 🔍 Unmapped position detected: 'Employee Wellness Co-ordinator' - consider adding to role mapping
2026-02-16 10:24:26,830 - oracle_user_sync_modern - INFO - [process_single_user:1027] - 🔄 Updated user JMEDUPE: party:  -> None
2026-02-16 10:24:26,830 - oracle_user_sync_modern - INFO - [handle_group_memberships:1199] - 📝 Using generic staff role for unmapped position 'Content Advisor' for jmedupe
2026-02-16 10:24:26,833 - oracle_user_sync_modern - INFO - [process_single_user:1027] - 🔄 Updated user MMEKHOE: party:  -> None
2026-02-16 10:24:26,833 - oracle_user_sync_modern - INFO - [handle_group_memberships:1199] - 📝 Using generic staff role for unmapped position 'Capacity Building Co-Ordinator' for mmekhoe
2026-02-16 10:24:26,833 - oracle_user_sync_modern - INFO - [handle_group_memberships:1210] - 🔍 Unmapped position detected: 'Capacity Building Co-Ordinator' - consider adding to role mapping
2026-02-16 10:24:26,837 - oracle_user_sync_modern - INFO - [process_single_user:1027] - 🔄 Updated user NMELANE: party:  -> None
2026-02-16 10:24:26,837 - oracle_user_sync_modern - INFO - [handle_group_memberships:1199] - 📝 Using generic staff role for unmapped position 'Maintenance Assistant' for nmelane
2026-02-16 10:24:26,840 - oracle_user_sync_modern - INFO - [process_single_user:1027] - 🔄 Updated user HTMELATO: party:  -> None
2026-02-16 10:24:26,840 - oracle_user_sync_modern - INFO - [handle_group_memberships:1199] - 📝 Using generic staff role for unmapped position 'Language Practitioner: Setswana' for htmelato
2026-02-16 10:24:26,843 - oracle_user_sync_modern - INFO - [process_single_user:1027] - 🔄 Updated user VMENE: party:  -> None
2026-02-16 10:24:26,843 - oracle_user_sync_modern - INFO - [handle_group_memberships:1199] - 📝 Using generic staff role for unmapped position 'Chef' for vmene
2026-02-16 10:24:26,847 - oracle_user_sync_modern - INFO - [process_single_user:1027] - 🔄 Updated user BMENZE: party:  -> None
2026-02-16 10:24:26,847 - oracle_user_sync_modern - INFO - [handle_group_memberships:1199] - 📝 Using generic staff role for unmapped position 'Maintenance Assistant' for bmenze
2026-02-16 10:24:26,852 - oracle_user_sync_modern - INFO - [process_single_user:1027] - 🔄 Updated user AMFAXA: party:  -> None
2026-02-16 10:24:26,852 - oracle_user_sync_modern - INFO - [handle_group_memberships:1193] - 🎯 Mapped position 'Administrative Officer' to specific role 'Administrative Officer' for amfaxa
2026-02-16 10:24:26,854 - oracle_user_sync_modern - INFO - [handle_group_memberships:1241] - 👥 Added membership: amfaxa -> Administration (Administrative Officer)
2026-02-16 10:24:26,857 - oracle_user_sync_modern - INFO - [process_single_user:1027] - 🔄 Updated user BMFECANE: party:  -> None
2026-02-16 10:24:26,857 - oracle_user_sync_modern - INFO - [handle_group_memberships:1199] - 📝 Using generic staff role for unmapped position 'Executive Secretary: Committee Chairperson' for bmfecane
2026-02-16 10:24:26,860 - oracle_user_sync_modern - INFO - [process_single_user:1027] - 🔄 Updated user NMFENGU: party:  -> None
2026-02-16 10:24:26,860 - oracle_user_sync_modern - INFO - [handle_group_memberships:1199] - 📝 Using generic staff role for unmapped position 'Maintenance Assistant' for nmfengu
2026-02-16 10:24:26,863 - oracle_user_sync_modern - INFO - [process_single_user:1027] - 🔄 Updated user PMFUYO: party:  -> None
2026-02-16 10:24:26,864 - oracle_user_sync_modern - INFO - [handle_group_memberships:1199] - 📝 Using generic staff role for unmapped position 'Specialist Programming' for pmfuyo
2026-02-16 10:24:26,864 - oracle_user_sync_modern - INFO - [handle_group_memberships:1210] - 🔍 Unmapped position detected: 'Specialist Programming' - consider adding to role mapping
2026-02-16 10:24:26,878 - oracle_user_sync_modern - INFO - [process_single_user:1027] - 🔄 Updated user DMGAGA: party:  -> None
2026-02-16 10:24:26,878 - oracle_user_sync_modern - INFO - [handle_group_memberships:1199] - 📝 Using generic staff role for unmapped position 'Human Capital Executive' for dmgaga
2026-02-16 10:24:26,878 - oracle_user_sync_modern - INFO - [handle_group_memberships:1210] - 🔍 Unmapped position detected: 'Human Capital Executive' - consider adding to role mapping
2026-02-16 10:24:26,883 - oracle_user_sync_modern - INFO - [process_single_user:1027] - 🔄 Updated user SMGIBA: party:  -> None
2026-02-16 10:24:26,884 - oracle_user_sync_modern - INFO - [handle_group_memberships:1199] - 📝 Using generic staff role for unmapped position 'Language Practitioner: Xitsonga' for smgiba
2026-02-16 10:24:26,888 - oracle_user_sync_modern - INFO - [process_single_user:1027] - 🔄 Updated user MMGIDI: party:  -> None
2026-02-16 10:24:26,889 - oracle_user_sync_modern - INFO - [handle_group_memberships:1199] - 📝 Using generic staff role for unmapped position 'General Cleaner' for mmgidi
2026-02-16 10:24:26,894 - oracle_user_sync_modern - INFO - [process_single_user:1027] - 🔄 Updated user ZMGODUKA: party:  -> None
2026-02-16 10:24:26,894 - oracle_user_sync_modern - INFO - [handle_group_memberships:1199] - 📝 Using generic staff role for unmapped position 'Control Editor: Questions' for zmgoduka
2026-02-16 10:24:26,894 - oracle_user_sync_modern - INFO - [handle_group_memberships:1210] - 🔍 Unmapped position detected: 'Control Editor: Questions' - consider adding to role mapping
2026-02-16 10:24:26,899 - oracle_user_sync_modern - INFO - [process_single_user:1027] - 🔄 Updated user NMGUDLWA: party:  -> None
2026-02-16 10:24:26,899 - oracle_user_sync_modern - INFO - [handle_group_memberships:1199] - 📝 Using generic staff role for unmapped position 'Chef' for nmgudlwa
2026-02-16 10:24:26,908 - oracle_user_sync_modern - INFO - [process_single_user:1027] - 🔄 Updated user PMGUDLWA: party:  -> None
2026-02-16 10:24:26,908 - oracle_user_sync_modern - INFO - [handle_group_memberships:1199] - 📝 Using generic staff role for unmapped position 'Buyer: Supply Chain Management' for pmgudlwa
2026-02-16 10:24:26,918 - oracle_user_sync_modern - INFO - [process_single_user:1027] - 🔄 Updated user NMGWIGWI: party:  -> None
2026-02-16 10:24:26,918 - oracle_user_sync_modern - INFO - [handle_group_memberships:1199] - 📝 Using generic staff role for unmapped position 'IR, Protocol and Events Controller' for nmgwigwi
2026-02-16 10:24:26,918 - oracle_user_sync_modern - INFO - [handle_group_memberships:1210] - 🔍 Unmapped position detected: 'IR, Protocol and Events Controller' - consider adding to role mapping
2026-02-16 10:24:26,925 - oracle_user_sync_modern - INFO - [process_single_user:1027] - 🔄 Updated user XMGXAJI: party:  -> None
2026-02-16 10:24:26,925 - oracle_user_sync_modern - INFO - [handle_group_memberships:1199] - 📝 Using generic staff role for unmapped position 'Unit Manager: Committee Support' for xmgxaji
2026-02-16 10:24:26,933 - oracle_user_sync_modern - INFO - [process_single_user:1027] - 🔄 Updated user NMGXASHE: party:  -> None
2026-02-16 10:24:26,933 - oracle_user_sync_modern - INFO - [handle_group_memberships:1199] - 📝 Using generic staff role for unmapped position 'Content Advisor' for nmgxashe
2026-02-16 10:24:26,937 - oracle_user_sync_modern - INFO - [process_single_user:1027] - 🔄 Updated user SMHLAMBISO: party:  -> None
2026-02-16 10:24:26,937 - oracle_user_sync_modern - INFO - [handle_group_memberships:1199] - 📝 Using generic staff role for unmapped position 'International Relations Assistant' for smhlambiso
2026-02-16 10:24:26,941 - oracle_user_sync_modern - INFO - [process_single_user:1027] - 🔄 Updated user LMHLANA: party:  -> None
2026-02-16 10:24:26,941 - oracle_user_sync_modern - INFO - [handle_group_memberships:1199] - 📝 Using generic staff role for unmapped position 'Maintenance Assistant' for lmhlana
2026-02-16 10:24:26,945 - oracle_user_sync_modern - INFO - [process_single_user:1027] - 🔄 Updated user ZMHLANGANISO: party:  -> None
2026-02-16 10:24:26,945 - oracle_user_sync_modern - INFO - [handle_group_memberships:1199] - 📝 Using generic staff role for unmapped position 'Chamber Support Officer' for zmhlanganiso
2026-02-16 10:24:26,948 - oracle_user_sync_modern - INFO - [process_single_user:1027] - 🔄 Updated user LGXABELA: party:  -> None
2026-02-16 10:24:26,948 - oracle_user_sync_modern - INFO - [handle_group_memberships:1199] - 📝 Using generic staff role for unmapped position 'Personal Secretary' for lgxabela
2026-02-16 10:24:26,955 - oracle_user_sync_modern - INFO - [process_single_user:1027] - 🔄 Updated user JMICHAELS: party:  -> None
2026-02-16 10:24:26,955 - oracle_user_sync_modern - INFO - [handle_group_memberships:1199] - 📝 Using generic staff role for unmapped position 'Programme Officer: NCOP' for jmichaels
2026-02-16 10:24:26,955 - oracle_user_sync_modern - INFO - [handle_group_memberships:1210] - 🔍 Unmapped position detected: 'Programme Officer: NCOP' - consider adding to role mapping
2026-02-16 10:24:26,958 - oracle_user_sync_modern - INFO - [process_single_user:1027] - 🔄 Updated user RMICHAELS: party:  -> None
2026-02-16 10:24:26,958 - oracle_user_sync_modern - INFO - [handle_group_memberships:1199] - 📝 Using generic staff role for unmapped position 'Executive Secretary: Committee Chairperson' for rmichaels
2026-02-16 10:24:26,963 - oracle_user_sync_modern - INFO - [process_single_user:1027] - 🔄 Updated user JMILLER: party:  -> None
2026-02-16 10:24:26,963 - oracle_user_sync_modern - INFO - [handle_group_memberships:1199] - 📝 Using generic staff role for unmapped position 'Administrative Assistant' for jmiller
2026-02-16 10:24:26,968 - oracle_user_sync_modern - INFO - [process_single_user:1027] - 🔄 Updated user SMKALIPHI: party:  -> None
2026-02-16 10:24:26,968 - oracle_user_sync_modern - INFO - [handle_group_memberships:1199] - 📝 Using generic staff role for unmapped position 'Executive Secretary: Committee Chairperson' for smkaliphi
2026-02-16 10:24:26,972 - oracle_user_sync_modern - INFO - [process_single_user:1027] - 🔄 Updated user NMKHIZE: party:  -> None
2026-02-16 10:24:26,972 - oracle_user_sync_modern - INFO - [handle_group_memberships:1199] - 📝 Using generic staff role for unmapped position 'Committee Secretary' for nmkhize
2026-02-16 10:24:26,981 - oracle_user_sync_modern - INFO - [process_single_user:1027] - 🔄 Updated user NMKHONTO: party:  -> None
2026-02-16 10:24:26,981 - oracle_user_sync_modern - INFO - [handle_group_memberships:1199] - 📝 Using generic staff role for unmapped position 'Language Practitioner: IsiZulu' for nmkhonto
2026-02-16 10:24:26,985 - oracle_user_sync_modern - INFO - [process_single_user:1027] - 🔄 Updated user MBMKIVA: party:  -> None
2026-02-16 10:24:26,985 - oracle_user_sync_modern - INFO - [handle_group_memberships:1199] - 📝 Using generic staff role for unmapped position 'Food Preparation Assistant' for mbmkiva
2026-02-16 10:24:26,985 - oracle_user_sync_modern - INFO - [handle_group_memberships:1210] - 🔍 Unmapped position detected: 'Food Preparation Assistant' - consider adding to role mapping
2026-02-16 10:24:26,988 - oracle_user_sync_modern - INFO - [process_single_user:1027] - 🔄 Updated user MMKIVA: party:  -> None
2026-02-16 10:24:26,988 - oracle_user_sync_modern - INFO - [handle_group_memberships:1199] - 📝 Using generic staff role for unmapped position 'Service Officer' for mmkiva
2026-02-16 10:24:26,991 - oracle_user_sync_modern - INFO - [process_single_user:1027] - 🔄 Updated user TMKOKELI: party:  -> None
2026-02-16 10:24:26,991 - oracle_user_sync_modern - INFO - [handle_group_memberships:1199] - 📝 Using generic staff role for unmapped position 'Chamber Assistant' for tmkokeli
2026-02-16 10:24:26,995 - oracle_user_sync_modern - INFO - [process_single_user:1027] - 🔄 Updated user SMKOSANA: party:  -> None
2026-02-16 10:24:26,996 - oracle_user_sync_modern - INFO - [handle_group_memberships:1199] - 📝 Using generic staff role for unmapped position 'Committee Assistant' for smkosana
2026-02-16 10:24:27,002 - oracle_user_sync_modern - INFO - [process_single_user:1027] - 🔄 Updated user NMLALANDLE: party:  -> None
2026-02-16 10:24:27,002 - oracle_user_sync_modern - INFO - [handle_group_memberships:1199] - 📝 Using generic staff role for unmapped position 'Chamber Support Officer' for nmlalandle
2026-02-16 10:24:27,005 - oracle_user_sync_modern - INFO - [process_single_user:1027] - 🔄 Updated user TMLAMBO: party:  -> None
2026-02-16 10:24:27,005 - oracle_user_sync_modern - INFO - [handle_group_memberships:1199] - 📝 Using generic staff role for unmapped position 'HR Services Practitioner' for tmlambo
2026-02-16 10:24:27,008 - oracle_user_sync_modern - INFO - [process_single_user:1027] - 🔄 Updated user ZMLANJENI: party:  -> None
2026-02-16 10:24:27,008 - oracle_user_sync_modern - INFO - [handle_group_memberships:1199] - 📝 Using generic staff role for unmapped position 'General Cleaner' for zmlanjeni
2026-02-16 10:24:27,012 - oracle_user_sync_modern - INFO - [process_single_user:1027] - 🔄 Updated user WMLOKOTI: party:  -> None
2026-02-16 10:24:27,012 - oracle_user_sync_modern - INFO - [handle_group_memberships:1199] - 📝 Using generic staff role for unmapped position 'Special Advisor: Chairperson of the NCOP' for wmlokoti
2026-02-16 10:24:27,012 - oracle_user_sync_modern - INFO - [handle_group_memberships:1210] - 🔍 Unmapped position detected: 'Special Advisor: Chairperson of the NCOP' - consider adding to role mapping
2026-02-16 10:24:27,015 - oracle_user_sync_modern - INFO - [process_single_user:1027] - 🔄 Updated user NOMLONYENI: party:  -> None
2026-02-16 10:24:27,015 - oracle_user_sync_modern - INFO - [handle_group_memberships:1193] - 🎯 Mapped position 'Public Relations Officer' to specific role 'Public Relations Officer' for nomlonyeni
2026-02-16 10:24:27,018 - oracle_user_sync_modern - INFO - [handle_group_memberships:1241] - 👥 Added membership: nomlonyeni -> Administration (Public Relations Officer)
2026-02-16 10:24:27,021 - oracle_user_sync_modern - INFO - [process_single_user:1027] - 🔄 Updated user VMLOTSHWA: party:  -> None
2026-02-16 10:24:27,021 - oracle_user_sync_modern - INFO - [handle_group_memberships:1199] - 📝 Using generic staff role for unmapped position 'Language Practitioner: Isizulu' for vmlotshwa
2026-02-16 10:24:27,021 - oracle_user_sync_modern - INFO - [handle_group_memberships:1210] - 🔍 Unmapped position detected: 'Language Practitioner: Isizulu' - consider adding to role mapping
2026-02-16 10:24:27,026 - oracle_user_sync_modern - INFO - [process_single_user:1027] - 🔄 Updated user NMNANA: party:  -> None
2026-02-16 10:24:27,026 - oracle_user_sync_modern - INFO - [handle_group_memberships:1199] - 📝 Using generic staff role for unmapped position 'General Cleaner' for nmnana
2026-02-16 10:24:27,029 - oracle_user_sync_modern - INFO - [process_single_user:1027] - 🔄 Updated user VHMNANA: party:  -> None
2026-02-16 10:24:27,029 - oracle_user_sync_modern - INFO - [handle_group_memberships:1199] - 📝 Using generic staff role for unmapped position 'Procedural Adviser: NCOP' for vhmnana
2026-02-16 10:24:27,032 - oracle_user_sync_modern - INFO - [process_single_user:1027] - 🔄 Updated user BMNCWABE: party:  -> None
2026-02-16 10:24:27,032 - oracle_user_sync_modern - INFO - [handle_group_memberships:1193] - 🎯 Mapped position 'Researcher' to specific role 'Researcher' for bmncwabe
2026-02-16 10:24:27,035 - oracle_user_sync_modern - INFO - [handle_group_memberships:1241] - 👥 Added membership: bmncwabe -> Administration (Researcher)
2026-02-16 10:24:27,040 - oracle_user_sync_modern - INFO - [process_single_user:1027] - 🔄 Updated user DMNGADI: party:  -> None
2026-02-16 10:24:27,040 - oracle_user_sync_modern - INFO - [handle_group_memberships:1199] - 📝 Using generic staff role for unmapped position 'Analyst: Monitoring and Evaluation [Policies]' for dmngadi
2026-02-16 10:24:27,040 - oracle_user_sync_modern - INFO - [handle_group_memberships:1210] - 🔍 Unmapped position detected: 'Analyst: Monitoring and Evaluation [Policies]' - consider adding to role mapping
2026-02-16 10:24:27,044 - oracle_user_sync_modern - INFO - [process_single_user:1027] - 🔄 Updated user ZMNGESE: party:  -> None
2026-02-16 10:24:27,044 - oracle_user_sync_modern - INFO - [handle_group_memberships:1199] - 📝 Using generic staff role for unmapped position 'Technician' for zmngese
2026-02-16 10:24:27,047 - oracle_user_sync_modern - INFO - [process_single_user:1027] - 🔄 Updated user ZMNGUNI: party:  -> None
2026-02-16 10:24:27,047 - oracle_user_sync_modern - INFO - [handle_group_memberships:1199] - 📝 Using generic staff role for unmapped position 'Language Practitioner: Isindebele' for zmnguni
2026-02-16 10:24:27,051 - oracle_user_sync_modern - INFO - [process_single_user:1027] - 🔄 Updated user KMNGXUNYENI: party:  -> None
2026-02-16 10:24:27,051 - oracle_user_sync_modern - INFO - [handle_group_memberships:1199] - 📝 Using generic staff role for unmapped position 'General Cleaner' for kmngxunyeni
2026-02-16 10:24:27,055 - oracle_user_sync_modern - INFO - [process_single_user:1027] - 🔄 Updated user PMNISI: party:  -> None
2026-02-16 10:24:27,055 - oracle_user_sync_modern - INFO - [handle_group_memberships:1199] - 📝 Using generic staff role for unmapped position 'Fixed Assets & Inventory Controller' for pmnisi
2026-02-16 10:24:27,055 - oracle_user_sync_modern - INFO - [handle_group_memberships:1210] - 🔍 Unmapped position detected: 'Fixed Assets & Inventory Controller' - consider adding to role mapping
2026-02-16 10:24:27,058 - oracle_user_sync_modern - INFO - [process_single_user:1027] - 🔄 Updated user RMNISI: party:  -> None
2026-02-16 10:24:27,058 - oracle_user_sync_modern - INFO - [handle_group_memberships:1199] - 📝 Using generic staff role for unmapped position 'Content Advisor' for rmnisi
2026-02-16 10:24:27,061 - oracle_user_sync_modern - INFO - [process_single_user:1027] - 🔄 Updated user AMNTWINI: party:  -> None
2026-02-16 10:24:27,061 - oracle_user_sync_modern - INFO - [handle_group_memberships:1199] - 📝 Using generic staff role for unmapped position 'Maintenance Assistant' for amntwini
2026-02-16 10:24:27,064 - oracle_user_sync_modern - INFO - [process_single_user:1027] - 🔄 Updated user AMNYAMA: party:  -> None
2026-02-16 10:24:27,064 - oracle_user_sync_modern - INFO - [handle_group_memberships:1199] - 📝 Using generic staff role for unmapped position 'Driver/Messenger/Administrative Assistant: Office of the Spe' for amnyama
2026-02-16 10:24:27,064 - oracle_user_sync_modern - INFO - [handle_group_memberships:1210] - 🔍 Unmapped position detected: 'Driver/Messenger/Administrative Assistant: Office of the Spe' - consider adding to role mapping
2026-02-16 10:24:27,067 - oracle_user_sync_modern - INFO - [process_single_user:1027] - 🔄 Updated user NMNYANDU: party:  -> None
2026-02-16 10:24:27,067 - oracle_user_sync_modern - INFO - [handle_group_memberships:1193] - 🎯 Mapped position 'Business Analyst' to specific role 'Business Analyst' for nmnyandu
2026-02-16 10:24:27,070 - oracle_user_sync_modern - INFO - [handle_group_memberships:1241] - 👥 Added membership: nmnyandu -> Administration (Business Analyst)
2026-02-16 10:24:27,073 - oracle_user_sync_modern - INFO - [process_single_user:1027] - 🔄 Updated user NMNYOVU: party:  -> None
2026-02-16 10:24:27,073 - oracle_user_sync_modern - INFO - [handle_group_memberships:1199] - 📝 Using generic staff role for unmapped position 'Committee Assistant' for nmnyovu
2026-02-16 10:24:27,076 - oracle_user_sync_modern - INFO - [process_single_user:1027] - 🔄 Updated user DMOCUMI: party:  -> None
2026-02-16 10:24:27,076 - oracle_user_sync_modern - INFO - [handle_group_memberships:1199] - 📝 Using generic staff role for unmapped position 'Committee Secretary' for dmocumi
2026-02-16 10:24:27,079 - oracle_user_sync_modern - INFO - [process_single_user:1027] - 🔄 Updated user MMODIBA: party:  -> None
2026-02-16 10:24:27,079 - oracle_user_sync_modern - INFO - [handle_group_memberships:1199] - 📝 Using generic staff role for unmapped position 'Content Advisor' for mmodiba
2026-02-16 10:24:27,082 - oracle_user_sync_modern - INFO - [process_single_user:1027] - 🔄 Updated user JMODIGA: party:  -> None
2026-02-16 10:24:27,082 - oracle_user_sync_modern - INFO - [handle_group_memberships:1199] - 📝 Using generic staff role for unmapped position 'Special Advisor: Chairperson of the NCOP' for jmodiga
2026-02-16 10:24:27,087 - oracle_user_sync_modern - INFO - [process_single_user:1027] - 🔄 Updated user NMODISE: party:  -> None
2026-02-16 10:24:27,087 - oracle_user_sync_modern - INFO - [handle_group_memberships:1199] - 📝 Using generic staff role for unmapped position 'Customer Support Specialist' for nmodise
2026-02-16 10:24:27,087 - oracle_user_sync_modern - INFO - [handle_group_memberships:1210] - 🔍 Unmapped position detected: 'Customer Support Specialist' - consider adding to role mapping
2026-02-16 10:24:27,094 - oracle_user_sync_modern - INFO - [process_single_user:1027] - 🔄 Updated user PMOGOROSI: party:  -> None
2026-02-16 10:24:27,094 - oracle_user_sync_modern - INFO - [handle_group_memberships:1199] - 📝 Using generic staff role for unmapped position 'Analyst: Monitoring and Evaluation [Strategy]' for pmogorosi
2026-02-16 10:24:27,094 - oracle_user_sync_modern - INFO - [handle_group_memberships:1210] - 🔍 Unmapped position detected: 'Analyst: Monitoring and Evaluation [Strategy]' - consider adding to role mapping
2026-02-16 10:24:27,098 - oracle_user_sync_modern - INFO - [process_single_user:1027] - 🔄 Updated user HMOHALE: party:  -> None
2026-02-16 10:24:27,098 - oracle_user_sync_modern - INFO - [handle_group_memberships:1199] - 📝 Using generic staff role for unmapped position 'Senior Language Practitioner: Sesotho' for hmohale
2026-02-16 10:24:27,098 - oracle_user_sync_modern - INFO - [handle_group_memberships:1210] - 🔍 Unmapped position detected: 'Senior Language Practitioner: Sesotho' - consider adding to role mapping
2026-02-16 10:24:27,101 - oracle_user_sync_modern - INFO - [process_single_user:1027] - 🔄 Updated user SMOHAMED: party:  -> None
2026-02-16 10:24:27,101 - oracle_user_sync_modern - INFO - [handle_group_memberships:1199] - 📝 Using generic staff role for unmapped position 'Deputy Director-Senior Analyst [Economics]' for smohamed
2026-02-16 10:24:27,101 - oracle_user_sync_modern - INFO - [handle_group_memberships:1210] - 🔍 Unmapped position detected: 'Deputy Director-Senior Analyst [Economics]' - consider adding to role mapping
2026-02-16 10:24:27,104 - oracle_user_sync_modern - INFO - [process_single_user:1027] - 🔄 Updated user MMOHAPE: party:  -> None
2026-02-16 10:24:27,104 - oracle_user_sync_modern - INFO - [handle_group_memberships:1199] - 📝 Using generic staff role for unmapped position 'Senior Language Practitioner: SiSwati' for mmohape
2026-02-16 10:24:27,109 - oracle_user_sync_modern - INFO - [process_single_user:1027] - 🔄 Updated user EMOHUBE: party:  -> None
2026-02-16 10:24:27,109 - oracle_user_sync_modern - INFO - [handle_group_memberships:1199] - 📝 Using generic staff role for unmapped position 'Content Advisor' for emohube
2026-02-16 10:24:27,112 - oracle_user_sync_modern - INFO - [process_single_user:1027] - 🔄 Updated user DMOITSE: party:  -> None
2026-02-16 10:24:27,112 - oracle_user_sync_modern - INFO - [handle_group_memberships:1193] - 🎯 Mapped position 'Protection Officer' to specific role 'Protection Officer' for dmoitse
2026-02-16 10:24:27,114 - oracle_user_sync_modern - INFO - [handle_group_memberships:1241] - 👥 Added membership: dmoitse -> Administration (Protection Officer)
2026-02-16 10:24:27,118 - oracle_user_sync_modern - INFO - [process_single_user:1027] - 🔄 Updated user MMOKGESI: party:  -> None
2026-02-16 10:24:27,118 - oracle_user_sync_modern - INFO - [handle_group_memberships:1199] - 📝 Using generic staff role for unmapped position 'Editor: Questions' for mmokgesi
2026-02-16 10:24:27,118 - oracle_user_sync_modern - INFO - [handle_group_memberships:1210] - 🔍 Unmapped position detected: 'Editor: Questions' - consider adding to role mapping
2026-02-16 10:24:27,122 - oracle_user_sync_modern - INFO - [process_single_user:1027] - 🔄 Updated user RMOKHATLA: party:  -> None
2026-02-16 10:24:27,122 - oracle_user_sync_modern - INFO - [handle_group_memberships:1193] - 🎯 Mapped position 'Researcher' to specific role 'Researcher' for rmokhatla
2026-02-16 10:24:27,124 - oracle_user_sync_modern - INFO - [handle_group_memberships:1241] - 👥 Added membership: rmokhatla -> Administration (Researcher)
2026-02-16 10:24:27,127 - oracle_user_sync_modern - INFO - [process_single_user:1027] - 🔄 Updated user MMOKHOABANE: party:  -> None
2026-02-16 10:24:27,127 - oracle_user_sync_modern - INFO - [handle_group_memberships:1199] - 📝 Using generic staff role for unmapped position 'Unit Manager: Transport, Postal and Courier Services' for mmokhoabane
2026-02-16 10:24:27,127 - oracle_user_sync_modern - INFO - [handle_group_memberships:1210] - 🔍 Unmapped position detected: 'Unit Manager: Transport, Postal and Courier Services' - consider adding to role mapping
2026-02-16 10:24:27,130 - oracle_user_sync_modern - INFO - [process_single_user:1027] - 🔄 Updated user TMOKOENA: party:  -> None
2026-02-16 10:24:27,130 - oracle_user_sync_modern - INFO - [handle_group_memberships:1193] - 🎯 Mapped position 'Researcher' to specific role 'Researcher' for tmokoena
2026-02-16 10:24:27,132 - oracle_user_sync_modern - INFO - [handle_group_memberships:1241] - 👥 Added membership: tmokoena -> Administration (Researcher)
2026-02-16 10:24:27,133 - oracle_user_sync_modern - INFO - [sync_users_and_groups:811] - 🔄 Processing batch 10/16 (100 users)
2026-02-16 10:24:27,137 - oracle_user_sync_modern - INFO - [process_single_user:1027] - 🔄 Updated user NMOKOENA: party:  -> None
2026-02-16 10:24:27,137 - oracle_user_sync_modern - INFO - [handle_group_memberships:1193] - 🎯 Mapped position 'Public Relations Officer' to specific role 'Public Relations Officer' for nmokoena
2026-02-16 10:24:27,139 - oracle_user_sync_modern - INFO - [handle_group_memberships:1241] - 👥 Added membership: nmokoena -> Administration (Public Relations Officer)
2026-02-16 10:24:27,142 - oracle_user_sync_modern - INFO - [process_single_user:1027] - 🔄 Updated user LMOKOENA: party:  -> None
2026-02-16 10:24:27,142 - oracle_user_sync_modern - INFO - [handle_group_memberships:1199] - 📝 Using generic staff role for unmapped position 'Controller: Document Management Facility' for lmokoena
2026-02-16 10:24:27,142 - oracle_user_sync_modern - INFO - [handle_group_memberships:1210] - 🔍 Unmapped position detected: 'Controller: Document Management Facility' - consider adding to role mapping
2026-02-16 10:24:27,145 - oracle_user_sync_modern - INFO - [process_single_user:1027] - 🔄 Updated user SMOKOENA: party:  -> None
2026-02-16 10:24:27,145 - oracle_user_sync_modern - INFO - [handle_group_memberships:1199] - 📝 Using generic staff role for unmapped position 'Writer' for smokoena
2026-02-16 10:24:27,145 - oracle_user_sync_modern - INFO - [handle_group_memberships:1210] - 🔍 Unmapped position detected: 'Writer' - consider adding to role mapping
2026-02-16 10:24:27,148 - oracle_user_sync_modern - INFO - [process_single_user:1027] - 🔄 Updated user SEMOKOENA: middle_name:  -> Mmabatho Nthabiseng; last_name: Mokoena (Brown) -> Mokoena-Zondi; position: Member of Parliament: NCOP -> Member of Parliament: NA
2026-02-16 10:24:27,151 - oracle_user_sync_modern - INFO - [handle_group_memberships:1241] - 👥 Added membership: semokoena -> National Assembly (Member of Parliament)
2026-02-16 10:24:27,153 - oracle_user_sync_modern - INFO - [handle_group_memberships:1299] - 👥 Added org membership: semokoena -> Members: NA: National Assembly (Member of Parliament)
2026-02-16 10:24:27,156 - oracle_user_sync_modern - INFO - [process_single_user:1027] - 🔄 Updated user TMOKOMELE: party:  -> None
2026-02-16 10:24:27,156 - oracle_user_sync_modern - INFO - [handle_group_memberships:1199] - 📝 Using generic staff role for unmapped position 'Contracts Controller' for tmokomele
2026-02-16 10:24:27,156 - oracle_user_sync_modern - INFO - [handle_group_memberships:1210] - 🔍 Unmapped position detected: 'Contracts Controller' - consider adding to role mapping
2026-02-16 10:24:27,159 - oracle_user_sync_modern - INFO - [process_single_user:1027] - 🔄 Updated user GMOKUPPO: party:  -> None
2026-02-16 10:24:27,159 - oracle_user_sync_modern - INFO - [handle_group_memberships:1199] - 📝 Using generic staff role for unmapped position 'General Cleaner' for gmokuppo
2026-02-16 10:24:27,164 - oracle_user_sync_modern - INFO - [process_single_user:1027] - 🔄 Updated user JMOLAFO: party:  -> None
2026-02-16 10:24:27,164 - oracle_user_sync_modern - INFO - [handle_group_memberships:1199] - 📝 Using generic staff role for unmapped position 'Principal Communication Officer' for jmolafo
2026-02-16 10:24:27,167 - oracle_user_sync_modern - INFO - [process_single_user:1027] - 🔄 Updated user SMOLAPO: party:  -> None
2026-02-16 10:24:27,167 - oracle_user_sync_modern - INFO - [handle_group_memberships:1193] - 🎯 Mapped position 'Protection Officer' to specific role 'Protection Officer' for smolapo
2026-02-16 10:24:27,170 - oracle_user_sync_modern - INFO - [handle_group_memberships:1241] - 👥 Added membership: smolapo -> Administration (Protection Officer)
2026-02-16 10:24:27,173 - oracle_user_sync_modern - INFO - [process_single_user:1027] - 🔄 Updated user AMOLEFE: party:  -> None
2026-02-16 10:24:27,173 - oracle_user_sync_modern - INFO - [handle_group_memberships:1199] - 📝 Using generic staff role for unmapped position 'SHE Compliance Officer' for amolefe
2026-02-16 10:24:27,176 - oracle_user_sync_modern - INFO - [process_single_user:1027] - 🔄 Updated user NMOLEFE: party:  -> None
2026-02-16 10:24:27,176 - oracle_user_sync_modern - INFO - [handle_group_memberships:1199] - 📝 Using generic staff role for unmapped position 'Creditors Clerk' for nmolefe
2026-02-16 10:24:27,179 - oracle_user_sync_modern - INFO - [process_single_user:1027] - 🔄 Updated user MMOLEKO: party:  -> None
2026-02-16 10:24:27,180 - oracle_user_sync_modern - INFO - [handle_group_memberships:1199] - 📝 Using generic staff role for unmapped position 'Language Practitioner: Sesotho' for mmoleko
2026-02-16 10:24:27,183 - oracle_user_sync_modern - INFO - [process_single_user:1027] - 🔄 Updated user MMOLEKWA: party:  -> None
2026-02-16 10:24:27,183 - oracle_user_sync_modern - INFO - [handle_group_memberships:1199] - 📝 Using generic staff role for unmapped position 'Manager: Provincial & Municipal Liaison' for mmolekwa
2026-02-16 10:24:27,183 - oracle_user_sync_modern - INFO - [handle_group_memberships:1210] - 🔍 Unmapped position detected: 'Manager: Provincial & Municipal Liaison' - consider adding to role mapping
2026-02-16 10:24:27,186 - oracle_user_sync_modern - INFO - [process_single_user:1027] - 🔄 Updated user MMOLEPO: party:  -> None
2026-02-16 10:24:27,186 - oracle_user_sync_modern - INFO - [handle_group_memberships:1199] - 📝 Using generic staff role for unmapped position 'Principal Communication Officer' for mmolepo
2026-02-16 10:24:27,189 - oracle_user_sync_modern - INFO - [process_single_user:1027] - 🔄 Updated user VBAM: party:  -> None
2026-02-16 10:24:27,189 - oracle_user_sync_modern - INFO - [handle_group_memberships:1199] - 📝 Using generic staff role for unmapped position 'Language Practitioner: IsiXhosa' for vbam
2026-02-16 10:24:27,192 - oracle_user_sync_modern - INFO - [process_single_user:1027] - 🔄 Updated user KMOLOABI: party:  -> None
2026-02-16 10:24:27,192 - oracle_user_sync_modern - INFO - [handle_group_memberships:1199] - 📝 Using generic staff role for unmapped position 'Senior Language Practitioner: Setswana' for kmoloabi
2026-02-16 10:24:27,196 - oracle_user_sync_modern - INFO - [process_single_user:1027] - 🔄 Updated user TMOLOI: party:  -> None
2026-02-16 10:24:27,196 - oracle_user_sync_modern - INFO - [handle_group_memberships:1199] - 📝 Using generic staff role for unmapped position 'Analyst (Economics)' for tmoloi
2026-02-16 10:24:27,196 - oracle_user_sync_modern - INFO - [handle_group_memberships:1210] - 🔍 Unmapped position detected: 'Analyst (Economics)' - consider adding to role mapping
2026-02-16 10:24:27,199 - oracle_user_sync_modern - INFO - [process_single_user:1027] - 🔄 Updated user RMOLOKOANE: party:  -> None
2026-02-16 10:24:27,199 - oracle_user_sync_modern - INFO - [handle_group_memberships:1199] - 📝 Using generic staff role for unmapped position 'Language Practitioner: Setswana' for rmolokoane
2026-02-16 10:24:27,203 - oracle_user_sync_modern - INFO - [process_single_user:1027] - 🔄 Updated user MMOLOKOMME: party:  -> None
2026-02-16 10:24:27,203 - oracle_user_sync_modern - INFO - [handle_group_memberships:1199] - 📝 Using generic staff role for unmapped position 'Secretary' for mmolokomme
2026-02-16 10:24:27,207 - oracle_user_sync_modern - INFO - [process_single_user:1027] - 🔄 Updated user KMOKGOTHU: party:  -> None
2026-02-16 10:24:27,207 - oracle_user_sync_modern - INFO - [handle_group_memberships:1199] - 📝 Using generic staff role for unmapped position 'Receptionist: PDO' for kmokgothu
2026-02-16 10:24:27,210 - oracle_user_sync_modern - INFO - [process_single_user:1027] - 🔄 Updated user TMOLUSI: party:  -> None
2026-02-16 10:24:27,210 - oracle_user_sync_modern - INFO - [handle_group_memberships:1199] - 📝 Using generic staff role for unmapped position 'Office Coordinator: House Chairperson - IR and MS' for tmolusi
2026-02-16 10:24:27,210 - oracle_user_sync_modern - INFO - [handle_group_memberships:1210] - 🔍 Unmapped position detected: 'Office Coordinator: House Chairperson - IR and MS' - consider adding to role mapping
2026-02-16 10:24:27,214 - oracle_user_sync_modern - INFO - [process_single_user:1027] - 🔄 Updated user FMOLWANTOA: party:  -> None
2026-02-16 10:24:27,214 - oracle_user_sync_modern - INFO - [handle_group_memberships:1199] - 📝 Using generic staff role for unmapped position 'ERP DBA Support' for fmolwantoa
2026-02-16 10:24:27,214 - oracle_user_sync_modern - INFO - [handle_group_memberships:1210] - 🔍 Unmapped position detected: 'ERP DBA Support' - consider adding to role mapping
2026-02-16 10:24:27,217 - oracle_user_sync_modern - INFO - [process_single_user:1027] - 🔄 Updated user BMOMOTI: party:  -> None
2026-02-16 10:24:27,217 - oracle_user_sync_modern - INFO - [handle_group_memberships:1199] - 📝 Using generic staff role for unmapped position 'Senior Procedural Adviser: NCOP' for bmomoti
2026-02-16 10:24:27,217 - oracle_user_sync_modern - INFO - [handle_group_memberships:1210] - 🔍 Unmapped position detected: 'Senior Procedural Adviser: NCOP' - consider adding to role mapping
2026-02-16 10:24:27,221 - oracle_user_sync_modern - INFO - [process_single_user:1027] - 🔄 Updated user SMOMPATI: party:  -> None
2026-02-16 10:24:27,221 - oracle_user_sync_modern - INFO - [handle_group_memberships:1199] - 📝 Using generic staff role for unmapped position 'Controller: Treasury and Cash Management' for smompati
2026-02-16 10:24:27,221 - oracle_user_sync_modern - INFO - [handle_group_memberships:1210] - 🔍 Unmapped position detected: 'Controller: Treasury and Cash Management' - consider adding to role mapping
2026-02-16 10:24:27,224 - oracle_user_sync_modern - INFO - [process_single_user:1027] - 🔄 Updated user NMONGO: party:  -> None
2026-02-16 10:24:27,224 - oracle_user_sync_modern - INFO - [handle_group_memberships:1199] - 📝 Using generic staff role for unmapped position 'Procedural Officer: House Plenaries' for nmongo
2026-02-16 10:24:27,227 - oracle_user_sync_modern - INFO - [process_single_user:1027] - 🔄 Updated user AMONNAKGOTLA: party:  -> None
2026-02-16 10:24:27,227 - oracle_user_sync_modern - INFO - [handle_group_memberships:1193] - 🎯 Mapped position 'Office Manager' to specific role 'Office Manager' for amonnakgotla
2026-02-16 10:24:27,230 - oracle_user_sync_modern - INFO - [handle_group_memberships:1241] - 👥 Added membership: amonnakgotla -> Administration (Office Manager)
2026-02-16 10:24:27,232 - oracle_user_sync_modern - INFO - [process_single_user:1027] - 🔄 Updated user MMONTSHIWA: party:  -> None
2026-02-16 10:24:27,232 - oracle_user_sync_modern - INFO - [handle_group_memberships:1193] - 🎯 Mapped position 'Researcher' to specific role 'Researcher' for mmontshiwa
2026-02-16 10:24:27,235 - oracle_user_sync_modern - INFO - [handle_group_memberships:1241] - 👥 Added membership: mmontshiwa -> Administration (Researcher)
2026-02-16 10:24:27,238 - oracle_user_sync_modern - INFO - [process_single_user:1027] - 🔄 Updated user BMONQO: party:  -> None
2026-02-16 10:24:27,238 - oracle_user_sync_modern - INFO - [handle_group_memberships:1199] - 📝 Using generic staff role for unmapped position 'Committee Secretary' for bmonqo
2026-02-16 10:24:27,241 - oracle_user_sync_modern - INFO - [process_single_user:1027] - 🔄 Updated user MMONTJANE: party:  -> None
2026-02-16 10:24:27,241 - oracle_user_sync_modern - INFO - [handle_group_memberships:1199] - 📝 Using generic staff role for unmapped position 'Sourcing Officer' for mmontjane
2026-02-16 10:24:27,241 - oracle_user_sync_modern - INFO - [handle_group_memberships:1210] - 🔍 Unmapped position detected: 'Sourcing Officer' - consider adding to role mapping
2026-02-16 10:24:27,246 - oracle_user_sync_modern - INFO - [process_single_user:1027] - 🔄 Updated user JMOODLEY: party:  -> None
2026-02-16 10:24:27,246 - oracle_user_sync_modern - INFO - [handle_group_memberships:1199] - 📝 Using generic staff role for unmapped position 'Controller: Creditors' for jmoodley
2026-02-16 10:24:27,246 - oracle_user_sync_modern - INFO - [handle_group_memberships:1210] - 🔍 Unmapped position detected: 'Controller: Creditors' - consider adding to role mapping
2026-02-16 10:24:27,249 - oracle_user_sync_modern - INFO - [process_single_user:1027] - 🔄 Updated user JAMOODLEY: party:  -> None
2026-02-16 10:24:27,249 - oracle_user_sync_modern - INFO - [handle_group_memberships:1199] - 📝 Using generic staff role for unmapped position 'Chef' for jamoodley
2026-02-16 10:24:27,252 - oracle_user_sync_modern - INFO - [process_single_user:1027] - 🔄 Updated user SMOODLEY: party:  -> None
2026-02-16 10:24:27,252 - oracle_user_sync_modern - INFO - [handle_group_memberships:1193] - 🎯 Mapped position 'Protection Officer' to specific role 'Protection Officer' for smoodley
2026-02-16 10:24:27,255 - oracle_user_sync_modern - INFO - [handle_group_memberships:1241] - 👥 Added membership: smoodley -> Administration (Protection Officer)
2026-02-16 10:24:27,259 - oracle_user_sync_modern - INFO - [process_single_user:1027] - 🔄 Updated user NMOOI: party:  -> None
2026-02-16 10:24:27,259 - oracle_user_sync_modern - INFO - [handle_group_memberships:1199] - 📝 Using generic staff role for unmapped position 'Committee Secretary' for nmooi
2026-02-16 10:24:27,262 - oracle_user_sync_modern - INFO - [process_single_user:1027] - 🔄 Updated user TMOORAD: party:  -> None
2026-02-16 10:24:27,262 - oracle_user_sync_modern - INFO - [handle_group_memberships:1199] - 📝 Using generic staff role for unmapped position 'Administrative Officer: Telephone Management' for tmoorad
2026-02-16 10:24:27,262 - oracle_user_sync_modern - INFO - [handle_group_memberships:1210] - 🔍 Unmapped position detected: 'Administrative Officer: Telephone Management' - consider adding to role mapping
2026-02-16 10:24:27,267 - oracle_user_sync_modern - INFO - [process_single_user:1027] - 🔄 Updated user MMOPHUTHINA: party:  -> None
2026-02-16 10:24:27,267 - oracle_user_sync_modern - INFO - [handle_group_memberships:1199] - 📝 Using generic staff role for unmapped position 'Housekeeper: Office of the Chairperson: NCOP' for mmophuthina
2026-02-16 10:24:27,267 - oracle_user_sync_modern - INFO - [handle_group_memberships:1210] - 🔍 Unmapped position detected: 'Housekeeper: Office of the Chairperson: NCOP' - consider adding to role mapping
2026-02-16 10:24:27,270 - oracle_user_sync_modern - INFO - [process_single_user:1027] - 🔄 Updated user CMORCOM: party:  -> None
2026-02-16 10:24:27,270 - oracle_user_sync_modern - INFO - [handle_group_memberships:1199] - 📝 Using generic staff role for unmapped position 'Senior Language Practitioner: Afrikaans' for cmorcom
2026-02-16 10:24:27,273 - oracle_user_sync_modern - INFO - [process_single_user:1027] - 🔄 Updated user BMORE: party:  -> None
2026-02-16 10:24:27,273 - oracle_user_sync_modern - INFO - [handle_group_memberships:1199] - 📝 Using generic staff role for unmapped position 'Technician' for bmore
2026-02-16 10:24:27,277 - oracle_user_sync_modern - INFO - [process_single_user:1027] - 🔄 Updated user TMORIE: party:  -> None
2026-02-16 10:24:27,277 - oracle_user_sync_modern - INFO - [handle_group_memberships:1199] - 📝 Using generic staff role for unmapped position 'Executive Secretary' for tmorie
2026-02-16 10:24:27,280 - oracle_user_sync_modern - INFO - [process_single_user:1027] - 🔄 Updated user JMOROE: party:  -> None
2026-02-16 10:24:27,280 - oracle_user_sync_modern - INFO - [handle_group_memberships:1193] - 🎯 Mapped position 'Researcher' to specific role 'Researcher' for jmoroe
2026-02-16 10:24:27,282 - oracle_user_sync_modern - INFO - [handle_group_memberships:1241] - 👥 Added membership: jmoroe -> Administration (Researcher)
2026-02-16 10:24:27,285 - oracle_user_sync_modern - INFO - [process_single_user:1027] - 🔄 Updated user CAMORRIS: party:  -> None
2026-02-16 10:24:27,285 - oracle_user_sync_modern - INFO - [handle_group_memberships:1193] - 🎯 Mapped position 'Desktop Technician' to specific role 'Desktop Technician' for camorris
2026-02-16 10:24:27,287 - oracle_user_sync_modern - INFO - [handle_group_memberships:1241] - 👥 Added membership: camorris -> Administration (Desktop Technician)
2026-02-16 10:24:27,290 - oracle_user_sync_modern - INFO - [process_single_user:1027] - 🔄 Updated user LMORRISON: party:  -> None
2026-02-16 10:24:27,291 - oracle_user_sync_modern - INFO - [handle_group_memberships:1199] - 📝 Using generic staff role for unmapped position 'Controller Members Travel Adminstration' for lmorrison
2026-02-16 10:24:27,291 - oracle_user_sync_modern - INFO - [handle_group_memberships:1210] - 🔍 Unmapped position detected: 'Controller Members Travel Adminstration' - consider adding to role mapping
2026-02-16 10:24:27,294 - oracle_user_sync_modern - INFO - [process_single_user:1027] - 🔄 Updated user LMOSALA: party:  -> None
2026-02-16 10:24:27,294 - oracle_user_sync_modern - INFO - [handle_group_memberships:1199] - 📝 Using generic staff role for unmapped position 'Content Advisor' for lmosala
2026-02-16 10:24:27,297 - oracle_user_sync_modern - INFO - [process_single_user:1027] - 🔄 Updated user LMOSANA: party:  -> None
2026-02-16 10:24:27,297 - oracle_user_sync_modern - INFO - [handle_group_memberships:1199] - 📝 Using generic staff role for unmapped position 'Asset & Inventory Officer' for lmosana
2026-02-16 10:24:27,300 - oracle_user_sync_modern - INFO - [process_single_user:1027] - 🔄 Updated user KMOSEKI: party:  -> None
2026-02-16 10:24:27,300 - oracle_user_sync_modern - INFO - [handle_group_memberships:1199] - 📝 Using generic staff role for unmapped position 'Executive Secretary: Committee Chairperson' for kmoseki
2026-02-16 10:24:27,304 - oracle_user_sync_modern - INFO - [process_single_user:1027] - 🔄 Updated user LMOSHOKOA: party:  -> None
2026-02-16 10:24:27,304 - oracle_user_sync_modern - INFO - [handle_group_memberships:1199] - 📝 Using generic staff role for unmapped position 'Parliamentary Legal Adviser' for lmoshokoa
2026-02-16 10:24:27,308 - oracle_user_sync_modern - INFO - [process_single_user:1027] - 🔄 Updated user TRMOSOEUNYANE: party:  -> None
2026-02-16 10:24:27,308 - oracle_user_sync_modern - INFO - [handle_group_memberships:1193] - 🎯 Mapped position 'Protection Officer' to specific role 'Protection Officer' for trmosoeunyane
2026-02-16 10:24:27,310 - oracle_user_sync_modern - INFO - [handle_group_memberships:1241] - 👥 Added membership: trmosoeunyane -> Administration (Protection Officer)
2026-02-16 10:24:27,313 - oracle_user_sync_modern - INFO - [process_single_user:1027] - 🔄 Updated user TMOSOEUNYANE: party:  -> None
2026-02-16 10:24:27,313 - oracle_user_sync_modern - INFO - [handle_group_memberships:1193] - 🎯 Mapped position 'Protection Officer' to specific role 'Protection Officer' for tmosoeunyane
2026-02-16 10:24:27,316 - oracle_user_sync_modern - INFO - [handle_group_memberships:1241] - 👥 Added membership: tmosoeunyane -> Administration (Protection Officer)
2026-02-16 10:24:27,319 - oracle_user_sync_modern - INFO - [process_single_user:1027] - 🔄 Updated user MMOSWANE: party:  -> None
2026-02-16 10:24:27,319 - oracle_user_sync_modern - INFO - [handle_group_memberships:1199] - 📝 Using generic staff role for unmapped position 'Language Practitioner: Sepedi' for mmoswane
2026-02-16 10:24:27,322 - oracle_user_sync_modern - INFO - [process_single_user:1027] - 🔄 Updated user MMOTASI: party:  -> None
2026-02-16 10:24:27,322 - oracle_user_sync_modern - INFO - [handle_group_memberships:1199] - 📝 Using generic staff role for unmapped position 'Editor' for mmotasi
2026-02-16 10:24:27,326 - oracle_user_sync_modern - INFO - [process_single_user:1027] - 🔄 Updated user LMOTAUNG: party:  -> None
2026-02-16 10:24:27,326 - oracle_user_sync_modern - INFO - [handle_group_memberships:1199] - 📝 Using generic staff role for unmapped position 'Executive Secretary: Committee Chairperson' for lmotaung
2026-02-16 10:24:27,330 - oracle_user_sync_modern - INFO - [process_single_user:1027] - 🔄 Updated user MMOTHAPO: party:  -> None
2026-02-16 10:24:27,330 - oracle_user_sync_modern - INFO - [handle_group_memberships:1199] - 📝 Using generic staff role for unmapped position 'Executive Secretary: House Chairperson' for mmothapo
2026-02-16 10:24:27,330 - oracle_user_sync_modern - INFO - [handle_group_memberships:1210] - 🔍 Unmapped position detected: 'Executive Secretary: House Chairperson' - consider adding to role mapping
2026-02-16 10:24:27,333 - oracle_user_sync_modern - INFO - [process_single_user:1027] - 🔄 Updated user MOMOTHAPO: party:  -> None
2026-02-16 10:24:27,333 - oracle_user_sync_modern - INFO - [handle_group_memberships:1199] - 📝 Using generic staff role for unmapped position 'Division Manager: Parliamentary Communication Services' for momothapo
2026-02-16 10:24:27,333 - oracle_user_sync_modern - INFO - [handle_group_memberships:1210] - 🔍 Unmapped position detected: 'Division Manager: Parliamentary Communication Services' - consider adding to role mapping
2026-02-16 10:24:27,336 - oracle_user_sync_modern - INFO - [process_single_user:1027] - 🔄 Updated user MMOTHIBA: party:  -> None
2026-02-16 10:24:27,337 - oracle_user_sync_modern - INFO - [handle_group_memberships:1199] - 📝 Using generic staff role for unmapped position 'Administrative Assistant: PDO' for mmothiba
2026-02-16 10:24:27,340 - oracle_user_sync_modern - INFO - [process_single_user:1027] - 🔄 Updated user MMOTSOETSOANA: party:  -> None
2026-02-16 10:24:27,340 - oracle_user_sync_modern - INFO - [handle_group_memberships:1199] - 📝 Using generic staff role for unmapped position 'Senior Language Practitioner: Sesotho' for mmotsoetsoana
2026-02-16 10:24:27,344 - oracle_user_sync_modern - INFO - [process_single_user:1027] - 🔄 Updated user MMOTUMI: party:  -> None
2026-02-16 10:24:27,344 - oracle_user_sync_modern - INFO - [handle_group_memberships:1199] - 📝 Using generic staff role for unmapped position 'Executive Secretary: Committee Chairperson' for mmotumi
2026-02-16 10:24:27,347 - oracle_user_sync_modern - INFO - [process_single_user:1027] - 🔄 Updated user NMPAHLENI: party:  -> None
2026-02-16 10:24:27,347 - oracle_user_sync_modern - INFO - [handle_group_memberships:1199] - 📝 Using generic staff role for unmapped position 'Contracts Specialist' for nmpahleni
2026-02-16 10:24:27,347 - oracle_user_sync_modern - INFO - [handle_group_memberships:1210] - 🔍 Unmapped position detected: 'Contracts Specialist' - consider adding to role mapping
2026-02-16 10:24:27,350 - oracle_user_sync_modern - INFO - [process_single_user:1027] - 🔄 Updated user ZMKUTUKANA: party:  -> None
2026-02-16 10:24:27,350 - oracle_user_sync_modern - INFO - [handle_group_memberships:1199] - 📝 Using generic staff role for unmapped position 'Executive Secretary: Committee Chairperson' for zmkutukana
2026-02-16 10:24:27,354 - oracle_user_sync_modern - INFO - [process_single_user:1027] - 🔄 Updated user TMPAPELA: party:  -> None
2026-02-16 10:24:27,354 - oracle_user_sync_modern - INFO - [handle_group_memberships:1199] - 📝 Using generic staff role for unmapped position 'Content Advisor' for tmpapela
2026-02-16 10:24:27,357 - oracle_user_sync_modern - INFO - [process_single_user:1027] - 🔄 Updated user PMPATANI: party:  -> None
2026-02-16 10:24:27,357 - oracle_user_sync_modern - INFO - [handle_group_memberships:1199] - 📝 Using generic staff role for unmapped position 'Team Administrator' for pmpatani
2026-02-16 10:24:27,361 - oracle_user_sync_modern - INFO - [process_single_user:1027] - 🔄 Updated user NMPEFUMLO: party:  -> None
2026-02-16 10:24:27,361 - oracle_user_sync_modern - INFO - [handle_group_memberships:1199] - 📝 Using generic staff role for unmapped position 'Section Manager: Finance' for nmpefumlo
2026-02-16 10:24:27,361 - oracle_user_sync_modern - INFO - [handle_group_memberships:1210] - 🔍 Unmapped position detected: 'Section Manager: Finance' - consider adding to role mapping
2026-02-16 10:24:27,364 - oracle_user_sync_modern - INFO - [process_single_user:1027] - 🔄 Updated user RMPHILO: party:  -> None
2026-02-16 10:24:27,364 - oracle_user_sync_modern - INFO - [handle_group_memberships:1199] - 📝 Using generic staff role for unmapped position 'Section Manager: Information and Security Risk Management' for rmphilo
2026-02-16 10:24:27,364 - oracle_user_sync_modern - INFO - [handle_group_memberships:1210] - 🔍 Unmapped position detected: 'Section Manager: Information and Security Risk Management' - consider adding to role mapping
2026-02-16 10:24:27,369 - oracle_user_sync_modern - INFO - [process_single_user:1027] - 🔄 Updated user AMPHUNGA: party:  -> None
2026-02-16 10:24:27,369 - oracle_user_sync_modern - INFO - [handle_group_memberships:1199] - 📝 Using generic staff role for unmapped position 'Senior Manager: Oversight Support' for amphunga
2026-02-16 10:24:27,369 - oracle_user_sync_modern - INFO - [handle_group_memberships:1210] - 🔍 Unmapped position detected: 'Senior Manager: Oversight Support' - consider adding to role mapping
2026-02-16 10:24:27,372 - oracle_user_sync_modern - INFO - [process_single_user:1027] - 🔄 Updated user AMPIKA: party:  -> None
2026-02-16 10:24:27,372 - oracle_user_sync_modern - INFO - [handle_group_memberships:1193] - 🎯 Mapped position 'Protection Officer' to specific role 'Protection Officer' for ampika
2026-02-16 10:24:27,374 - oracle_user_sync_modern - INFO - [handle_group_memberships:1241] - 👥 Added membership: ampika -> Administration (Protection Officer)
2026-02-16 10:24:27,377 - oracle_user_sync_modern - INFO - [process_single_user:1027] - 🔄 Updated user MMPINDI: party:  -> None
2026-02-16 10:24:27,377 - oracle_user_sync_modern - INFO - [handle_group_memberships:1199] - 📝 Using generic staff role for unmapped position 'Media Co-ordinator' for mmpindi
2026-02-16 10:24:27,393 - oracle_user_sync_modern - INFO - [process_single_user:1027] - 🔄 Updated user PMPOYIYA: party:  -> None
2026-02-16 10:24:27,393 - oracle_user_sync_modern - INFO - [handle_group_memberships:1199] - 📝 Using generic staff role for unmapped position 'Manager: Content' for pmpoyiya
2026-02-16 10:24:27,393 - oracle_user_sync_modern - INFO - [handle_group_memberships:1210] - 🔍 Unmapped position detected: 'Manager: Content' - consider adding to role mapping
2026-02-16 10:24:27,397 - oracle_user_sync_modern - INFO - [process_single_user:1027] - 🔄 Updated user SMPUMELA: party:  -> None
2026-02-16 10:24:27,397 - oracle_user_sync_modern - INFO - [handle_group_memberships:1199] - 📝 Using generic staff role for unmapped position 'Desktop Publishing Operator' for smpumela
2026-02-16 10:24:27,397 - oracle_user_sync_modern - INFO - [handle_group_memberships:1210] - 🔍 Unmapped position detected: 'Desktop Publishing Operator' - consider adding to role mapping
2026-02-16 10:24:27,400 - oracle_user_sync_modern - INFO - [process_single_user:1027] - 🔄 Updated user TMPUNGOSE: party:  -> None
2026-02-16 10:24:27,400 - oracle_user_sync_modern - INFO - [handle_group_memberships:1193] - 🎯 Mapped position 'Protection Officer' to specific role 'Protection Officer' for tmpungose
2026-02-16 10:24:27,403 - oracle_user_sync_modern - INFO - [handle_group_memberships:1241] - 👥 Added membership: tmpungose -> Administration (Protection Officer)
2026-02-16 10:24:27,406 - oracle_user_sync_modern - INFO - [process_single_user:1027] - 🔄 Updated user SMPUNTSHA: party:  -> None
2026-02-16 10:24:27,406 - oracle_user_sync_modern - INFO - [handle_group_memberships:1199] - 📝 Using generic staff role for unmapped position 'Technician' for smpuntsha
2026-02-16 10:24:27,410 - oracle_user_sync_modern - INFO - [process_single_user:1027] - 🔄 Updated user AMPUTING: party:  -> None
2026-02-16 10:24:27,410 - oracle_user_sync_modern - INFO - [handle_group_memberships:1199] - 📝 Using generic staff role for unmapped position 'Writer' for amputing
2026-02-16 10:24:27,413 - oracle_user_sync_modern - INFO - [process_single_user:1027] - 🔄 Updated user VMQHOMA: party:  -> None
2026-02-16 10:24:27,413 - oracle_user_sync_modern - INFO - [handle_group_memberships:1199] - 📝 Using generic staff role for unmapped position 'Operator Support Personnel' for vmqhoma
2026-02-16 10:24:27,418 - oracle_user_sync_modern - INFO - [ensure_role_exists:612] - ✨ Created Role: Chief Financial Officer
2026-02-16 10:24:27,580 - oracle_user_sync_modern - INFO - [process_single_user:1070] - ✨ Created new user: NMQOQI (Nceba Mqoqi)
2026-02-16 10:24:27,580 - oracle_user_sync_modern - INFO - [handle_group_memberships:1199] - 📝 Using generic staff role for unmapped position 'Chief Financial Officer' for nmqoqi
2026-02-16 10:24:27,580 - oracle_user_sync_modern - INFO - [handle_group_memberships:1210] - 🔍 Unmapped position detected: 'Chief Financial Officer' - consider adding to role mapping
2026-02-16 10:24:27,583 - oracle_user_sync_modern - INFO - [handle_group_memberships:1241] - 👥 Added membership: nmqoqi -> Administration (Staff Member)
2026-02-16 10:24:27,585 - oracle_user_sync_modern - INFO - [handle_group_memberships:1299] - 👥 Added org membership: nmqoqi -> CFO: Man and Gen (Chief Financial Officer)
2026-02-16 10:24:27,587 - oracle_user_sync_modern - INFO - [handle_group_memberships:1335] - 👥 Added parent org membership: nmqoqi -> CFO: OFFICE OF THE CFO (Chief Financial Officer)
2026-02-16 10:24:27,589 - oracle_user_sync_modern - INFO - [process_single_user:1027] - 🔄 Updated user NNJOKWENI: party:  -> None
2026-02-16 10:24:27,590 - oracle_user_sync_modern - INFO - [handle_group_memberships:1199] - 📝 Using generic staff role for unmapped position 'Creditors Clerk' for nnjokweni
2026-02-16 10:24:27,593 - oracle_user_sync_modern - INFO - [process_single_user:1027] - 🔄 Updated user QMQUQU: party:  -> None
2026-02-16 10:24:27,593 - oracle_user_sync_modern - INFO - [handle_group_memberships:1199] - 📝 Using generic staff role for unmapped position 'Controller: Housekeeping' for qmququ
2026-02-16 10:24:27,597 - oracle_user_sync_modern - INFO - [process_single_user:1027] - 🔄 Updated user NMRWERWE: party:  -> None
2026-02-16 10:24:27,597 - oracle_user_sync_modern - INFO - [handle_group_memberships:1199] - 📝 Using generic staff role for unmapped position 'Committee Assistant' for nmrwerwe
2026-02-16 10:24:27,601 - oracle_user_sync_modern - INFO - [process_single_user:1027] - 🔄 Updated user ZMSITSHANA: party:  -> None
2026-02-16 10:24:27,601 - oracle_user_sync_modern - INFO - [handle_group_memberships:1199] - 📝 Using generic staff role for unmapped position 'Manager: ICT Business Support' for zmsitshana
2026-02-16 10:24:27,601 - oracle_user_sync_modern - INFO - [handle_group_memberships:1210] - 🔍 Unmapped position detected: 'Manager: ICT Business Support' - consider adding to role mapping
2026-02-16 10:24:27,604 - oracle_user_sync_modern - INFO - [process_single_user:1027] - 🔄 Updated user ZMSOLO: party:  -> None
2026-02-16 10:24:27,604 - oracle_user_sync_modern - INFO - [handle_group_memberships:1199] - 📝 Using generic staff role for unmapped position 'Sourcing Officer' for zmsolo
2026-02-16 10:24:27,608 - oracle_user_sync_modern - INFO - [process_single_user:1027] - 🔄 Updated user SMTAKATI: party:  -> None
2026-02-16 10:24:27,608 - oracle_user_sync_modern - INFO - [handle_group_memberships:1199] - 📝 Using generic staff role for unmapped position 'Executive Assistant and Researcher: HouseChairperson: CG&IGR' for smtakati
2026-02-16 10:24:27,608 - oracle_user_sync_modern - INFO - [handle_group_memberships:1210] - 🔍 Unmapped position detected: 'Executive Assistant and Researcher: HouseChairperson: CG&IGR' - consider adding to role mapping
2026-02-16 10:24:27,611 - oracle_user_sync_modern - INFO - [process_single_user:1027] - 🔄 Updated user BMTATI: party:  -> None
2026-02-16 10:24:27,611 - oracle_user_sync_modern - INFO - [handle_group_memberships:1199] - 📝 Using generic staff role for unmapped position 'Parliamentary Legal Adviser' for bmtati
2026-02-16 10:24:27,614 - oracle_user_sync_modern - INFO - [process_single_user:1027] - 🔄 Updated user SMTHEMBU: party:  -> None
2026-02-16 10:24:27,614 - oracle_user_sync_modern - INFO - [handle_group_memberships:1199] - 📝 Using generic staff role for unmapped position 'Fora Officer' for smthembu
2026-02-16 10:24:27,617 - oracle_user_sync_modern - INFO - [process_single_user:1027] - 🔄 Updated user TMTHEMBU: party:  -> None
2026-02-16 10:24:27,617 - oracle_user_sync_modern - INFO - [handle_group_memberships:1199] - 📝 Using generic staff role for unmapped position 'Librarian' for tmthembu
2026-02-16 10:24:27,622 - oracle_user_sync_modern - INFO - [process_single_user:1027] - 🔄 Updated user IMTHETHWA: party:  -> None
2026-02-16 10:24:27,622 - oracle_user_sync_modern - INFO - [handle_group_memberships:1199] - 📝 Using generic staff role for unmapped position 'Public Participation & Media Co-ordinator' for imthethwa
2026-02-16 10:24:27,622 - oracle_user_sync_modern - INFO - [handle_group_memberships:1210] - 🔍 Unmapped position detected: 'Public Participation & Media Co-ordinator' - consider adding to role mapping
2026-02-16 10:24:27,625 - oracle_user_sync_modern - INFO - [process_single_user:1027] - 🔄 Updated user NOMTHETHWA: party:  -> None
2026-02-16 10:24:27,625 - oracle_user_sync_modern - INFO - [handle_group_memberships:1199] - 📝 Using generic staff role for unmapped position 'Language Practitioner: IsiZulu' for nomthethwa
2026-02-16 10:24:27,630 - oracle_user_sync_modern - INFO - [process_single_user:1027] - 🔄 Updated user SMTHOMBENI: party:  -> None
2026-02-16 10:24:27,630 - oracle_user_sync_modern - INFO - [handle_group_memberships:1199] - 📝 Using generic staff role for unmapped position 'Content Advisor' for smthombeni
2026-02-16 10:24:27,633 - oracle_user_sync_modern - INFO - [process_single_user:1027] - 🔄 Updated user SMTHONJENI: party:  -> None
2026-02-16 10:24:27,633 - oracle_user_sync_modern - INFO - [handle_group_memberships:1199] - 📝 Using generic staff role for unmapped position 'Committee Secretary' for smthonjeni
2026-02-16 10:24:27,634 - oracle_user_sync_modern - INFO - [sync_users_and_groups:811] - 🔄 Processing batch 11/16 (100 users)
2026-02-16 10:24:27,637 - oracle_user_sync_modern - INFO - [process_single_user:1027] - 🔄 Updated user HMTILENI: party:  -> None
2026-02-16 10:24:27,637 - oracle_user_sync_modern - INFO - [handle_group_memberships:1199] - 📝 Using generic staff role for unmapped position 'Committee Secretary' for hmtileni
2026-02-16 10:24:27,640 - oracle_user_sync_modern - INFO - [process_single_user:1027] - 🔄 Updated user NMTIMKULU: party:  -> None
2026-02-16 10:24:27,640 - oracle_user_sync_modern - INFO - [handle_group_memberships:1199] - 📝 Using generic staff role for unmapped position 'Executive Secretary' for nmtimkulu
2026-02-16 10:24:27,643 - oracle_user_sync_modern - INFO - [process_single_user:1027] - 🔄 Updated user SMTIRARA: party:  -> None
2026-02-16 10:24:27,643 - oracle_user_sync_modern - INFO - [handle_group_memberships:1199] - 📝 Using generic staff role for unmapped position 'General Cleaner: Cafeteria' for smtirara
2026-02-16 10:24:27,643 - oracle_user_sync_modern - INFO - [handle_group_memberships:1210] - 🔍 Unmapped position detected: 'General Cleaner: Cafeteria' - consider adding to role mapping
2026-02-16 10:24:27,646 - oracle_user_sync_modern - INFO - [process_single_user:1027] - 🔄 Updated user AMTIYA: party:  -> None
2026-02-16 10:24:27,646 - oracle_user_sync_modern - INFO - [handle_group_memberships:1199] - 📝 Using generic staff role for unmapped position 'Committee Secretary' for amtiya
2026-02-16 10:24:27,652 - oracle_user_sync_modern - INFO - [process_single_user:1027] - 🔄 Updated user MMTSHONTSHI: party:  -> None
2026-02-16 10:24:27,652 - oracle_user_sync_modern - INFO - [handle_group_memberships:1199] - 📝 Using generic staff role for unmapped position 'Finance Assistant: Payables' for mmtshontshi
2026-02-16 10:24:27,652 - oracle_user_sync_modern - INFO - [handle_group_memberships:1210] - 🔍 Unmapped position detected: 'Finance Assistant: Payables' - consider adding to role mapping
2026-02-16 10:24:27,657 - oracle_user_sync_modern - INFO - [process_single_user:1027] - 🔄 Updated user MMTYOBILE: party:  -> None
2026-02-16 10:24:27,657 - oracle_user_sync_modern - INFO - [handle_group_memberships:1199] - 📝 Using generic staff role for unmapped position 'Printer' for mmtyobile
2026-02-16 10:24:27,660 - oracle_user_sync_modern - INFO - [process_single_user:1027] - 🔄 Updated user MMASIPA: party:  -> None
2026-02-16 10:24:27,660 - oracle_user_sync_modern - INFO - [handle_group_memberships:1199] - 📝 Using generic staff role for unmapped position 'Language Practitioner: Sepedi' for mmasipa
2026-02-16 10:24:27,663 - oracle_user_sync_modern - INFO - [process_single_user:1027] - 🔄 Updated user EMUDAU: party:  -> None
2026-02-16 10:24:27,663 - oracle_user_sync_modern - INFO - [handle_group_memberships:1199] - 📝 Using generic staff role for unmapped position 'Senior Language Practitioner: Tshivenda' for emudau
2026-02-16 10:24:27,666 - oracle_user_sync_modern - INFO - [process_single_user:1027] - 🔄 Updated user TMUDAU: party:  -> None
2026-02-16 10:24:27,666 - oracle_user_sync_modern - INFO - [handle_group_memberships:1199] - 📝 Using generic staff role for unmapped position 'Language Practitioner: Tshivenda' for tmudau
2026-02-16 10:24:27,671 - oracle_user_sync_modern - INFO - [process_single_user:1027] - 🔄 Updated user LMULAUDZI: party:  -> None
2026-02-16 10:24:27,671 - oracle_user_sync_modern - INFO - [handle_group_memberships:1199] - 📝 Using generic staff role for unmapped position 'Language Practitioner: Tshivenda' for lmulaudzi
2026-02-16 10:24:27,674 - oracle_user_sync_modern - INFO - [process_single_user:1027] - 🔄 Updated user SMULAUDZI: party:  -> None
2026-02-16 10:24:27,674 - oracle_user_sync_modern - INFO - [handle_group_memberships:1199] - 📝 Using generic staff role for unmapped position 'Operator Support Personnel' for smulaudzi
2026-02-16 10:24:27,679 - oracle_user_sync_modern - INFO - [process_single_user:1027] - 🔄 Updated user IMUNDELL: party:  -> None
2026-02-16 10:24:27,679 - oracle_user_sync_modern - INFO - [handle_group_memberships:1199] - 📝 Using generic staff role for unmapped position 'Parliamentary Protocol Liaison Officer' for imundell
2026-02-16 10:24:27,679 - oracle_user_sync_modern - INFO - [handle_group_memberships:1210] - 🔍 Unmapped position detected: 'Parliamentary Protocol Liaison Officer' - consider adding to role mapping
2026-02-16 10:24:27,682 - oracle_user_sync_modern - INFO - [process_single_user:1027] - 🔄 Updated user TMUNNIK: party:  -> None
2026-02-16 10:24:27,682 - oracle_user_sync_modern - INFO - [handle_group_memberships:1199] - 📝 Using generic staff role for unmapped position 'Web Editing Officer' for tmunnik
2026-02-16 10:24:27,685 - oracle_user_sync_modern - INFO - [process_single_user:1027] - 🔄 Updated user RMUNYAI: party:  -> None
2026-02-16 10:24:27,685 - oracle_user_sync_modern - INFO - [handle_group_memberships:1199] - 📝 Using generic staff role for unmapped position 'Buyer: Supply Chain Management' for rmunyai
2026-02-16 10:24:27,690 - oracle_user_sync_modern - INFO - [process_single_user:1027] - 🔄 Updated user SMUSA: party:  -> None
2026-02-16 10:24:27,690 - oracle_user_sync_modern - INFO - [handle_group_memberships:1199] - 📝 Using generic staff role for unmapped position 'Language Practitioner: Sesotho' for smusa
2026-02-16 10:24:27,693 - oracle_user_sync_modern - INFO - [process_single_user:1027] - 🔄 Updated user MMUTENGWE: party:  -> None
2026-02-16 10:24:27,693 - oracle_user_sync_modern - INFO - [handle_group_memberships:1193] - 🎯 Mapped position 'Desktop Technician' to specific role 'Desktop Technician' for mmutengwe
2026-02-16 10:24:27,695 - oracle_user_sync_modern - INFO - [handle_group_memberships:1241] - 👥 Added membership: mmutengwe -> Administration (Desktop Technician)
2026-02-16 10:24:27,700 - oracle_user_sync_modern - INFO - [process_single_user:1027] - 🔄 Updated user CMVELASE: party:  -> None
2026-02-16 10:24:27,700 - oracle_user_sync_modern - INFO - [handle_group_memberships:1193] - 🎯 Mapped position 'Protection Officer' to specific role 'Protection Officer' for cmvelase
2026-02-16 10:24:27,702 - oracle_user_sync_modern - INFO - [handle_group_memberships:1241] - 👥 Added membership: cmvelase -> Administration (Protection Officer)
2026-02-16 10:24:27,705 - oracle_user_sync_modern - INFO - [process_single_user:1027] - 🔄 Updated user NPMVIMBI: party:  -> None
2026-02-16 10:24:27,705 - oracle_user_sync_modern - INFO - [handle_group_memberships:1199] - 📝 Using generic staff role for unmapped position 'Chamber Support Officer' for npmvimbi
2026-02-16 10:24:27,708 - oracle_user_sync_modern - INFO - [process_single_user:1027] - 🔄 Updated user SMVULANE: party:  -> None
2026-02-16 10:24:27,708 - oracle_user_sync_modern - INFO - [handle_group_memberships:1199] - 📝 Using generic staff role for unmapped position 'Office Manager: Office of the Deputy Chairperson: NCOP' for smvulane
2026-02-16 10:24:27,708 - oracle_user_sync_modern - INFO - [handle_group_memberships:1210] - 🔍 Unmapped position detected: 'Office Manager: Office of the Deputy Chairperson: NCOP' - consider adding to role mapping
2026-02-16 10:24:27,711 - oracle_user_sync_modern - INFO - [process_single_user:1027] - 🔄 Updated user ZMVULANE: party:  -> None
2026-02-16 10:24:27,711 - oracle_user_sync_modern - INFO - [handle_group_memberships:1199] - 📝 Using generic staff role for unmapped position 'Head: Office of the Chief Whip' for zmvulane
2026-02-16 10:24:27,711 - oracle_user_sync_modern - INFO - [handle_group_memberships:1210] - 🔍 Unmapped position detected: 'Head: Office of the Chief Whip' - consider adding to role mapping
2026-02-16 10:24:27,717 - oracle_user_sync_modern - INFO - [process_single_user:1027] - 🔄 Updated user SMYBURGH: party:  -> None
2026-02-16 10:24:27,717 - oracle_user_sync_modern - INFO - [handle_group_memberships:1199] - 📝 Using generic staff role for unmapped position 'Labour Relations Specialist' for smyburgh
2026-02-16 10:24:27,717 - oracle_user_sync_modern - INFO - [handle_group_memberships:1210] - 🔍 Unmapped position detected: 'Labour Relations Specialist' - consider adding to role mapping
2026-02-16 10:24:27,720 - oracle_user_sync_modern - INFO - [process_single_user:1027] - 🔄 Updated user TMYENDEKI: party:  -> None
2026-02-16 10:24:27,720 - oracle_user_sync_modern - INFO - [handle_group_memberships:1199] - 📝 Using generic staff role for unmapped position 'Clerk Cash Management' for tmyendeki
2026-02-16 10:24:27,720 - oracle_user_sync_modern - INFO - [handle_group_memberships:1210] - 🔍 Unmapped position detected: 'Clerk Cash Management' - consider adding to role mapping
2026-02-16 10:24:27,723 - oracle_user_sync_modern - INFO - [process_single_user:1027] - 🔄 Updated user LMYOLI: party:  -> None
2026-02-16 10:24:27,723 - oracle_user_sync_modern - INFO - [handle_group_memberships:1199] - 📝 Using generic staff role for unmapped position 'Public Education Specialist' for lmyoli
2026-02-16 10:24:27,727 - oracle_user_sync_modern - INFO - [process_single_user:1027] - 🔄 Updated user YMZANYWA: party:  -> None
2026-02-16 10:24:27,727 - oracle_user_sync_modern - INFO - [handle_group_memberships:1199] - 📝 Using generic staff role for unmapped position 'Content Specialist and Speechwriter' for ymzanywa
2026-02-16 10:24:27,727 - oracle_user_sync_modern - INFO - [handle_group_memberships:1210] - 🔍 Unmapped position detected: 'Content Specialist and Speechwriter' - consider adding to role mapping
2026-02-16 10:24:27,730 - oracle_user_sync_modern - INFO - [process_single_user:1027] - 🔄 Updated user NMZIMANE: party:  -> None
2026-02-16 10:24:27,730 - oracle_user_sync_modern - INFO - [handle_group_memberships:1199] - 📝 Using generic staff role for unmapped position 'Internal Auditor' for nmzimane
2026-02-16 10:24:27,733 - oracle_user_sync_modern - INFO - [process_single_user:1027] - 🔄 Updated user SMZIMELA: party:  -> None
2026-02-16 10:24:27,733 - oracle_user_sync_modern - INFO - [handle_group_memberships:1199] - 📝 Using generic staff role for unmapped position 'Executive Assistant: House Chairperson: Intrnl Relations' for smzimela
2026-02-16 10:24:27,733 - oracle_user_sync_modern - INFO - [handle_group_memberships:1210] - 🔍 Unmapped position detected: 'Executive Assistant: House Chairperson: Intrnl Relations' - consider adding to role mapping
2026-02-16 10:24:27,736 - oracle_user_sync_modern - INFO - [process_single_user:1027] - 🔄 Updated user BMZINGELWA: party:  -> None
2026-02-16 10:24:27,736 - oracle_user_sync_modern - INFO - [handle_group_memberships:1199] - 📝 Using generic staff role for unmapped position 'Controller: Housekeeping' for bmzingelwa
2026-02-16 10:24:27,739 - oracle_user_sync_modern - INFO - [process_single_user:1027] - 🔄 Updated user TNAGE: party:  -> None
2026-02-16 10:24:27,739 - oracle_user_sync_modern - INFO - [handle_group_memberships:1199] - 📝 Using generic staff role for unmapped position 'Procedural Adviser' for tnage
2026-02-16 10:24:27,742 - oracle_user_sync_modern - INFO - [process_single_user:1027] - 🔄 Updated user KNAIDOO: party:  -> None
2026-02-16 10:24:27,742 - oracle_user_sync_modern - INFO - [handle_group_memberships:1199] - 📝 Using generic staff role for unmapped position 'Committee Assistant' for knaidoo
2026-02-16 10:24:27,745 - oracle_user_sync_modern - INFO - [process_single_user:1027] - 🔄 Updated user MNAIDOO: party:  -> None
2026-02-16 10:24:27,745 - oracle_user_sync_modern - INFO - [handle_group_memberships:1193] - 🎯 Mapped position 'Desktop Technician' to specific role 'Desktop Technician' for mnaidoo
2026-02-16 10:24:27,748 - oracle_user_sync_modern - INFO - [handle_group_memberships:1241] - 👥 Added membership: mnaidoo -> Administration (Desktop Technician)
2026-02-16 10:24:27,752 - oracle_user_sync_modern - INFO - [process_single_user:1027] - 🔄 Updated user MNAWA: party:  -> None
2026-02-16 10:24:27,752 - oracle_user_sync_modern - INFO - [handle_group_memberships:1199] - 📝 Using generic staff role for unmapped position 'Members Training Practitioner' for mnawa
2026-02-16 10:24:27,752 - oracle_user_sync_modern - INFO - [handle_group_memberships:1210] - 🔍 Unmapped position detected: 'Members Training Practitioner' - consider adding to role mapping
2026-02-16 10:24:27,755 - oracle_user_sync_modern - INFO - [process_single_user:1027] - 🔄 Updated user TMONISI: party:  -> None
2026-02-16 10:24:27,756 - oracle_user_sync_modern - INFO - [handle_group_memberships:1199] - 📝 Using generic staff role for unmapped position 'HR Business Partner' for tmonisi
2026-02-16 10:24:27,760 - oracle_user_sync_modern - INFO - [process_single_user:1027] - 🔄 Updated user LNCIWENI: party:  -> None
2026-02-16 10:24:27,760 - oracle_user_sync_modern - INFO - [handle_group_memberships:1199] - 📝 Using generic staff role for unmapped position 'Service Officer' for lnciweni
2026-02-16 10:24:27,763 - oracle_user_sync_modern - INFO - [process_single_user:1027] - 🔄 Updated user JNCONGWANE: party:  -> None
2026-02-16 10:24:27,763 - oracle_user_sync_modern - INFO - [handle_group_memberships:1199] - 📝 Using generic staff role for unmapped position 'Language Practitioner: SiSwati' for jncongwane
2026-02-16 10:24:27,763 - oracle_user_sync_modern - INFO - [handle_group_memberships:1210] - 🔍 Unmapped position detected: 'Language Practitioner: SiSwati' - consider adding to role mapping
2026-02-16 10:24:27,766 - oracle_user_sync_modern - INFO - [process_single_user:1027] - 🔄 Updated user LNDABA: party:  -> None
2026-02-16 10:24:27,766 - oracle_user_sync_modern - INFO - [handle_group_memberships:1193] - 🎯 Mapped position 'Researcher' to specific role 'Researcher' for lndaba
2026-02-16 10:24:27,768 - oracle_user_sync_modern - INFO - [handle_group_memberships:1241] - 👥 Added membership: lndaba -> Administration (Researcher)
2026-02-16 10:24:27,772 - oracle_user_sync_modern - INFO - [process_single_user:1027] - 🔄 Updated user NMAGAZI: party:  -> None
2026-02-16 10:24:27,772 - oracle_user_sync_modern - INFO - [handle_group_memberships:1199] - 📝 Using generic staff role for unmapped position 'Controller: Creditors' for nmagazi
2026-02-16 10:24:27,776 - oracle_user_sync_modern - INFO - [process_single_user:1027] - 🔄 Updated user ZNDEBELE: party:  -> None
2026-02-16 10:24:27,776 - oracle_user_sync_modern - INFO - [handle_group_memberships:1199] - 📝 Using generic staff role for unmapped position 'Language Practitioner: IsiZulu' for zndebele
2026-02-16 10:24:27,779 - oracle_user_sync_modern - INFO - [process_single_user:1027] - 🔄 Updated user FNDENZE: party:  -> None
2026-02-16 10:24:27,779 - oracle_user_sync_modern - INFO - [handle_group_memberships:1199] - 📝 Using generic staff role for unmapped position 'Principal Communication Officer' for fndenze
2026-02-16 10:24:27,782 - oracle_user_sync_modern - INFO - [process_single_user:1027] - 🔄 Updated user SNDESANA: party:  -> None
2026-02-16 10:24:27,783 - oracle_user_sync_modern - INFO - [handle_group_memberships:1199] - 📝 Using generic staff role for unmapped position 'Chamber Support Officer' for sndesana
2026-02-16 10:24:27,789 - oracle_user_sync_modern - INFO - [process_single_user:1027] - 🔄 Updated user ANDLELA: party:  -> None
2026-02-16 10:24:27,789 - oracle_user_sync_modern - INFO - [handle_group_memberships:1199] - 📝 Using generic staff role for unmapped position 'Audio / Visual Production Specialist' for andlela
2026-02-16 10:24:27,789 - oracle_user_sync_modern - INFO - [handle_group_memberships:1210] - 🔍 Unmapped position detected: 'Audio / Visual Production Specialist' - consider adding to role mapping
2026-02-16 10:24:27,792 - oracle_user_sync_modern - INFO - [process_single_user:1027] - 🔄 Updated user FNDLELA: party:  -> None
2026-02-16 10:24:27,792 - oracle_user_sync_modern - INFO - [handle_group_memberships:1199] - 📝 Using generic staff role for unmapped position 'Creditors Clerk' for fndlela
2026-02-16 10:24:27,796 - oracle_user_sync_modern - INFO - [process_single_user:1027] - 🔄 Updated user LNDLOVU: party:  -> None
2026-02-16 10:24:27,796 - oracle_user_sync_modern - INFO - [handle_group_memberships:1199] - 📝 Using generic staff role for unmapped position 'Business Optimisation Consultant' for lndlovu
2026-02-16 10:24:27,796 - oracle_user_sync_modern - INFO - [handle_group_memberships:1210] - 🔍 Unmapped position detected: 'Business Optimisation Consultant' - consider adding to role mapping
2026-02-16 10:24:27,799 - oracle_user_sync_modern - INFO - [process_single_user:1027] - 🔄 Updated user SNDLOVU: party:  -> None
2026-02-16 10:24:27,799 - oracle_user_sync_modern - INFO - [handle_group_memberships:1199] - 📝 Using generic staff role for unmapped position 'Supplier Database Specialist' for sndlovu
2026-02-16 10:24:27,799 - oracle_user_sync_modern - INFO - [handle_group_memberships:1210] - 🔍 Unmapped position detected: 'Supplier Database Specialist' - consider adding to role mapping
2026-02-16 10:24:27,802 - oracle_user_sync_modern - INFO - [process_single_user:1027] - 🔄 Updated user ONDOU: party:  -> None
2026-02-16 10:24:27,802 - oracle_user_sync_modern - INFO - [handle_group_memberships:1199] - 📝 Using generic staff role for unmapped position 'Committee Assistant' for ondou
2026-02-16 10:24:27,806 - oracle_user_sync_modern - INFO - [process_single_user:1027] - 🔄 Updated user NNDZISHE: party:  -> None
2026-02-16 10:24:27,806 - oracle_user_sync_modern - INFO - [handle_group_memberships:1199] - 📝 Using generic staff role for unmapped position 'Administrative Assistant' for nndzishe
2026-02-16 10:24:27,810 - oracle_user_sync_modern - INFO - [process_single_user:1027] - 🔄 Updated user ALMNEL: party:  -> None
2026-02-16 10:24:27,810 - oracle_user_sync_modern - INFO - [handle_group_memberships:1199] - 📝 Using generic staff role for unmapped position 'Content Advisor' for almnel
2026-02-16 10:24:27,813 - oracle_user_sync_modern - INFO - [process_single_user:1027] - 🔄 Updated user JNEL: party:  -> None
2026-02-16 10:24:27,813 - oracle_user_sync_modern - INFO - [handle_group_memberships:1199] - 📝 Using generic staff role for unmapped position 'Personal Secretary' for jnel
2026-02-16 10:24:27,816 - oracle_user_sync_modern - INFO - [process_single_user:1027] - 🔄 Updated user JONEL: party:  -> None
2026-02-16 10:24:27,816 - oracle_user_sync_modern - INFO - [handle_group_memberships:1199] - 📝 Using generic staff role for unmapped position 'Language Practitioner: Afrikaans' for jonel
2026-02-16 10:24:27,819 - oracle_user_sync_modern - INFO - [process_single_user:1027] - 🔄 Updated user FNENUNGWI: party:  -> None
2026-02-16 10:24:27,819 - oracle_user_sync_modern - INFO - [handle_group_memberships:1199] - 📝 Using generic staff role for unmapped position 'Librarian' for fnenungwi
2026-02-16 10:24:27,823 - oracle_user_sync_modern - INFO - [process_single_user:1027] - 🔄 Updated user GNESBITT: party:  -> None
2026-02-16 10:24:27,823 - oracle_user_sync_modern - INFO - [handle_group_memberships:1193] - 🎯 Mapped position 'Researcher' to specific role 'Researcher' for gnesbitt
2026-02-16 10:24:27,825 - oracle_user_sync_modern - INFO - [handle_group_memberships:1241] - 👥 Added membership: gnesbitt -> Administration (Researcher)
2026-02-16 10:24:27,828 - oracle_user_sync_modern - INFO - [process_single_user:1027] - 🔄 Updated user NNEVESE: party:  -> None
2026-02-16 10:24:27,828 - oracle_user_sync_modern - INFO - [handle_group_memberships:1199] - 📝 Using generic staff role for unmapped position 'Committee Assistant' for nnevese
2026-02-16 10:24:27,831 - oracle_user_sync_modern - INFO - [process_single_user:1027] - 🔄 Updated user ENEZAR: party:  -> None
2026-02-16 10:24:27,831 - oracle_user_sync_modern - INFO - [handle_group_memberships:1199] - 📝 Using generic staff role for unmapped position 'Chief Audit Executive' for enezar
2026-02-16 10:24:27,831 - oracle_user_sync_modern - INFO - [handle_group_memberships:1210] - 🔍 Unmapped position detected: 'Chief Audit Executive' - consider adding to role mapping
2026-02-16 10:24:27,834 - oracle_user_sync_modern - INFO - [process_single_user:1027] - 🔄 Updated user NNFORMI: party:  -> None
2026-02-16 10:24:27,834 - oracle_user_sync_modern - INFO - [handle_group_memberships:1199] - 📝 Using generic staff role for unmapped position 'Secretary' for nnformi
2026-02-16 10:24:27,837 - oracle_user_sync_modern - INFO - [process_single_user:1027] - 🔄 Updated user XNGADA: party:  -> None
2026-02-16 10:24:27,837 - oracle_user_sync_modern - INFO - [handle_group_memberships:1199] - 📝 Using generic staff role for unmapped position 'Maintenance Assistant' for xngada
2026-02-16 10:24:27,840 - oracle_user_sync_modern - INFO - [process_single_user:1027] - 🔄 Updated user CNGAJU: party:  -> None
2026-02-16 10:24:27,841 - oracle_user_sync_modern - INFO - [handle_group_memberships:1199] - 📝 Using generic staff role for unmapped position 'General Cleaner' for cngaju
2026-02-16 10:24:27,844 - oracle_user_sync_modern - INFO - [process_single_user:1027] - 🔄 Updated user BNGAJU: party:  -> None
2026-02-16 10:24:27,844 - oracle_user_sync_modern - INFO - [handle_group_memberships:1199] - 📝 Using generic staff role for unmapped position 'Document Officer' for bngaju
2026-02-16 10:24:27,847 - oracle_user_sync_modern - INFO - [process_single_user:1027] - 🔄 Updated user LNGALEKA: party:  -> None
2026-02-16 10:24:27,847 - oracle_user_sync_modern - INFO - [handle_group_memberships:1199] - 📝 Using generic staff role for unmapped position 'Chief Librarian' for lngaleka
2026-02-16 10:24:27,847 - oracle_user_sync_modern - INFO - [handle_group_memberships:1210] - 🔍 Unmapped position detected: 'Chief Librarian' - consider adding to role mapping
2026-02-16 10:24:27,850 - oracle_user_sync_modern - INFO - [process_single_user:1027] - 🔄 Updated user VNGALEKA: party:  -> None
2026-02-16 10:24:27,851 - oracle_user_sync_modern - INFO - [handle_group_memberships:1199] - 📝 Using generic staff role for unmapped position 'Procedural Adviser' for vngaleka
2026-02-16 10:24:27,854 - oracle_user_sync_modern - INFO - [process_single_user:1027] - 🔄 Updated user LNGCAKU: party:  -> None
2026-02-16 10:24:27,854 - oracle_user_sync_modern - INFO - [handle_group_memberships:1199] - 📝 Using generic staff role for unmapped position 'Language Practitioner: Isixhosa' for lngcaku
2026-02-16 10:24:27,857 - oracle_user_sync_modern - INFO - [process_single_user:1027] - 🔄 Updated user MNGCOBO: party:  -> None
2026-02-16 10:24:27,857 - oracle_user_sync_modern - INFO - [handle_group_memberships:1193] - 🎯 Mapped position 'Protection Officer' to specific role 'Protection Officer' for mngcobo
2026-02-16 10:24:27,859 - oracle_user_sync_modern - INFO - [handle_group_memberships:1241] - 👥 Added membership: mngcobo -> Administration (Protection Officer)
2026-02-16 10:24:27,862 - oracle_user_sync_modern - INFO - [process_single_user:1027] - 🔄 Updated user RKNGCOBO: party:  -> None
2026-02-16 10:24:27,862 - oracle_user_sync_modern - INFO - [handle_group_memberships:1199] - 📝 Using generic staff role for unmapped position 'Executive Director: Office of the Speaker: National Assembly' for rkngcobo
2026-02-16 10:24:27,862 - oracle_user_sync_modern - INFO - [handle_group_memberships:1210] - 🔍 Unmapped position detected: 'Executive Director: Office of the Speaker: National Assembly' - consider adding to role mapping
2026-02-16 10:24:27,866 - oracle_user_sync_modern - INFO - [process_single_user:1027] - 🔄 Updated user ANGCOBOZI: party:  -> None
2026-02-16 10:24:27,866 - oracle_user_sync_modern - INFO - [handle_group_memberships:1199] - 📝 Using generic staff role for unmapped position 'Technical Specialist' for angcobozi
2026-02-16 10:24:27,866 - oracle_user_sync_modern - INFO - [handle_group_memberships:1210] - 🔍 Unmapped position detected: 'Technical Specialist' - consider adding to role mapping
2026-02-16 10:24:27,869 - oracle_user_sync_modern - INFO - [process_single_user:1027] - 🔄 Updated user ANGCONGO: party:  -> None
2026-02-16 10:24:27,869 - oracle_user_sync_modern - INFO - [handle_group_memberships:1199] - 📝 Using generic staff role for unmapped position 'Office Coordinator: HouseChair - International Relations' for angcongo
2026-02-16 10:24:27,870 - oracle_user_sync_modern - INFO - [handle_group_memberships:1210] - 🔍 Unmapped position detected: 'Office Coordinator: HouseChair - International Relations' - consider adding to role mapping
2026-02-16 10:24:27,873 - oracle_user_sync_modern - INFO - [process_single_user:1027] - 🔄 Updated user DNGCOZELA: party:  -> None
2026-02-16 10:24:27,873 - oracle_user_sync_modern - INFO - [handle_group_memberships:1199] - 📝 Using generic staff role for unmapped position 'Chamber Assistant' for dngcozela
2026-02-16 10:24:27,876 - oracle_user_sync_modern - INFO - [process_single_user:1027] - 🔄 Updated user MNGCWAYI: party:  -> None
2026-02-16 10:24:27,876 - oracle_user_sync_modern - INFO - [handle_group_memberships:1199] - 📝 Using generic staff role for unmapped position 'Chamber Support Officer' for mngcwayi
2026-02-16 10:24:27,879 - oracle_user_sync_modern - INFO - [process_single_user:1027] - 🔄 Updated user ONGCWEMBE: party:  -> None
2026-02-16 10:24:27,879 - oracle_user_sync_modern - INFO - [handle_group_memberships:1199] - 📝 Using generic staff role for unmapped position 'Payroll Clerk' for ongcwembe
2026-02-16 10:24:27,879 - oracle_user_sync_modern - INFO - [handle_group_memberships:1210] - 🔍 Unmapped position detected: 'Payroll Clerk' - consider adding to role mapping
2026-02-16 10:24:27,882 - oracle_user_sync_modern - INFO - [process_single_user:1027] - 🔄 Updated user PNGEMA: party:  -> None
2026-02-16 10:24:27,882 - oracle_user_sync_modern - INFO - [handle_group_memberships:1199] - 📝 Using generic staff role for unmapped position 'Parliamentary Legal Adviser' for pngema
2026-02-16 10:24:27,886 - oracle_user_sync_modern - INFO - [process_single_user:1027] - 🔄 Updated user SNGEMA: party:  -> None
2026-02-16 10:24:27,886 - oracle_user_sync_modern - INFO - [handle_group_memberships:1199] - 📝 Using generic staff role for unmapped position 'Infrastructure Support Specialist' for sngema
2026-02-16 10:24:27,886 - oracle_user_sync_modern - INFO - [handle_group_memberships:1210] - 🔍 Unmapped position detected: 'Infrastructure Support Specialist' - consider adding to role mapping
2026-02-16 10:24:27,889 - oracle_user_sync_modern - INFO - [process_single_user:1027] - 🔄 Updated user MNGESE: party:  -> None
2026-02-16 10:24:27,889 - oracle_user_sync_modern - INFO - [handle_group_memberships:1193] - 🎯 Mapped position 'Researcher' to specific role 'Researcher' for mngese
2026-02-16 10:24:27,891 - oracle_user_sync_modern - INFO - [handle_group_memberships:1241] - 👥 Added membership: mngese -> Administration (Researcher)
2026-02-16 10:24:27,896 - oracle_user_sync_modern - INFO - [process_single_user:1027] - 🔄 Updated user SNGESI: party:  -> None
2026-02-16 10:24:27,896 - oracle_user_sync_modern - INFO - [handle_group_memberships:1193] - 🎯 Mapped position 'Researcher' to specific role 'Researcher' for sngesi
2026-02-16 10:24:27,898 - oracle_user_sync_modern - INFO - [handle_group_memberships:1241] - 👥 Added membership: sngesi -> Administration (Researcher)
2026-02-16 10:24:27,901 - oracle_user_sync_modern - INFO - [process_single_user:1027] - 🔄 Updated user NNGEWU: party:  -> None
2026-02-16 10:24:27,901 - oracle_user_sync_modern - INFO - [handle_group_memberships:1199] - 📝 Using generic staff role for unmapped position 'Asset & Inventory Officer' for nngewu
2026-02-16 10:24:27,904 - oracle_user_sync_modern - INFO - [process_single_user:1027] - 🔄 Updated user NANGEWU: party:  -> None
2026-02-16 10:24:27,904 - oracle_user_sync_modern - INFO - [handle_group_memberships:1199] - 📝 Using generic staff role for unmapped position 'Talent Management Consultant' for nangewu
2026-02-16 10:24:27,909 - oracle_user_sync_modern - INFO - [process_single_user:1027] - 🔄 Updated user MNGOEPE: party:  -> None
2026-02-16 10:24:27,909 - oracle_user_sync_modern - INFO - [handle_group_memberships:1199] - 📝 Using generic staff role for unmapped position 'Content Advisor' for mngoepe
2026-02-16 10:24:27,912 - oracle_user_sync_modern - INFO - [process_single_user:1027] - 🔄 Updated user PNGOETJANA: party:  -> None
2026-02-16 10:24:27,912 - oracle_user_sync_modern - INFO - [handle_group_memberships:1199] - 📝 Using generic staff role for unmapped position 'ECM: Analyst Programmer' for pngoetjana
2026-02-16 10:24:27,915 - oracle_user_sync_modern - INFO - [process_single_user:1027] - 🔄 Updated user TNGOMA: party:  -> None
2026-02-16 10:24:27,916 - oracle_user_sync_modern - INFO - [handle_group_memberships:1199] - 📝 Using generic staff role for unmapped position 'Committee Secretary' for tngoma
2026-02-16 10:24:27,919 - oracle_user_sync_modern - INFO - [process_single_user:1027] - 🔄 Updated user ZINGOMA: party:  -> None
2026-02-16 10:24:27,919 - oracle_user_sync_modern - INFO - [handle_group_memberships:1199] - 📝 Using generic staff role for unmapped position 'Fora Officer' for zingoma
2026-02-16 10:24:27,922 - oracle_user_sync_modern - INFO - [process_single_user:1027] - 🔄 Updated user LNGOMANE: party:  -> None
2026-02-16 10:24:27,922 - oracle_user_sync_modern - INFO - [handle_group_memberships:1199] - 📝 Using generic staff role for unmapped position 'Content Advisor' for lngomane
2026-02-16 10:24:27,926 - oracle_user_sync_modern - INFO - [process_single_user:1027] - 🔄 Updated user NNGONDEKA: party:  -> None
2026-02-16 10:24:27,926 - oracle_user_sync_modern - INFO - [handle_group_memberships:1199] - 📝 Using generic staff role for unmapped position 'Food Service Assistant' for nngondeka
2026-02-16 10:24:27,927 - oracle_user_sync_modern - INFO - [sync_users_and_groups:811] - 🔄 Processing batch 12/16 (100 users)
2026-02-16 10:24:27,929 - oracle_user_sync_modern - INFO - [process_single_user:1027] - 🔄 Updated user TNGOQO-DYOSI: party:  -> None
2026-02-16 10:24:27,929 - oracle_user_sync_modern - INFO - [handle_group_memberships:1193] - 🎯 Mapped position 'Administrative Officer' to specific role 'Administrative Officer' for tngoqo-dyosi
2026-02-16 10:24:27,932 - oracle_user_sync_modern - INFO - [handle_group_memberships:1241] - 👥 Added membership: tngoqo-dyosi -> Administration (Administrative Officer)
2026-02-16 10:24:27,935 - oracle_user_sync_modern - INFO - [process_single_user:1027] - 🔄 Updated user XNGOVENI: party:  -> None
2026-02-16 10:24:27,935 - oracle_user_sync_modern - INFO - [handle_group_memberships:1199] - 📝 Using generic staff role for unmapped position 'Media Specialist' for xngoveni
2026-02-16 10:24:27,939 - oracle_user_sync_modern - INFO - [process_single_user:1027] - 🔄 Updated user MNGQAKAMBA: party:  -> None
2026-02-16 10:24:27,939 - oracle_user_sync_modern - INFO - [handle_group_memberships:1199] - 📝 Using generic staff role for unmapped position 'ECM Administrator: Technical' for mngqakamba
2026-02-16 10:24:27,939 - oracle_user_sync_modern - INFO - [handle_group_memberships:1210] - 🔍 Unmapped position detected: 'ECM Administrator: Technical' - consider adding to role mapping
2026-02-16 10:24:27,942 - oracle_user_sync_modern - INFO - [process_single_user:1027] - 🔄 Updated user LNGQEZANA: party:  -> None
2026-02-16 10:24:27,942 - oracle_user_sync_modern - INFO - [handle_group_memberships:1199] - 📝 Using generic staff role for unmapped position 'Strategy Review Advisor' for lngqezana
2026-02-16 10:24:27,942 - oracle_user_sync_modern - INFO - [handle_group_memberships:1210] - 🔍 Unmapped position detected: 'Strategy Review Advisor' - consider adding to role mapping
2026-02-16 10:24:27,946 - oracle_user_sync_modern - INFO - [process_single_user:1027] - 🔄 Updated user ZNGQOYIYA: party:  -> None
2026-02-16 10:24:27,946 - oracle_user_sync_modern - INFO - [handle_group_memberships:1199] - 📝 Using generic staff role for unmapped position 'Helpdesk Co-ordinator' for zngqoyiya
2026-02-16 10:24:27,946 - oracle_user_sync_modern - INFO - [handle_group_memberships:1210] - 🔍 Unmapped position detected: 'Helpdesk Co-ordinator' - consider adding to role mapping
2026-02-16 10:24:27,949 - oracle_user_sync_modern - INFO - [process_single_user:1027] - 🔄 Updated user NNGQWALA: party:  -> None
2026-02-16 10:24:27,949 - oracle_user_sync_modern - INFO - [handle_group_memberships:1193] - 🎯 Mapped position 'Researcher' to specific role 'Researcher' for nngqwala
2026-02-16 10:24:27,951 - oracle_user_sync_modern - INFO - [handle_group_memberships:1241] - 👥 Added membership: nngqwala -> Administration (Researcher)
2026-02-16 10:24:27,954 - oracle_user_sync_modern - INFO - [process_single_user:1027] - 🔄 Updated user ANGQWEBO: party:  -> None
2026-02-16 10:24:27,954 - oracle_user_sync_modern - INFO - [handle_group_memberships:1199] - 📝 Using generic staff role for unmapped position 'Executive Secretary' for angqwebo
2026-02-16 10:24:27,957 - oracle_user_sync_modern - INFO - [process_single_user:1027] - 🔄 Updated user ANGUBANE: party:  -> None
2026-02-16 10:24:27,958 - oracle_user_sync_modern - INFO - [handle_group_memberships:1199] - 📝 Using generic staff role for unmapped position 'Waitron' for angubane
2026-02-16 10:24:27,962 - oracle_user_sync_modern - INFO - [process_single_user:1027] - 🔄 Updated user NNGWABENI: party:  -> None
2026-02-16 10:24:27,962 - oracle_user_sync_modern - INFO - [handle_group_memberships:1199] - 📝 Using generic staff role for unmapped position 'Members Facilities Officer' for nngwabeni
2026-02-16 10:24:27,965 - oracle_user_sync_modern - INFO - [process_single_user:1027] - 🔄 Updated user MNGWANE: party:  -> None
2026-02-16 10:24:27,965 - oracle_user_sync_modern - INFO - [handle_group_memberships:1193] - 🎯 Mapped position 'Project Manager' to specific role 'Project Manager' for mngwane
2026-02-16 10:24:27,968 - oracle_user_sync_modern - INFO - [handle_group_memberships:1241] - 👥 Added membership: mngwane -> Administration (Project Manager)
2026-02-16 10:24:27,970 - oracle_user_sync_modern - INFO - [process_single_user:1027] - 🔄 Updated user KNGWENYA: party:  -> None
2026-02-16 10:24:27,970 - oracle_user_sync_modern - INFO - [handle_group_memberships:1199] - 📝 Using generic staff role for unmapped position 'Senior Language Practitioner: Sepedi' for kngwenya
2026-02-16 10:24:27,974 - oracle_user_sync_modern - INFO - [process_single_user:1027] - 🔄 Updated user NNGWENYA: party:  -> None
2026-02-16 10:24:27,974 - oracle_user_sync_modern - INFO - [handle_group_memberships:1199] - 📝 Using generic staff role for unmapped position 'Administrative Assistant' for nngwenya
2026-02-16 10:24:27,977 - oracle_user_sync_modern - INFO - [process_single_user:1027] - 🔄 Updated user ZNGXISHE: party:  -> None
2026-02-16 10:24:27,977 - oracle_user_sync_modern - INFO - [handle_group_memberships:1193] - 🎯 Mapped position 'Researcher' to specific role 'Researcher' for zngxishe
2026-02-16 10:24:27,979 - oracle_user_sync_modern - INFO - [handle_group_memberships:1241] - 👥 Added membership: zngxishe -> Administration (Researcher)
2026-02-16 10:24:27,984 - oracle_user_sync_modern - INFO - [process_single_user:1027] - 🔄 Updated user NBALENI: party:  -> None
2026-02-16 10:24:27,984 - oracle_user_sync_modern - INFO - [handle_group_memberships:1199] - 📝 Using generic staff role for unmapped position 'Executive Secretary: Committee Chairperson' for nbaleni
2026-02-16 10:24:27,988 - oracle_user_sync_modern - INFO - [process_single_user:1027] - 🔄 Updated user DNKABINDE: party:  -> None
2026-02-16 10:24:27,988 - oracle_user_sync_modern - INFO - [handle_group_memberships:1199] - 📝 Using generic staff role for unmapped position 'Senior Language Practitioner: IsiNdebele' for dnkabinde
2026-02-16 10:24:27,991 - oracle_user_sync_modern - INFO - [process_single_user:1027] - 🔄 Updated user NNKABINDE: party:  -> None
2026-02-16 10:24:27,991 - oracle_user_sync_modern - INFO - [handle_group_memberships:1199] - 📝 Using generic staff role for unmapped position 'Committee Secretary' for nnkabinde
2026-02-16 10:24:27,994 - oracle_user_sync_modern - INFO - [process_single_user:1027] - 🔄 Updated user BNKANGANA: party:  -> None
2026-02-16 10:24:27,994 - oracle_user_sync_modern - INFO - [handle_group_memberships:1199] - 📝 Using generic staff role for unmapped position 'Executive Secretary: Committee Chairperson' for bnkangana
2026-02-16 10:24:27,998 - oracle_user_sync_modern - INFO - [process_single_user:1027] - 🔄 Updated user NSKITASI: party:  -> None
2026-02-16 10:24:27,998 - oracle_user_sync_modern - INFO - [handle_group_memberships:1199] - 📝 Using generic staff role for unmapped position 'International Relations Officer' for nskitasi
2026-02-16 10:24:28,001 - oracle_user_sync_modern - INFO - [process_single_user:1027] - 🔄 Updated user NNKOLONZI: party:  -> None
2026-02-16 10:24:28,001 - oracle_user_sync_modern - INFO - [handle_group_memberships:1199] - 📝 Using generic staff role for unmapped position 'Control Language Practitioner' for nnkolonzi
2026-02-16 10:24:28,011 - oracle_user_sync_modern - INFO - [process_single_user:1027] - 🔄 Updated user MNKOSI: party:  -> None
2026-02-16 10:24:28,011 - oracle_user_sync_modern - INFO - [handle_group_memberships:1199] - 📝 Using generic staff role for unmapped position 'Senior Language Practitioner: SiSwati' for mnkosi
2026-02-16 10:24:28,016 - oracle_user_sync_modern - INFO - [process_single_user:1027] - 🔄 Updated user NNKUNA: party:  -> None
2026-02-16 10:24:28,016 - oracle_user_sync_modern - INFO - [handle_group_memberships:1199] - 📝 Using generic staff role for unmapped position 'Language Practitioner: Xitsonga' for nnkuna
2026-02-16 10:24:28,020 - oracle_user_sync_modern - INFO - [process_single_user:1027] - 🔄 Updated user LNKUNKUMA: party:  -> None
2026-02-16 10:24:28,020 - oracle_user_sync_modern - INFO - [handle_group_memberships:1199] - 📝 Using generic staff role for unmapped position 'Executive Secretary: Committee Chairperson' for lnkunkuma
2026-02-16 10:24:28,024 - oracle_user_sync_modern - INFO - [process_single_user:1027] - 🔄 Updated user LNODADA: party:  -> None
2026-02-16 10:24:28,024 - oracle_user_sync_modern - INFO - [handle_group_memberships:1199] - 📝 Using generic staff role for unmapped position 'Committee Secretary' for lnodada
2026-02-16 10:24:28,027 - oracle_user_sync_modern - INFO - [process_single_user:1027] - 🔄 Updated user KNODODILE: party:  -> None
2026-02-16 10:24:28,027 - oracle_user_sync_modern - INFO - [handle_group_memberships:1199] - 📝 Using generic staff role for unmapped position 'General Cleaner' for knododile
2026-02-16 10:24:28,032 - oracle_user_sync_modern - INFO - [process_single_user:1027] - 🔄 Updated user NNOMANDLA: party:  -> None
2026-02-16 10:24:28,032 - oracle_user_sync_modern - INFO - [handle_group_memberships:1199] - 📝 Using generic staff role for unmapped position 'Executive Secretary: Committee Chairperson' for nnomandla
2026-02-16 10:24:28,036 - oracle_user_sync_modern - INFO - [process_single_user:1027] - 🔄 Updated user WNOMBANDA: party:  -> None
2026-02-16 10:24:28,036 - oracle_user_sync_modern - INFO - [handle_group_memberships:1199] - 📝 Using generic staff role for unmapped position 'Public Relations Specialist' for wnombanda
2026-02-16 10:24:28,039 - oracle_user_sync_modern - INFO - [process_single_user:1027] - 🔄 Updated user MNOMBELA: party:  -> None
2026-02-16 10:24:28,039 - oracle_user_sync_modern - INFO - [handle_group_memberships:1199] - 📝 Using generic staff role for unmapped position 'Section Manager: Catering Services' for mnombela
2026-02-16 10:24:28,039 - oracle_user_sync_modern - INFO - [handle_group_memberships:1210] - 🔍 Unmapped position detected: 'Section Manager: Catering Services' - consider adding to role mapping
2026-02-16 10:24:28,043 - oracle_user_sync_modern - INFO - [process_single_user:1027] - 🔄 Updated user SNONGXA: party:  -> None
2026-02-16 10:24:28,043 - oracle_user_sync_modern - INFO - [handle_group_memberships:1199] - 📝 Using generic staff role for unmapped position 'Junior Travel Financial Administrator' for snongxa
2026-02-16 10:24:28,043 - oracle_user_sync_modern - INFO - [handle_group_memberships:1210] - 🔍 Unmapped position detected: 'Junior Travel Financial Administrator' - consider adding to role mapping
2026-02-16 10:24:28,046 - oracle_user_sync_modern - INFO - [process_single_user:1027] - 🔄 Updated user ANONKENYANA: party:  -> None
2026-02-16 10:24:28,047 - oracle_user_sync_modern - INFO - [handle_group_memberships:1199] - 📝 Using generic staff role for unmapped position 'Maintenance Assistant' for anonkenyana
2026-02-16 10:24:28,054 - oracle_user_sync_modern - INFO - [process_single_user:1027] - 🔄 Updated user BNONYANE: party:  -> None
2026-02-16 10:24:28,054 - oracle_user_sync_modern - INFO - [handle_group_memberships:1199] - 📝 Using generic staff role for unmapped position 'Under Secretary: National Council of Provinces' for bnonyane
2026-02-16 10:24:28,054 - oracle_user_sync_modern - INFO - [handle_group_memberships:1210] - 🔍 Unmapped position detected: 'Under Secretary: National Council of Provinces' - consider adding to role mapping
2026-02-16 10:24:28,057 - oracle_user_sync_modern - INFO - [process_single_user:1027] - 🔄 Updated user KNOPOTE: party:  -> None
2026-02-16 10:24:28,057 - oracle_user_sync_modern - INFO - [handle_group_memberships:1199] - 📝 Using generic staff role for unmapped position 'HR Information Officer' for knopote
2026-02-16 10:24:28,058 - oracle_user_sync_modern - INFO - [handle_group_memberships:1210] - 🔍 Unmapped position detected: 'HR Information Officer' - consider adding to role mapping
2026-02-16 10:24:28,061 - oracle_user_sync_modern - INFO - [process_single_user:1027] - 🔄 Updated user SNOQHAKALA: party:  -> None
2026-02-16 10:24:28,061 - oracle_user_sync_modern - INFO - [handle_group_memberships:1199] - 📝 Using generic staff role for unmapped position 'Catering Assistant' for snoqhakala
2026-02-16 10:24:28,064 - oracle_user_sync_modern - INFO - [process_single_user:1027] - 🔄 Updated user NNOTSHIBI: party:  -> None
2026-02-16 10:24:28,064 - oracle_user_sync_modern - INFO - [handle_group_memberships:1199] - 📝 Using generic staff role for unmapped position 'General Cleaner' for nnotshibi
2026-02-16 10:24:28,068 - oracle_user_sync_modern - INFO - [process_single_user:1027] - 🔄 Updated user RNOURSE: party:  -> None
2026-02-16 10:24:28,068 - oracle_user_sync_modern - INFO - [handle_group_memberships:1199] - 📝 Using generic staff role for unmapped position 'Executive Secretary: Committee Chairperson' for rnourse
2026-02-16 10:24:28,071 - oracle_user_sync_modern - INFO - [process_single_user:1027] - 🔄 Updated user RNOVEMBER: party:  -> None
2026-02-16 10:24:28,071 - oracle_user_sync_modern - INFO - [handle_group_memberships:1199] - 📝 Using generic staff role for unmapped position 'Section Manager: Procurement' for rnovember
2026-02-16 10:24:28,071 - oracle_user_sync_modern - INFO - [handle_group_memberships:1210] - 🔍 Unmapped position detected: 'Section Manager: Procurement' - consider adding to role mapping
2026-02-16 10:24:28,074 - oracle_user_sync_modern - INFO - [process_single_user:1027] - 🔄 Updated user NANOYAKAZA: party:  -> None
2026-02-16 10:24:28,074 - oracle_user_sync_modern - INFO - [handle_group_memberships:1199] - 📝 Using generic staff role for unmapped position 'Maintenance Assistant' for nanoyakaza
2026-02-16 10:24:28,078 - oracle_user_sync_modern - INFO - [process_single_user:1027] - 🔄 Updated user BNQIWA-MBEWU: party:  -> None
2026-02-16 10:24:28,078 - oracle_user_sync_modern - INFO - [handle_group_memberships:1199] - 📝 Using generic staff role for unmapped position 'Maintenance Assistant' for bnqiwa-mbewu
2026-02-16 10:24:28,083 - oracle_user_sync_modern - INFO - [process_single_user:1027] - 🔄 Updated user TNQUBELANI: party:  -> None
2026-02-16 10:24:28,083 - oracle_user_sync_modern - INFO - [handle_group_memberships:1199] - 📝 Using generic staff role for unmapped position 'Language Practitioner: IsiXhosa' for tnqubelani
2026-02-16 10:24:28,086 - oracle_user_sync_modern - INFO - [process_single_user:1027] - 🔄 Updated user PNTABENI: party:  -> None
2026-02-16 10:24:28,086 - oracle_user_sync_modern - INFO - [handle_group_memberships:1199] - 📝 Using generic staff role for unmapped position 'Committee Assistant' for pntabeni
2026-02-16 10:24:28,089 - oracle_user_sync_modern - INFO - [process_single_user:1027] - 🔄 Updated user PNTAKA: party:  -> None
2026-02-16 10:24:28,089 - oracle_user_sync_modern - INFO - [handle_group_memberships:1193] - 🎯 Mapped position 'Researcher' to specific role 'Researcher' for pntaka
2026-02-16 10:24:28,091 - oracle_user_sync_modern - INFO - [handle_group_memberships:1241] - 👥 Added membership: pntaka -> Administration (Researcher)
2026-02-16 10:24:28,094 - oracle_user_sync_modern - INFO - [process_single_user:1027] - 🔄 Updated user NNTAME: party:  -> None
2026-02-16 10:24:28,094 - oracle_user_sync_modern - INFO - [handle_group_memberships:1199] - 📝 Using generic staff role for unmapped position 'Executive Secretary' for nntame
2026-02-16 10:24:28,097 - oracle_user_sync_modern - INFO - [process_single_user:1027] - 🔄 Updated user NNTANJANA: party:  -> None
2026-02-16 10:24:28,097 - oracle_user_sync_modern - INFO - [handle_group_memberships:1199] - 📝 Using generic staff role for unmapped position 'Bid Specialist' for nntanjana
2026-02-16 10:24:28,097 - oracle_user_sync_modern - INFO - [handle_group_memberships:1210] - 🔍 Unmapped position detected: 'Bid Specialist' - consider adding to role mapping
2026-02-16 10:24:28,100 - oracle_user_sync_modern - INFO - [process_single_user:1027] - 🔄 Updated user BNTENTEMA: party:  -> None
2026-02-16 10:24:28,101 - oracle_user_sync_modern - INFO - [handle_group_memberships:1199] - 📝 Using generic staff role for unmapped position 'Language Practitioner: IsiXhosa' for bntentema
2026-02-16 10:24:28,104 - oracle_user_sync_modern - INFO - [process_single_user:1027] - 🔄 Updated user LNTINZI: party:  -> None
2026-02-16 10:24:28,104 - oracle_user_sync_modern - INFO - [handle_group_memberships:1199] - 📝 Using generic staff role for unmapped position 'Executive Secretary: Committee Chairperson' for lntinzi
2026-02-16 10:24:28,108 - oracle_user_sync_modern - INFO - [process_single_user:1027] - 🔄 Updated user NMPIKASHE: party:  -> None
2026-02-16 10:24:28,108 - oracle_user_sync_modern - INFO - [handle_group_memberships:1199] - 📝 Using generic staff role for unmapped position 'Parliamentary Legal Adviser' for nmpikashe
2026-02-16 10:24:28,111 - oracle_user_sync_modern - INFO - [process_single_user:1027] - 🔄 Updated user TNTOAHAE: party:  -> None
2026-02-16 10:24:28,111 - oracle_user_sync_modern - INFO - [handle_group_memberships:1193] - 🎯 Mapped position 'Executive Assistant' to specific role 'Executive Assistant' for tntoahae
2026-02-16 10:24:28,113 - oracle_user_sync_modern - INFO - [handle_group_memberships:1241] - 👥 Added membership: tntoahae -> Administration (Executive Assistant)
2026-02-16 10:24:28,116 - oracle_user_sync_modern - INFO - [process_single_user:1027] - 🔄 Updated user SNTOMBELA: party:  -> None
2026-02-16 10:24:28,116 - oracle_user_sync_modern - INFO - [handle_group_memberships:1199] - 📝 Using generic staff role for unmapped position 'Special Adviser: Office of the Speaker' for sntombela
2026-02-16 10:24:28,116 - oracle_user_sync_modern - INFO - [handle_group_memberships:1210] - 🔍 Unmapped position detected: 'Special Adviser: Office of the Speaker' - consider adding to role mapping
2026-02-16 10:24:28,119 - oracle_user_sync_modern - INFO - [process_single_user:1027] - 🔄 Updated user LNTSABO: party:  -> None
2026-02-16 10:24:28,119 - oracle_user_sync_modern - INFO - [handle_group_memberships:1199] - 📝 Using generic staff role for unmapped position 'Committee Secretary' for lntsabo
2026-02-16 10:24:28,123 - oracle_user_sync_modern - INFO - [process_single_user:1027] - 🔄 Updated user NNTSHAKAZA: party:  -> None
2026-02-16 10:24:28,124 - oracle_user_sync_modern - INFO - [handle_group_memberships:1199] - 📝 Using generic staff role for unmapped position 'Maintenance Assistant' for nntshakaza
2026-02-16 10:24:28,127 - oracle_user_sync_modern - INFO - [process_single_user:1027] - 🔄 Updated user GNTSHANE: party:  -> None
2026-02-16 10:24:28,127 - oracle_user_sync_modern - INFO - [handle_group_memberships:1199] - 📝 Using generic staff role for unmapped position 'Language Practitioner: Setswana' for gntshane
2026-02-16 10:24:28,130 - oracle_user_sync_modern - INFO - [process_single_user:1027] - 🔄 Updated user LNTSHINGA: party:  -> None
2026-02-16 10:24:28,130 - oracle_user_sync_modern - INFO - [handle_group_memberships:1193] - 🎯 Mapped position 'Executive Assistant' to specific role 'Executive Assistant' for lntshinga
2026-02-16 10:24:28,132 - oracle_user_sync_modern - INFO - [handle_group_memberships:1241] - 👥 Added membership: lntshinga -> Administration (Executive Assistant)
2026-02-16 10:24:28,136 - oracle_user_sync_modern - INFO - [process_single_user:1027] - 🔄 Updated user KDIKO: party:  -> None
2026-02-16 10:24:28,136 - oracle_user_sync_modern - INFO - [handle_group_memberships:1199] - 📝 Using generic staff role for unmapped position 'Executive Secretary' for kdiko
2026-02-16 10:24:28,139 - oracle_user_sync_modern - INFO - [process_single_user:1027] - 🔄 Updated user MNTSODO: party:  -> None
2026-02-16 10:24:28,139 - oracle_user_sync_modern - INFO - [handle_group_memberships:1199] - 📝 Using generic staff role for unmapped position 'Media Co-ordinator' for mntsodo
2026-02-16 10:24:28,144 - oracle_user_sync_modern - INFO - [process_single_user:1027] - 🔄 Updated user TPNTULI: party:  -> None
2026-02-16 10:24:28,144 - oracle_user_sync_modern - INFO - [handle_group_memberships:1199] - 📝 Using generic staff role for unmapped position 'Manager: Interpreting' for tpntuli
2026-02-16 10:24:28,144 - oracle_user_sync_modern - INFO - [handle_group_memberships:1210] - 🔍 Unmapped position detected: 'Manager: Interpreting' - consider adding to role mapping
2026-02-16 10:24:28,148 - oracle_user_sync_modern - INFO - [process_single_user:1027] - 🔄 Updated user LNXELEWA: party:  -> None
2026-02-16 10:24:28,148 - oracle_user_sync_modern - INFO - [handle_group_memberships:1199] - 📝 Using generic staff role for unmapped position 'Procedural Officer: NCOP' for lnxelewa
2026-02-16 10:24:28,153 - oracle_user_sync_modern - INFO - [process_single_user:1027] - 🔄 Updated user MNYIKANA: party:  -> None
2026-02-16 10:24:28,153 - oracle_user_sync_modern - INFO - [handle_group_memberships:1199] - 📝 Using generic staff role for unmapped position 'Capacity Building Specialist' for mnyikana
2026-02-16 10:24:28,153 - oracle_user_sync_modern - INFO - [handle_group_memberships:1210] - 🔍 Unmapped position detected: 'Capacity Building Specialist' - consider adding to role mapping
2026-02-16 10:24:28,157 - oracle_user_sync_modern - INFO - [process_single_user:1027] - 🔄 Updated user MNYWASHU: party:  -> None
2026-02-16 10:24:28,157 - oracle_user_sync_modern - INFO - [handle_group_memberships:1199] - 📝 Using generic staff role for unmapped position 'Chamber Support Officer' for mnywashu
2026-02-16 10:24:28,161 - oracle_user_sync_modern - INFO - [process_single_user:1027] - 🔄 Updated user SOCONNOR: party:  -> None
2026-02-16 10:24:28,161 - oracle_user_sync_modern - INFO - [handle_group_memberships:1199] - 📝 Using generic staff role for unmapped position 'Document Officer' for soconnor
2026-02-16 10:24:28,164 - oracle_user_sync_modern - INFO - [process_single_user:1027] - 🔄 Updated user GOBERHOLZER: party:  -> None
2026-02-16 10:24:28,164 - oracle_user_sync_modern - INFO - [handle_group_memberships:1199] - 📝 Using generic staff role for unmapped position 'Sign Language Practitioner' for goberholzer
2026-02-16 10:24:28,167 - oracle_user_sync_modern - INFO - [process_single_user:1027] - 🔄 Updated user AOCTOBER: party:  -> None
2026-02-16 10:24:28,167 - oracle_user_sync_modern - INFO - [handle_group_memberships:1199] - 📝 Using generic staff role for unmapped position 'Copy Editor' for aoctober
2026-02-16 10:24:28,170 - oracle_user_sync_modern - INFO - [process_single_user:1027] - 🔄 Updated user NOKOJIE: party:  -> None
2026-02-16 10:24:28,170 - oracle_user_sync_modern - INFO - [handle_group_memberships:1199] - 📝 Using generic staff role for unmapped position 'Unit Manager: Strategic Sourcing & Acquisitions' for nokojie
2026-02-16 10:24:28,170 - oracle_user_sync_modern - INFO - [handle_group_memberships:1210] - 🔍 Unmapped position detected: 'Unit Manager: Strategic Sourcing & Acquisitions' - consider adding to role mapping
2026-02-16 10:24:28,174 - oracle_user_sync_modern - INFO - [process_single_user:1027] - 🔄 Updated user SOLIPHANT: party:  -> None
2026-02-16 10:24:28,174 - oracle_user_sync_modern - INFO - [handle_group_memberships:1199] - 📝 Using generic staff role for unmapped position 'Sourcing Officer' for soliphant
2026-02-16 10:24:28,177 - oracle_user_sync_modern - INFO - [process_single_user:1027] - 🔄 Updated user SOPPERMAN: party:  -> None
2026-02-16 10:24:28,177 - oracle_user_sync_modern - INFO - [handle_group_memberships:1199] - 📝 Using generic staff role for unmapped position 'Administrative Controller' for sopperman
2026-02-16 10:24:28,177 - oracle_user_sync_modern - INFO - [handle_group_memberships:1210] - 🔍 Unmapped position detected: 'Administrative Controller' - consider adding to role mapping
2026-02-16 10:24:28,180 - oracle_user_sync_modern - INFO - [process_single_user:1027] - 🔄 Updated user NORLANDI: party:  -> None
2026-02-16 10:24:28,180 - oracle_user_sync_modern - INFO - [handle_group_memberships:1199] - 📝 Using generic staff role for unmapped position 'Deputy Director-Senior Analyst [Policy]' for norlandi
2026-02-16 10:24:28,180 - oracle_user_sync_modern - INFO - [handle_group_memberships:1210] - 🔍 Unmapped position detected: 'Deputy Director-Senior Analyst [Policy]' - consider adding to role mapping
2026-02-16 10:24:28,184 - oracle_user_sync_modern - INFO - [process_single_user:1027] - 🔄 Updated user ROSBORNE-MULLINS: party:  -> None
2026-02-16 10:24:28,184 - oracle_user_sync_modern - INFO - [handle_group_memberships:1199] - 📝 Using generic staff role for unmapped position 'Content Advisor' for rosborne-mullins
2026-02-16 10:24:28,187 - oracle_user_sync_modern - INFO - [process_single_user:1027] - 🔄 Updated user GOSMAN: party:  -> None
2026-02-16 10:24:28,187 - oracle_user_sync_modern - INFO - [handle_group_memberships:1199] - 📝 Using generic staff role for unmapped position 'Executive Secretary: Committee Chairperson' for gosman
2026-02-16 10:24:28,190 - oracle_user_sync_modern - INFO - [process_single_user:1027] - 🔄 Updated user AOWEN-JONES: party:  -> None
2026-02-16 10:24:28,191 - oracle_user_sync_modern - INFO - [handle_group_memberships:1199] - 📝 Using generic staff role for unmapped position 'Secretary' for aowen-jones
2026-02-16 10:24:28,195 - oracle_user_sync_modern - INFO - [process_single_user:1027] - 🔄 Updated user MPANDAY: party:  -> None
2026-02-16 10:24:28,195 - oracle_user_sync_modern - INFO - [handle_group_memberships:1199] - 📝 Using generic staff role for unmapped position 'ERP Functional Support' for mpanday
2026-02-16 10:24:28,198 - oracle_user_sync_modern - INFO - [process_single_user:1027] - 🔄 Updated user MPAPO: party:  -> None
2026-02-16 10:24:28,198 - oracle_user_sync_modern - INFO - [handle_group_memberships:1199] - 📝 Using generic staff role for unmapped position 'Language Practitioner: Sepedi' for mpapo
2026-02-16 10:24:28,201 - oracle_user_sync_modern - INFO - [process_single_user:1027] - 🔄 Updated user SPARKER-EMARAN: party:  -> None
2026-02-16 10:24:28,201 - oracle_user_sync_modern - INFO - [handle_group_memberships:1199] - 📝 Using generic staff role for unmapped position 'Financial Services Controller' for sparker-emaran
2026-02-16 10:24:28,204 - oracle_user_sync_modern - INFO - [process_single_user:1027] - 🔄 Updated user VPASE: party:  -> None
2026-02-16 10:24:28,204 - oracle_user_sync_modern - INFO - [handle_group_memberships:1199] - 📝 Using generic staff role for unmapped position 'Operator Support Personnel' for vpase
2026-02-16 10:24:28,207 - oracle_user_sync_modern - INFO - [process_single_user:1027] - 🔄 Updated user KPASIYA-MNDENDE: party:  -> None
2026-02-16 10:24:28,207 - oracle_user_sync_modern - INFO - [handle_group_memberships:1199] - 📝 Using generic staff role for unmapped position 'Committee Secretary' for kpasiya-mndende
2026-02-16 10:24:28,211 - oracle_user_sync_modern - INFO - [process_single_user:1027] - 🔄 Updated user LPASSENS-JACKSON: party:  -> None
2026-02-16 10:24:28,211 - oracle_user_sync_modern - INFO - [handle_group_memberships:1199] - 📝 Using generic staff role for unmapped position 'Chef' for lpassens-jackson
2026-02-16 10:24:28,214 - oracle_user_sync_modern - INFO - [process_single_user:1027] - 🔄 Updated user BPAULSE: party:  -> None
2026-02-16 10:24:28,214 - oracle_user_sync_modern - INFO - [handle_group_memberships:1199] - 📝 Using generic staff role for unmapped position 'Senior Researcher' for bpaulse
2026-02-16 10:24:28,217 - oracle_user_sync_modern - INFO - [process_single_user:1027] - 🔄 Updated user CPAULSE: party:  -> None
2026-02-16 10:24:28,217 - oracle_user_sync_modern - INFO - [handle_group_memberships:1199] - 📝 Using generic staff role for unmapped position 'International Relations Officer' for cpaulse
2026-02-16 10:24:28,220 - oracle_user_sync_modern - INFO - [process_single_user:1027] - 🔄 Updated user JPAULSE: party:  -> None
2026-02-16 10:24:28,220 - oracle_user_sync_modern - INFO - [handle_group_memberships:1199] - 📝 Using generic staff role for unmapped position 'Maintenance Assistant: Finance' for jpaulse
2026-02-16 10:24:28,220 - oracle_user_sync_modern - INFO - [handle_group_memberships:1210] - 🔍 Unmapped position detected: 'Maintenance Assistant: Finance' - consider adding to role mapping
2026-02-16 10:24:28,222 - oracle_user_sync_modern - INFO - [sync_users_and_groups:811] - 🔄 Processing batch 13/16 (100 users)
2026-02-16 10:24:28,224 - oracle_user_sync_modern - INFO - [process_single_user:1027] - 🔄 Updated user JPAULSEN: party:  -> None
2026-02-16 10:24:28,224 - oracle_user_sync_modern - INFO - [handle_group_memberships:1199] - 📝 Using generic staff role for unmapped position 'International Relations Assistant' for jpaulsen
2026-02-16 10:24:28,230 - oracle_user_sync_modern - INFO - [process_single_user:1027] - 🔄 Updated user SPEER: party:  -> None
2026-02-16 10:24:28,230 - oracle_user_sync_modern - INFO - [handle_group_memberships:1199] - 📝 Using generic staff role for unmapped position 'Legal Assistant' for speer
2026-02-16 10:24:28,230 - oracle_user_sync_modern - INFO - [handle_group_memberships:1210] - 🔍 Unmapped position detected: 'Legal Assistant' - consider adding to role mapping
2026-02-16 10:24:28,233 - oracle_user_sync_modern - INFO - [process_single_user:1027] - 🔄 Updated user MPENWARDEN: party:  -> None
2026-02-16 10:24:28,233 - oracle_user_sync_modern - INFO - [handle_group_memberships:1199] - 📝 Using generic staff role for unmapped position 'Language Practitioner: Afrikaans' for mpenwarden
2026-02-16 10:24:28,238 - oracle_user_sync_modern - INFO - [process_single_user:1027] - 🔄 Updated user PPETER: party:  -> None
2026-02-16 10:24:28,238 - oracle_user_sync_modern - INFO - [handle_group_memberships:1199] - 📝 Using generic staff role for unmapped position 'Members Support Officer' for ppeter
2026-02-16 10:24:28,238 - oracle_user_sync_modern - INFO - [handle_group_memberships:1210] - 🔍 Unmapped position detected: 'Members Support Officer' - consider adding to role mapping
2026-02-16 10:24:28,241 - oracle_user_sync_modern - INFO - [process_single_user:1027] - 🔄 Updated user SHPETERS: party:  -> None
2026-02-16 10:24:28,241 - oracle_user_sync_modern - INFO - [handle_group_memberships:1199] - 📝 Using generic staff role for unmapped position 'Service Officer' for shpeters
2026-02-16 10:24:28,245 - oracle_user_sync_modern - INFO - [process_single_user:1027] - 🔄 Updated user APETERSEN: party:  -> None
2026-02-16 10:24:28,245 - oracle_user_sync_modern - INFO - [handle_group_memberships:1199] - 📝 Using generic staff role for unmapped position 'Section Manager: Language Services' for apetersen
2026-02-16 10:24:28,245 - oracle_user_sync_modern - INFO - [handle_group_memberships:1210] - 🔍 Unmapped position detected: 'Section Manager: Language Services' - consider adding to role mapping
2026-02-16 10:24:28,250 - oracle_user_sync_modern - INFO - [process_single_user:1027] - 🔄 Updated user KEPETERSEN: party:  -> None
2026-02-16 10:24:28,250 - oracle_user_sync_modern - INFO - [handle_group_memberships:1199] - 📝 Using generic staff role for unmapped position 'Waitron' for kepetersen
2026-02-16 10:24:28,253 - oracle_user_sync_modern - INFO - [process_single_user:1027] - 🔄 Updated user LLPETERSEN: party:  -> None
2026-02-16 10:24:28,253 - oracle_user_sync_modern - INFO - [handle_group_memberships:1193] - 🎯 Mapped position 'Service Desk Operator' to specific role 'Service Desk Operator' for llpetersen
2026-02-16 10:24:28,255 - oracle_user_sync_modern - INFO - [handle_group_memberships:1241] - 👥 Added membership: llpetersen -> Administration (Service Desk Operator)
2026-02-16 10:24:28,258 - oracle_user_sync_modern - INFO - [process_single_user:1027] - 🔄 Updated user RPETERSEN: party:  -> None
2026-02-16 10:24:28,258 - oracle_user_sync_modern - INFO - [handle_group_memberships:1199] - 📝 Using generic staff role for unmapped position 'Senior Protection Officer' for rpetersen
2026-02-16 10:24:28,261 - oracle_user_sync_modern - INFO - [process_single_user:1027] - 🔄 Updated user APETLELE: party:  -> None
2026-02-16 10:24:28,261 - oracle_user_sync_modern - INFO - [handle_group_memberships:1199] - 📝 Using generic staff role for unmapped position 'Public Education Practitioner' for apetlele
2026-02-16 10:24:28,265 - oracle_user_sync_modern - INFO - [process_single_user:1027] - 🔄 Updated user NPEYI: party:  -> None
2026-02-16 10:24:28,265 - oracle_user_sync_modern - INFO - [handle_group_memberships:1199] - 📝 Using generic staff role for unmapped position 'Technician' for npeyi
2026-02-16 10:24:28,268 - oracle_user_sync_modern - INFO - [process_single_user:1027] - 🔄 Updated user SPEZI: party:  -> None
2026-02-16 10:24:28,268 - oracle_user_sync_modern - INFO - [handle_group_memberships:1199] - 📝 Using generic staff role for unmapped position 'Legal Assistant' for spezi
2026-02-16 10:24:28,271 - oracle_user_sync_modern - INFO - [process_single_user:1027] - 🔄 Updated user CPHAFULI: party:  -> None
2026-02-16 10:24:28,271 - oracle_user_sync_modern - INFO - [handle_group_memberships:1199] - 📝 Using generic staff role for unmapped position 'Language Practitioner: Sesotho' for cphafuli
2026-02-16 10:24:28,274 - oracle_user_sync_modern - INFO - [process_single_user:1027] - 🔄 Updated user KPAKADE: party:  -> None
2026-02-16 10:24:28,274 - oracle_user_sync_modern - INFO - [handle_group_memberships:1199] - 📝 Using generic staff role for unmapped position 'Switchboard Operator: PCS' for kpakade
2026-02-16 10:24:28,279 - oracle_user_sync_modern - INFO - [process_single_user:1027] - 🔄 Updated user MPHAO: party:  -> None
2026-02-16 10:24:28,279 - oracle_user_sync_modern - INFO - [handle_group_memberships:1199] - 📝 Using generic staff role for unmapped position 'Intranet Administrator' for mphao
2026-02-16 10:24:28,279 - oracle_user_sync_modern - INFO - [handle_group_memberships:1210] - 🔍 Unmapped position detected: 'Intranet Administrator' - consider adding to role mapping
2026-02-16 10:24:28,282 - oracle_user_sync_modern - INFO - [process_single_user:1027] - 🔄 Updated user JPHAWENI: party:  -> None
2026-02-16 10:24:28,282 - oracle_user_sync_modern - INFO - [handle_group_memberships:1199] - 📝 Using generic staff role for unmapped position 'Head: Policy Management' for jphaweni
2026-02-16 10:24:28,282 - oracle_user_sync_modern - INFO - [handle_group_memberships:1210] - 🔍 Unmapped position detected: 'Head: Policy Management' - consider adding to role mapping
2026-02-16 10:24:28,285 - oracle_user_sync_modern - INFO - [process_single_user:1027] - 🔄 Updated user MPHINDELA: party:  -> None
2026-02-16 10:24:28,285 - oracle_user_sync_modern - INFO - [handle_group_memberships:1199] - 📝 Using generic staff role for unmapped position 'Secretary To The National Council Of Provinces' for mphindela
2026-02-16 10:24:28,285 - oracle_user_sync_modern - INFO - [handle_group_memberships:1210] - 🔍 Unmapped position detected: 'Secretary To The National Council Of Provinces' - consider adding to role mapping
2026-02-16 10:24:28,290 - oracle_user_sync_modern - INFO - [process_single_user:1027] - 🔄 Updated user NPHITHI: party:  -> None
2026-02-16 10:24:28,290 - oracle_user_sync_modern - INFO - [handle_group_memberships:1199] - 📝 Using generic staff role for unmapped position 'Central PDO Co-Ordinator' for nphithi
2026-02-16 10:24:28,290 - oracle_user_sync_modern - INFO - [handle_group_memberships:1210] - 🔍 Unmapped position detected: 'Central PDO Co-Ordinator' - consider adding to role mapping
2026-02-16 10:24:28,294 - oracle_user_sync_modern - INFO - [process_single_user:1027] - 🔄 Updated user CPICK: party:  -> None
2026-02-16 10:24:28,294 - oracle_user_sync_modern - INFO - [handle_group_memberships:1199] - 📝 Using generic staff role for unmapped position 'Editing Assistant' for cpick
2026-02-16 10:24:28,294 - oracle_user_sync_modern - INFO - [handle_group_memberships:1210] - 🔍 Unmapped position detected: 'Editing Assistant' - consider adding to role mapping
2026-02-16 10:24:28,299 - oracle_user_sync_modern - INFO - [process_single_user:1027] - 🔄 Updated user APIETERS: party:  -> None
2026-02-16 10:24:28,299 - oracle_user_sync_modern - INFO - [handle_group_memberships:1199] - 📝 Using generic staff role for unmapped position 'Principal Service Officer' for apieters
2026-02-16 10:24:28,299 - oracle_user_sync_modern - INFO - [handle_group_memberships:1210] - 🔍 Unmapped position detected: 'Principal Service Officer' - consider adding to role mapping
2026-02-16 10:24:28,302 - oracle_user_sync_modern - INFO - [process_single_user:1027] - 🔄 Updated user JPIETERSE: party:  -> None
2026-02-16 10:24:28,302 - oracle_user_sync_modern - INFO - [handle_group_memberships:1199] - 📝 Using generic staff role for unmapped position 'Manager: MIS' for jpieterse
2026-02-16 10:24:28,302 - oracle_user_sync_modern - INFO - [handle_group_memberships:1210] - 🔍 Unmapped position detected: 'Manager: MIS' - consider adding to role mapping
2026-02-16 10:24:28,305 - oracle_user_sync_modern - INFO - [process_single_user:1027] - 🔄 Updated user APIETERSEN: party:  -> None
2026-02-16 10:24:28,305 - oracle_user_sync_modern - INFO - [handle_group_memberships:1199] - 📝 Using generic staff role for unmapped position 'General Cleaner' for apietersen
2026-02-16 10:24:28,309 - oracle_user_sync_modern - INFO - [process_single_user:1027] - 🔄 Updated user MPIETERSEN: party:  -> None
2026-02-16 10:24:28,309 - oracle_user_sync_modern - INFO - [handle_group_memberships:1199] - 📝 Using generic staff role for unmapped position 'Driver' for mpietersen
2026-02-16 10:24:28,312 - oracle_user_sync_modern - INFO - [process_single_user:1027] - 🔄 Updated user MPILLAY: party:  -> None
2026-02-16 10:24:28,312 - oracle_user_sync_modern - INFO - [handle_group_memberships:1199] - 📝 Using generic staff role for unmapped position 'Public Education Practitioner' for mpillay
2026-02-16 10:24:28,315 - oracle_user_sync_modern - INFO - [process_single_user:1027] - 🔄 Updated user PPILLAY: party:  -> None
2026-02-16 10:24:28,315 - oracle_user_sync_modern - INFO - [handle_group_memberships:1199] - 📝 Using generic staff role for unmapped position 'Chef' for ppillay
2026-02-16 10:24:28,318 - oracle_user_sync_modern - INFO - [process_single_user:1027] - 🔄 Updated user EPITERE: party:  -> None
2026-02-16 10:24:28,318 - oracle_user_sync_modern - INFO - [handle_group_memberships:1199] - 📝 Using generic staff role for unmapped position 'Senior Technician: Sound & Vision' for epitere
2026-02-16 10:24:28,321 - oracle_user_sync_modern - INFO - [process_single_user:1027] - 🔄 Updated user UPITYANA: party:  -> None
2026-02-16 10:24:28,321 - oracle_user_sync_modern - INFO - [handle_group_memberships:1199] - 📝 Using generic staff role for unmapped position 'HR Business Partner' for upityana
2026-02-16 10:24:28,325 - oracle_user_sync_modern - INFO - [process_single_user:1027] - 🔄 Updated user SHPLAATJIE: party:  -> None
2026-02-16 10:24:28,325 - oracle_user_sync_modern - INFO - [handle_group_memberships:1199] - 📝 Using generic staff role for unmapped position 'Librarian' for shplaatjie
2026-02-16 10:24:28,328 - oracle_user_sync_modern - INFO - [process_single_user:1027] - 🔄 Updated user MPLAATJIES: party:  -> None
2026-02-16 10:24:28,328 - oracle_user_sync_modern - INFO - [handle_group_memberships:1199] - 📝 Using generic staff role for unmapped position 'Procedural Adviser' for mplaatjies
2026-02-16 10:24:28,332 - oracle_user_sync_modern - INFO - [process_single_user:1027] - 🔄 Updated user OPLUM: party:  -> None
2026-02-16 10:24:28,332 - oracle_user_sync_modern - INFO - [handle_group_memberships:1199] - 📝 Using generic staff role for unmapped position 'Visitor Programme Organiser' for oplum
2026-02-16 10:24:28,335 - oracle_user_sync_modern - INFO - [process_single_user:1027] - 🔄 Updated user CPOCKPASS: party:  -> None
2026-02-16 10:24:28,335 - oracle_user_sync_modern - INFO - [handle_group_memberships:1199] - 📝 Using generic staff role for unmapped position 'Chamber Support Officer' for cpockpass
2026-02-16 10:24:28,338 - oracle_user_sync_modern - INFO - [process_single_user:1027] - 🔄 Updated user UPOKWANA: party:  -> None
2026-02-16 10:24:28,338 - oracle_user_sync_modern - INFO - [handle_group_memberships:1199] - 📝 Using generic staff role for unmapped position 'Manager: Strategy, Planning, Monitoring & Evaluation' for upokwana
2026-02-16 10:24:28,338 - oracle_user_sync_modern - INFO - [handle_group_memberships:1210] - 🔍 Unmapped position detected: 'Manager: Strategy, Planning, Monitoring & Evaluation' - consider adding to role mapping
2026-02-16 10:24:28,341 - oracle_user_sync_modern - INFO - [process_single_user:1027] - 🔄 Updated user RPOLIAH: party:  -> None
2026-02-16 10:24:28,342 - oracle_user_sync_modern - INFO - [handle_group_memberships:1199] - 📝 Using generic staff role for unmapped position 'Section Manager: Information Technology' for rpoliah
2026-02-16 10:24:28,342 - oracle_user_sync_modern - INFO - [handle_group_memberships:1210] - 🔍 Unmapped position detected: 'Section Manager: Information Technology' - consider adding to role mapping
2026-02-16 10:24:28,346 - oracle_user_sync_modern - INFO - [process_single_user:1027] - 🔄 Updated user JPOTGIETER: party:  -> None
2026-02-16 10:24:28,346 - oracle_user_sync_modern - INFO - [handle_group_memberships:1199] - 📝 Using generic staff role for unmapped position 'ERP Functional Support' for jpotgieter
2026-02-16 10:24:28,350 - oracle_user_sync_modern - INFO - [process_single_user:1027] - 🔄 Updated user MPOTGIETER: party:  -> None
2026-02-16 10:24:28,350 - oracle_user_sync_modern - INFO - [handle_group_memberships:1199] - 📝 Using generic staff role for unmapped position 'Data Controller' for mpotgieter
2026-02-16 10:24:28,350 - oracle_user_sync_modern - INFO - [handle_group_memberships:1210] - 🔍 Unmapped position detected: 'Data Controller' - consider adding to role mapping
2026-02-16 10:24:28,353 - oracle_user_sync_modern - INFO - [process_single_user:1027] - 🔄 Updated user MVPOTGIETER: party:  -> None
2026-02-16 10:24:28,354 - oracle_user_sync_modern - INFO - [handle_group_memberships:1199] - 📝 Using generic staff role for unmapped position 'Executive Secretary' for mvpotgieter
2026-02-16 10:24:28,357 - oracle_user_sync_modern - INFO - [process_single_user:1027] - 🔄 Updated user LPOTLAKI: party:  -> None
2026-02-16 10:24:28,357 - oracle_user_sync_modern - INFO - [handle_group_memberships:1199] - 📝 Using generic staff role for unmapped position 'Language Practitioner: Sesotho' for lpotlaki
2026-02-16 10:24:28,361 - oracle_user_sync_modern - INFO - [process_single_user:1027] - 🔄 Updated user CPRETORIUS: party:  -> None
2026-02-16 10:24:28,361 - oracle_user_sync_modern - INFO - [handle_group_memberships:1199] - 📝 Using generic staff role for unmapped position 'Chamber Support Officer' for cpretorius
2026-02-16 10:24:28,364 - oracle_user_sync_modern - INFO - [process_single_user:1027] - 🔄 Updated user MPRINCE: party:  -> None
2026-02-16 10:24:28,364 - oracle_user_sync_modern - INFO - [handle_group_memberships:1199] - 📝 Using generic staff role for unmapped position 'Parliamentary Legal Adviser' for mprince
2026-02-16 10:24:28,369 - oracle_user_sync_modern - INFO - [process_single_user:1027] - 🔄 Updated user SPULEY: party:  -> None
2026-02-16 10:24:28,369 - oracle_user_sync_modern - INFO - [handle_group_memberships:1193] - 🎯 Mapped position 'Executive Assistant' to specific role 'Executive Assistant' for spuley
2026-02-16 10:24:28,371 - oracle_user_sync_modern - INFO - [handle_group_memberships:1241] - 👥 Added membership: spuley -> Administration (Executive Assistant)
2026-02-16 10:24:28,374 - oracle_user_sync_modern - INFO - [process_single_user:1027] - 🔄 Updated user SQILIKWANA: party:  -> None
2026-02-16 10:24:28,374 - oracle_user_sync_modern - INFO - [handle_group_memberships:1199] - 📝 Using generic staff role for unmapped position 'General Cleaner' for sqilikwana
2026-02-16 10:24:28,377 - oracle_user_sync_modern - INFO - [process_single_user:1027] - 🔄 Updated user PQIQIMANA: party:  -> None
2026-02-16 10:24:28,377 - oracle_user_sync_modern - INFO - [handle_group_memberships:1199] - 📝 Using generic staff role for unmapped position 'Chamber Support Officer' for pqiqimana
2026-02-16 10:24:28,380 - oracle_user_sync_modern - INFO - [process_single_user:1027] - 🔄 Updated user MQUARRIE: party:  -> None
2026-02-16 10:24:28,381 - oracle_user_sync_modern - INFO - [handle_group_memberships:1199] - 📝 Using generic staff role for unmapped position 'Executive Assistant: House Chair: Internal Arrangements' for mquarrie
2026-02-16 10:24:28,381 - oracle_user_sync_modern - INFO - [handle_group_memberships:1210] - 🔍 Unmapped position detected: 'Executive Assistant: House Chair: Internal Arrangements' - consider adding to role mapping
2026-02-16 10:24:28,384 - oracle_user_sync_modern - INFO - [process_single_user:1027] - 🔄 Updated user AQUBEKA: party:  -> None
2026-02-16 10:24:28,384 - oracle_user_sync_modern - INFO - [handle_group_memberships:1199] - 📝 Using generic staff role for unmapped position 'Chamber Support Officer' for aqubeka
2026-02-16 10:24:28,387 - oracle_user_sync_modern - INFO - [process_single_user:1027] - 🔄 Updated user NQWABE: party:  -> None
2026-02-16 10:24:28,387 - oracle_user_sync_modern - INFO - [handle_group_memberships:1193] - 🎯 Mapped position 'Researcher' to specific role 'Researcher' for nqwabe
2026-02-16 10:24:28,389 - oracle_user_sync_modern - INFO - [handle_group_memberships:1241] - 👥 Added membership: nqwabe -> Administration (Researcher)
2026-02-16 10:24:28,395 - oracle_user_sync_modern - INFO - [process_single_user:1027] - 🔄 Updated user MRADINGOANA: party:  -> None
2026-02-16 10:24:28,395 - oracle_user_sync_modern - INFO - [handle_group_memberships:1193] - 🎯 Mapped position 'Desktop Technician' to specific role 'Desktop Technician' for mradingoana
2026-02-16 10:24:28,397 - oracle_user_sync_modern - INFO - [handle_group_memberships:1241] - 👥 Added membership: mradingoana -> Administration (Desktop Technician)
2026-02-16 10:24:28,400 - oracle_user_sync_modern - INFO - [process_single_user:1027] - 🔄 Updated user ZRAHIM: party:  -> None
2026-02-16 10:24:28,400 - oracle_user_sync_modern - INFO - [handle_group_memberships:1193] - 🎯 Mapped position 'Researcher' to specific role 'Researcher' for zrahim
2026-02-16 10:24:28,402 - oracle_user_sync_modern - INFO - [handle_group_memberships:1241] - 👥 Added membership: zrahim -> Administration (Researcher)
2026-02-16 10:24:28,405 - oracle_user_sync_modern - INFO - [process_single_user:1027] - 🔄 Updated user VRAMAANO: party:  -> None
2026-02-16 10:24:28,405 - oracle_user_sync_modern - INFO - [handle_group_memberships:1199] - 📝 Using generic staff role for unmapped position 'Committee Secretary' for vramaano
2026-02-16 10:24:28,411 - oracle_user_sync_modern - INFO - [process_single_user:1027] - 🔄 Updated user MRAMSAMI: party:  -> None
2026-02-16 10:24:28,411 - oracle_user_sync_modern - INFO - [handle_group_memberships:1199] - 📝 Using generic staff role for unmapped position 'Administrative Assistant: Telephone Management' for mramsami
2026-02-16 10:24:28,411 - oracle_user_sync_modern - INFO - [handle_group_memberships:1210] - 🔍 Unmapped position detected: 'Administrative Assistant: Telephone Management' - consider adding to role mapping
2026-02-16 10:24:28,415 - oracle_user_sync_modern - INFO - [process_single_user:1027] - 🔄 Updated user ARATHUMBU: party:  -> None
2026-02-16 10:24:28,415 - oracle_user_sync_modern - INFO - [handle_group_memberships:1199] - 📝 Using generic staff role for unmapped position 'Senior Language Practitioner: Tshivenda' for arathumbu
2026-02-16 10:24:28,418 - oracle_user_sync_modern - INFO - [process_single_user:1027] - 🔄 Updated user ERATSHIVHANDA: party:  -> None
2026-02-16 10:24:28,418 - oracle_user_sync_modern - INFO - [handle_group_memberships:1199] - 📝 Using generic staff role for unmapped position 'Language Practitioner: Tshivenda' for eratshivhanda
2026-02-16 10:24:28,422 - oracle_user_sync_modern - INFO - [process_single_user:1027] - 🔄 Updated user SREGAL: party:  -> None
2026-02-16 10:24:28,422 - oracle_user_sync_modern - INFO - [handle_group_memberships:1193] - 🎯 Mapped position 'Executive Assistant' to specific role 'Executive Assistant' for sregal
2026-02-16 10:24:28,424 - oracle_user_sync_modern - INFO - [handle_group_memberships:1241] - 👥 Added membership: sregal -> Administration (Executive Assistant)
2026-02-16 10:24:28,427 - oracle_user_sync_modern - INFO - [process_single_user:1027] - 🔄 Updated user CRHODE: party:  -> None
2026-02-16 10:24:28,427 - oracle_user_sync_modern - INFO - [handle_group_memberships:1193] - 🎯 Mapped position 'Protection Officer' to specific role 'Protection Officer' for crhode
2026-02-16 10:24:28,429 - oracle_user_sync_modern - INFO - [handle_group_memberships:1241] - 👥 Added membership: crhode -> Administration (Protection Officer)
2026-02-16 10:24:28,433 - oracle_user_sync_modern - INFO - [process_single_user:1027] - 🔄 Updated user BROBERTS: party:  -> None
2026-02-16 10:24:28,433 - oracle_user_sync_modern - INFO - [handle_group_memberships:1199] - 📝 Using generic staff role for unmapped position 'Risk & Governance Manager' for broberts
2026-02-16 10:24:28,433 - oracle_user_sync_modern - INFO - [handle_group_memberships:1210] - 🔍 Unmapped position detected: 'Risk & Governance Manager' - consider adding to role mapping
2026-02-16 10:24:28,436 - oracle_user_sync_modern - INFO - [process_single_user:1027] - 🔄 Updated user RROBYN: party:  -> None
2026-02-16 10:24:28,436 - oracle_user_sync_modern - INFO - [handle_group_memberships:1199] - 📝 Using generic staff role for unmapped position 'Chamber Support Officer' for rrobyn
2026-02-16 10:24:28,441 - oracle_user_sync_modern - INFO - [process_single_user:1027] - 🔄 Updated user LROSSOUW: party:  -> None
2026-02-16 10:24:28,441 - oracle_user_sync_modern - INFO - [handle_group_memberships:1199] - 📝 Using generic staff role for unmapped position 'Controller Debtors' for lrossouw
2026-02-16 10:24:28,441 - oracle_user_sync_modern - INFO - [handle_group_memberships:1210] - 🔍 Unmapped position detected: 'Controller Debtors' - consider adding to role mapping
2026-02-16 10:24:28,444 - oracle_user_sync_modern - INFO - [process_single_user:1027] - 🔄 Updated user FROYI: party:  -> None
2026-02-16 10:24:28,444 - oracle_user_sync_modern - INFO - [handle_group_memberships:1199] - 📝 Using generic staff role for unmapped position 'General Cleaner' for froyi
2026-02-16 10:24:28,447 - oracle_user_sync_modern - INFO - [process_single_user:1027] - 🔄 Updated user SRUITERS: party:  -> None
2026-02-16 10:24:28,447 - oracle_user_sync_modern - INFO - [handle_group_memberships:1199] - 📝 Using generic staff role for unmapped position 'Waitron' for sruiters
2026-02-16 10:24:28,450 - oracle_user_sync_modern - INFO - [process_single_user:1027] - 🔄 Updated user LRWEXANA-ZAZINI: party:  -> None
2026-02-16 10:24:28,450 - oracle_user_sync_modern - INFO - [handle_group_memberships:1193] - 🎯 Mapped position 'Executive Assistant' to specific role 'Executive Assistant' for lrwexana-zazini
2026-02-16 10:24:28,453 - oracle_user_sync_modern - INFO - [handle_group_memberships:1241] - 👥 Added membership: lrwexana-zazini -> Administration (Executive Assistant)
2026-02-16 10:24:28,457 - oracle_user_sync_modern - INFO - [process_single_user:1027] - 🔄 Updated user LSAIT: party:  -> None
2026-02-16 10:24:28,457 - oracle_user_sync_modern - INFO - [handle_group_memberships:1199] - 📝 Using generic staff role for unmapped position 'Manager: Strategic Liaison and Co-Ordination' for lsait
2026-02-16 10:24:28,457 - oracle_user_sync_modern - INFO - [handle_group_memberships:1210] - 🔍 Unmapped position detected: 'Manager: Strategic Liaison and Co-Ordination' - consider adding to role mapping
2026-02-16 10:24:28,460 - oracle_user_sync_modern - INFO - [process_single_user:1027] - 🔄 Updated user ZSAKASA: party:  -> None
2026-02-16 10:24:28,460 - oracle_user_sync_modern - INFO - [handle_group_memberships:1199] - 📝 Using generic staff role for unmapped position 'Committee Secretary' for zsakasa
2026-02-16 10:24:28,463 - oracle_user_sync_modern - INFO - [process_single_user:1027] - 🔄 Updated user NSAKI: party:  -> None
2026-02-16 10:24:28,463 - oracle_user_sync_modern - INFO - [handle_group_memberships:1199] - 📝 Using generic staff role for unmapped position 'Catering Assistant' for nsaki
2026-02-16 10:24:28,466 - oracle_user_sync_modern - INFO - [process_single_user:1027] - 🔄 Updated user GSALIE: party:  -> None
2026-02-16 10:24:28,466 - oracle_user_sync_modern - INFO - [handle_group_memberships:1199] - 📝 Using generic staff role for unmapped position 'Executive Secretary: Committee Chairperson' for gsalie
2026-02-16 10:24:28,469 - oracle_user_sync_modern - INFO - [process_single_user:1027] - 🔄 Updated user HSALIE: party:  -> None
2026-02-16 10:24:28,469 - oracle_user_sync_modern - INFO - [handle_group_memberships:1199] - 📝 Using generic staff role for unmapped position 'Committee Secretary' for hsalie
2026-02-16 10:24:28,473 - oracle_user_sync_modern - INFO - [process_single_user:1027] - 🔄 Updated user ASALMON: party:  -> None
2026-02-16 10:24:28,473 - oracle_user_sync_modern - INFO - [handle_group_memberships:1199] - 📝 Using generic staff role for unmapped position 'Content Advisor' for asalmon
2026-02-16 10:24:28,476 - oracle_user_sync_modern - INFO - [process_single_user:1027] - 🔄 Updated user NSAMSODIEN: party:  -> None
2026-02-16 10:24:28,476 - oracle_user_sync_modern - INFO - [handle_group_memberships:1199] - 📝 Using generic staff role for unmapped position 'Waitron' for nsamsodien
2026-02-16 10:24:28,479 - oracle_user_sync_modern - INFO - [process_single_user:1027] - 🔄 Updated user DSAMUELS: party:  -> None
2026-02-16 10:24:28,479 - oracle_user_sync_modern - INFO - [handle_group_memberships:1199] - 📝 Using generic staff role for unmapped position 'Papers Store Assistant' for dsamuels
2026-02-16 10:24:28,484 - oracle_user_sync_modern - INFO - [process_single_user:1027] - 🔄 Updated user ESAPTOE: party:  -> None
2026-02-16 10:24:28,484 - oracle_user_sync_modern - INFO - [handle_group_memberships:1199] - 📝 Using generic staff role for unmapped position 'Senior Researcher' for esaptoe
2026-02-16 10:24:28,488 - oracle_user_sync_modern - INFO - [process_single_user:1027] - 🔄 Updated user VSAVARY-JACKSON: party:  -> None
2026-02-16 10:24:28,488 - oracle_user_sync_modern - INFO - [handle_group_memberships:1199] - 📝 Using generic staff role for unmapped position 'Executive Secretary: House Chairperson: Internal Arrangement' for vsavary-jackson
2026-02-16 10:24:28,488 - oracle_user_sync_modern - INFO - [handle_group_memberships:1210] - 🔍 Unmapped position detected: 'Executive Secretary: House Chairperson: Internal Arrangement' - consider adding to role mapping
2026-02-16 10:24:28,492 - oracle_user_sync_modern - INFO - [process_single_user:1027] - 🔄 Updated user RSCHARNECK: party:  -> None
2026-02-16 10:24:28,492 - oracle_user_sync_modern - INFO - [handle_group_memberships:1199] - 📝 Using generic staff role for unmapped position 'Public Involvement and Oversight Support Officer' for rscharneck
2026-02-16 10:24:28,492 - oracle_user_sync_modern - INFO - [handle_group_memberships:1210] - 🔍 Unmapped position detected: 'Public Involvement and Oversight Support Officer' - consider adding to role mapping
2026-02-16 10:24:28,497 - oracle_user_sync_modern - INFO - [process_single_user:1027] - 🔄 Updated user DSCHOLTZ: party:  -> None
2026-02-16 10:24:28,497 - oracle_user_sync_modern - INFO - [handle_group_memberships:1193] - 🎯 Mapped position 'Protection Officer' to specific role 'Protection Officer' for dscholtz
2026-02-16 10:24:28,499 - oracle_user_sync_modern - INFO - [handle_group_memberships:1241] - 👥 Added membership: dscholtz -> Administration (Protection Officer)
2026-02-16 10:24:28,502 - oracle_user_sync_modern - INFO - [process_single_user:1027] - 🔄 Updated user NSCHOLTZ: party:  -> None
2026-02-16 10:24:28,502 - oracle_user_sync_modern - INFO - [handle_group_memberships:1199] - 📝 Using generic staff role for unmapped position 'Collections Assistant' for nscholtz
2026-02-16 10:24:28,502 - oracle_user_sync_modern - INFO - [handle_group_memberships:1210] - 🔍 Unmapped position detected: 'Collections Assistant' - consider adding to role mapping
2026-02-16 10:24:28,506 - oracle_user_sync_modern - INFO - [process_single_user:1027] - 🔄 Updated user HSCHROEDER: party:  -> None
2026-02-16 10:24:28,506 - oracle_user_sync_modern - INFO - [handle_group_memberships:1199] - 📝 Using generic staff role for unmapped position 'Manager: ERP Support' for hschroeder
2026-02-16 10:24:28,506 - oracle_user_sync_modern - INFO - [handle_group_memberships:1210] - 🔍 Unmapped position detected: 'Manager: ERP Support' - consider adding to role mapping
2026-02-16 10:24:28,507 - oracle_user_sync_modern - INFO - [sync_users_and_groups:811] - 🔄 Processing batch 14/16 (100 users)
2026-02-16 10:24:28,509 - oracle_user_sync_modern - INFO - [process_single_user:1027] - 🔄 Updated user RSCOTT: party:  -> None
2026-02-16 10:24:28,509 - oracle_user_sync_modern - INFO - [handle_group_memberships:1199] - 📝 Using generic staff role for unmapped position 'Senior Manager: Sector Co-Ordination & Knowledge Management' for rscott
2026-02-16 10:24:28,509 - oracle_user_sync_modern - INFO - [handle_group_memberships:1210] - 🔍 Unmapped position detected: 'Senior Manager: Sector Co-Ordination & Knowledge Management' - consider adding to role mapping
2026-02-16 10:24:28,515 - oracle_user_sync_modern - INFO - [process_single_user:1027] - 🔄 Updated user TSEBOKA: party:  -> None
2026-02-16 10:24:28,515 - oracle_user_sync_modern - INFO - [handle_group_memberships:1199] - 📝 Using generic staff role for unmapped position 'Information Architect' for tseboka
2026-02-16 10:24:28,515 - oracle_user_sync_modern - INFO - [handle_group_memberships:1210] - 🔍 Unmapped position detected: 'Information Architect' - consider adding to role mapping
2026-02-16 10:24:28,518 - oracle_user_sync_modern - INFO - [process_single_user:1027] - 🔄 Updated user JSEFAKO: party:  -> None
2026-02-16 10:24:28,518 - oracle_user_sync_modern - INFO - [handle_group_memberships:1199] - 📝 Using generic staff role for unmapped position 'Senior Manager: Risk and Compliance' for jsefako
2026-02-16 10:24:28,518 - oracle_user_sync_modern - INFO - [handle_group_memberships:1210] - 🔍 Unmapped position detected: 'Senior Manager: Risk and Compliance' - consider adding to role mapping
2026-02-16 10:24:28,521 - oracle_user_sync_modern - INFO - [process_single_user:1027] - 🔄 Updated user MSEFORA: party:  -> None
2026-02-16 10:24:28,521 - oracle_user_sync_modern - INFO - [handle_group_memberships:1199] - 📝 Using generic staff role for unmapped position 'Section Manager: Communication Production & Publishing' for msefora
2026-02-16 10:24:28,521 - oracle_user_sync_modern - INFO - [handle_group_memberships:1210] - 🔍 Unmapped position detected: 'Section Manager: Communication Production & Publishing' - consider adding to role mapping
2026-02-16 10:24:28,525 - oracle_user_sync_modern - INFO - [process_single_user:1027] - 🔄 Updated user ESEITSHEGECO: party:  -> None
2026-02-16 10:24:28,525 - oracle_user_sync_modern - INFO - [handle_group_memberships:1199] - 📝 Using generic staff role for unmapped position 'Language Practitioner: Setswana' for eseitshegeco
2026-02-16 10:24:28,529 - oracle_user_sync_modern - INFO - [process_single_user:1027] - 🔄 Updated user MSEKATANE: party:  -> None
2026-02-16 10:24:28,529 - oracle_user_sync_modern - INFO - [handle_group_memberships:1199] - 📝 Using generic staff role for unmapped position 'Analyst [Policy]' for msekatane
2026-02-16 10:24:28,529 - oracle_user_sync_modern - INFO - [handle_group_memberships:1210] - 🔍 Unmapped position detected: 'Analyst [Policy]' - consider adding to role mapping
2026-02-16 10:24:28,532 - oracle_user_sync_modern - INFO - [process_single_user:1027] - 🔄 Updated user MSEKHONYANE: party:  -> None
2026-02-16 10:24:28,532 - oracle_user_sync_modern - INFO - [handle_group_memberships:1199] - 📝 Using generic staff role for unmapped position 'Language Practitioner: Sesotho' for msekhonyane
2026-02-16 10:24:28,538 - oracle_user_sync_modern - INFO - [process_single_user:1027] - 🔄 Updated user KSENKOTO: party:  -> None
2026-02-16 10:24:28,538 - oracle_user_sync_modern - INFO - [handle_group_memberships:1199] - 📝 Using generic staff role for unmapped position 'Junior HR Business Partner' for ksenkoto
2026-02-16 10:24:28,543 - oracle_user_sync_modern - INFO - [process_single_user:1027] - 🔄 Updated user WSEOPOSENGWE: party:  -> None
2026-02-16 10:24:28,543 - oracle_user_sync_modern - INFO - [handle_group_memberships:1199] - 📝 Using generic staff role for unmapped position 'Team Leader: PDO: North West' for wseoposengwe
2026-02-16 10:24:28,543 - oracle_user_sync_modern - INFO - [handle_group_memberships:1210] - 🔍 Unmapped position detected: 'Team Leader: PDO: North West' - consider adding to role mapping
2026-02-16 10:24:28,546 - oracle_user_sync_modern - INFO - [process_single_user:1027] - 🔄 Updated user NSEOTHAENG: party:  -> None
2026-02-16 10:24:28,546 - oracle_user_sync_modern - INFO - [handle_group_memberships:1199] - 📝 Using generic staff role for unmapped position 'HR Services Manager' for nseothaeng
2026-02-16 10:24:28,546 - oracle_user_sync_modern - INFO - [handle_group_memberships:1210] - 🔍 Unmapped position detected: 'HR Services Manager' - consider adding to role mapping
2026-02-16 10:24:28,549 - oracle_user_sync_modern - INFO - [process_single_user:1027] - 🔄 Updated user TSEPANYA: party:  -> None
2026-02-16 10:24:28,549 - oracle_user_sync_modern - INFO - [handle_group_memberships:1199] - 📝 Using generic staff role for unmapped position 'Committee Secretary' for tsepanya
2026-02-16 10:24:28,553 - oracle_user_sync_modern - INFO - [process_single_user:1027] - 🔄 Updated user NSEPTEMBER: party:  -> None
2026-02-16 10:24:28,553 - oracle_user_sync_modern - INFO - [handle_group_memberships:1199] - 📝 Using generic staff role for unmapped position 'Food Preparation Assistant' for nseptember
2026-02-16 10:24:28,556 - oracle_user_sync_modern - INFO - [process_single_user:1027] - 🔄 Updated user SSEPTEMBER: party:  -> None
2026-02-16 10:24:28,556 - oracle_user_sync_modern - INFO - [handle_group_memberships:1199] - 📝 Using generic staff role for unmapped position 'Labour Law Advisor' for sseptember
2026-02-16 10:24:28,556 - oracle_user_sync_modern - INFO - [handle_group_memberships:1210] - 🔍 Unmapped position detected: 'Labour Law Advisor' - consider adding to role mapping
2026-02-16 10:24:28,559 - oracle_user_sync_modern - INFO - [process_single_user:1027] - 🔄 Updated user TSETONA: party:  -> None
2026-02-16 10:24:28,559 - oracle_user_sync_modern - INFO - [handle_group_memberships:1199] - 📝 Using generic staff role for unmapped position 'Content Advisor' for tsetona
2026-02-16 10:24:28,563 - oracle_user_sync_modern - INFO - [process_single_user:1027] - 🔄 Updated user SSEUTLWADI: party:  -> None
2026-02-16 10:24:28,563 - oracle_user_sync_modern - INFO - [handle_group_memberships:1199] - 📝 Using generic staff role for unmapped position 'Business Optimisation Consultant' for sseutlwadi
2026-02-16 10:24:28,566 - oracle_user_sync_modern - INFO - [process_single_user:1027] - 🔄 Updated user GSHABALALA: party:  -> None
2026-02-16 10:24:28,566 - oracle_user_sync_modern - INFO - [handle_group_memberships:1199] - 📝 Using generic staff role for unmapped position 'Senior Researcher' for gshabalala
2026-02-16 10:24:28,569 - oracle_user_sync_modern - INFO - [process_single_user:1027] - 🔄 Updated user NSHABALALA: party:  -> None
2026-02-16 10:24:28,569 - oracle_user_sync_modern - INFO - [handle_group_memberships:1193] - 🎯 Mapped position 'Personal Assistant' to specific role 'Personal Assistant' for nshabalala
2026-02-16 10:24:28,571 - oracle_user_sync_modern - INFO - [handle_group_memberships:1241] - 👥 Added membership: nshabalala -> Administration (Personal Assistant)
2026-02-16 10:24:28,574 - oracle_user_sync_modern - INFO - [process_single_user:1027] - 🔄 Updated user VSHABALALA: party:  -> None
2026-02-16 10:24:28,574 - oracle_user_sync_modern - INFO - [handle_group_memberships:1199] - 📝 Using generic staff role for unmapped position 'Usher of the Black Rod' for vshabalala
2026-02-16 10:24:28,574 - oracle_user_sync_modern - INFO - [handle_group_memberships:1210] - 🔍 Unmapped position detected: 'Usher of the Black Rod' - consider adding to role mapping
2026-02-16 10:24:28,581 - oracle_user_sync_modern - INFO - [process_single_user:1027] - 🔄 Updated user CSHELDON: party:  -> None
2026-02-16 10:24:28,581 - oracle_user_sync_modern - INFO - [handle_group_memberships:1199] - 📝 Using generic staff role for unmapped position 'Committee Assistant' for csheldon
2026-02-16 10:24:28,584 - oracle_user_sync_modern - INFO - [process_single_user:1027] - 🔄 Updated user MSHELDON: party:  -> None
2026-02-16 10:24:28,584 - oracle_user_sync_modern - INFO - [handle_group_memberships:1199] - 📝 Using generic staff role for unmapped position 'Content Advisor' for msheldon
2026-02-16 10:24:28,587 - oracle_user_sync_modern - INFO - [process_single_user:1027] - 🔄 Updated user RSHELDON: party:  -> None
2026-02-16 10:24:28,587 - oracle_user_sync_modern - INFO - [handle_group_memberships:1199] - 📝 Using generic staff role for unmapped position 'Maintenance Assistant' for rsheldon
2026-02-16 10:24:28,594 - oracle_user_sync_modern - INFO - [process_single_user:1027] - 🔄 Updated user SSHITLABANE: party:  -> None
2026-02-16 10:24:28,594 - oracle_user_sync_modern - INFO - [handle_group_memberships:1199] - 📝 Using generic staff role for unmapped position 'Chief of Security' for sshitlabane
2026-02-16 10:24:28,594 - oracle_user_sync_modern - INFO - [handle_group_memberships:1210] - 🔍 Unmapped position detected: 'Chief of Security' - consider adding to role mapping
2026-02-16 10:24:28,598 - oracle_user_sync_modern - INFO - [process_single_user:1027] - 🔄 Updated user DSHOLE: party:  -> None
2026-02-16 10:24:28,599 - oracle_user_sync_modern - INFO - [handle_group_memberships:1199] - 📝 Using generic staff role for unmapped position 'Control Language Practitioner' for dshole
2026-02-16 10:24:28,603 - oracle_user_sync_modern - INFO - [process_single_user:1027] - 🔄 Updated user LSIBANDA: party:  -> None
2026-02-16 10:24:28,603 - oracle_user_sync_modern - INFO - [handle_group_memberships:1199] - 📝 Using generic staff role for unmapped position 'Office Manager: Office of the Secretary' for lsibanda
2026-02-16 10:24:28,603 - oracle_user_sync_modern - INFO - [handle_group_memberships:1210] - 🔍 Unmapped position detected: 'Office Manager: Office of the Secretary' - consider adding to role mapping
2026-02-16 10:24:28,607 - oracle_user_sync_modern - INFO - [process_single_user:1027] - 🔄 Updated user RSIBANDE: party:  -> None
2026-02-16 10:24:28,607 - oracle_user_sync_modern - INFO - [handle_group_memberships:1199] - 📝 Using generic staff role for unmapped position 'Brand and Marketing Specialist' for rsibande
2026-02-16 10:24:28,607 - oracle_user_sync_modern - INFO - [handle_group_memberships:1210] - 🔍 Unmapped position detected: 'Brand and Marketing Specialist' - consider adding to role mapping
2026-02-16 10:24:28,610 - oracle_user_sync_modern - INFO - [process_single_user:1027] - 🔄 Updated user TSIBANYONI: party:  -> None
2026-02-16 10:24:28,610 - oracle_user_sync_modern - INFO - [handle_group_memberships:1199] - 📝 Using generic staff role for unmapped position 'Language Practitioner: Xitsonga' for tsibanyoni
2026-02-16 10:24:28,614 - oracle_user_sync_modern - INFO - [process_single_user:1027] - 🔄 Updated user SSIBEKO: party:  -> None
2026-02-16 10:24:28,614 - oracle_user_sync_modern - INFO - [handle_group_memberships:1199] - 📝 Using generic staff role for unmapped position 'Analyst [Finance]' for ssibeko
2026-02-16 10:24:28,614 - oracle_user_sync_modern - INFO - [handle_group_memberships:1210] - 🔍 Unmapped position detected: 'Analyst [Finance]' - consider adding to role mapping
2026-02-16 10:24:28,617 - oracle_user_sync_modern - INFO - [process_single_user:1027] - 🔄 Updated user GSIBISI: party:  -> None
2026-02-16 10:24:28,617 - oracle_user_sync_modern - INFO - [handle_group_memberships:1199] - 📝 Using generic staff role for unmapped position 'Controller: Housekeeping' for gsibisi
2026-02-16 10:24:28,621 - oracle_user_sync_modern - INFO - [process_single_user:1027] - 🔄 Updated user RSIBISI: party:  -> None
2026-02-16 10:24:28,621 - oracle_user_sync_modern - INFO - [handle_group_memberships:1199] - 📝 Using generic staff role for unmapped position 'Binder' for rsibisi
2026-02-16 10:24:28,621 - oracle_user_sync_modern - INFO - [handle_group_memberships:1210] - 🔍 Unmapped position detected: 'Binder' - consider adding to role mapping
2026-02-16 10:24:28,624 - oracle_user_sync_modern - INFO - [process_single_user:1027] - 🔄 Updated user TSIBISI: party:  -> None
2026-02-16 10:24:28,624 - oracle_user_sync_modern - INFO - [handle_group_memberships:1199] - 📝 Using generic staff role for unmapped position 'Committee Assistant' for tsibisi
2026-02-16 10:24:28,627 - oracle_user_sync_modern - INFO - [process_single_user:1027] - 🔄 Updated user VSIBISI: party:  -> None
2026-02-16 10:24:28,628 - oracle_user_sync_modern - INFO - [handle_group_memberships:1199] - 📝 Using generic staff role for unmapped position 'Driver' for vsibisi
2026-02-16 10:24:28,631 - oracle_user_sync_modern - INFO - [process_single_user:1027] - 🔄 Updated user BSIBIYA: party:  -> None
2026-02-16 10:24:28,631 - oracle_user_sync_modern - INFO - [handle_group_memberships:1199] - 📝 Using generic staff role for unmapped position 'Language Practitioner: SiSwati' for bsibiya
2026-02-16 10:24:28,634 - oracle_user_sync_modern - INFO - [process_single_user:1027] - 🔄 Updated user PSIGIJIMI: party:  -> None
2026-02-16 10:24:28,634 - oracle_user_sync_modern - INFO - [handle_group_memberships:1199] - 📝 Using generic staff role for unmapped position 'Contracts Officer' for psigijimi
2026-02-16 10:24:28,634 - oracle_user_sync_modern - INFO - [handle_group_memberships:1210] - 🔍 Unmapped position detected: 'Contracts Officer' - consider adding to role mapping
2026-02-16 10:24:28,637 - oracle_user_sync_modern - INFO - [process_single_user:1027] - 🔄 Updated user SSIGILA: party:  -> None
2026-02-16 10:24:28,637 - oracle_user_sync_modern - INFO - [handle_group_memberships:1199] - 📝 Using generic staff role for unmapped position 'Waitron' for ssigila
2026-02-16 10:24:28,640 - oracle_user_sync_modern - INFO - [process_single_user:1027] - 🔄 Updated user LSIGWELA: party:  -> None
2026-02-16 10:24:28,640 - oracle_user_sync_modern - INFO - [handle_group_memberships:1199] - 📝 Using generic staff role for unmapped position 'Committee Secretary' for lsigwela
2026-02-16 10:24:28,643 - oracle_user_sync_modern - INFO - [process_single_user:1027] - 🔄 Updated user NSIHAWU: party:  -> None
2026-02-16 10:24:28,644 - oracle_user_sync_modern - INFO - [handle_group_memberships:1199] - 📝 Using generic staff role for unmapped position 'Executive Secretary: Committee Chairperson' for nsihawu
2026-02-16 10:24:28,647 - oracle_user_sync_modern - INFO - [process_single_user:1027] - 🔄 Updated user NSIKEY: party:  -> None
2026-02-16 10:24:28,647 - oracle_user_sync_modern - INFO - [handle_group_memberships:1199] - 📝 Using generic staff role for unmapped position 'General Cleaner' for nsikey
2026-02-16 10:24:28,650 - oracle_user_sync_modern - INFO - [process_single_user:1027] - 🔄 Updated user NSILEVU: party:  -> None
2026-02-16 10:24:28,650 - oracle_user_sync_modern - INFO - [handle_group_memberships:1199] - 📝 Using generic staff role for unmapped position 'General Cleaner' for nsilevu
2026-02-16 10:24:28,653 - oracle_user_sync_modern - INFO - [process_single_user:1027] - 🔄 Updated user YSILI: party:  -> None
2026-02-16 10:24:28,653 - oracle_user_sync_modern - INFO - [handle_group_memberships:1199] - 📝 Using generic staff role for unmapped position 'Executive Secretary: Committee Chairperson' for ysili
2026-02-16 10:24:28,656 - oracle_user_sync_modern - INFO - [process_single_user:1027] - 🔄 Updated user CSILKSTONE: party:  -> None
2026-02-16 10:24:28,656 - oracle_user_sync_modern - INFO - [handle_group_memberships:1199] - 📝 Using generic staff role for unmapped position 'Content Advisor' for csilkstone
2026-02-16 10:24:28,659 - oracle_user_sync_modern - INFO - [process_single_user:1027] - 🔄 Updated user BSIMANI: party:  -> None
2026-02-16 10:24:28,659 - oracle_user_sync_modern - INFO - [handle_group_memberships:1199] - 📝 Using generic staff role for unmapped position 'Parliamentary Legal Adviser' for bsimani
2026-02-16 10:24:28,662 - oracle_user_sync_modern - INFO - [process_single_user:1027] - 🔄 Updated user DSIMELANE: party:  -> None
2026-02-16 10:24:28,662 - oracle_user_sync_modern - INFO - [handle_group_memberships:1193] - 🎯 Mapped position 'Personal Assistant' to specific role 'Personal Assistant' for dsimelane
2026-02-16 10:24:28,665 - oracle_user_sync_modern - INFO - [handle_group_memberships:1241] - 👥 Added membership: dsimelane -> Administration (Personal Assistant)
2026-02-16 10:24:28,668 - oracle_user_sync_modern - INFO - [process_single_user:1027] - 🔄 Updated user XSIMELANE: party:  -> None
2026-02-16 10:24:28,668 - oracle_user_sync_modern - INFO - [handle_group_memberships:1193] - 🎯 Mapped position 'Researcher' to specific role 'Researcher' for xsimelane
2026-02-16 10:24:28,670 - oracle_user_sync_modern - INFO - [handle_group_memberships:1241] - 👥 Added membership: xsimelane -> Administration (Researcher)
2026-02-16 10:24:28,673 - oracle_user_sync_modern - INFO - [process_single_user:1027] - 🔄 Updated user BSIMONS: party:  -> None
2026-02-16 10:24:28,673 - oracle_user_sync_modern - INFO - [handle_group_memberships:1199] - 📝 Using generic staff role for unmapped position 'Content & Information Manager' for bsimons
2026-02-16 10:24:28,673 - oracle_user_sync_modern - INFO - [handle_group_memberships:1210] - 🔍 Unmapped position detected: 'Content & Information Manager' - consider adding to role mapping
2026-02-16 10:24:28,676 - oracle_user_sync_modern - INFO - [process_single_user:1027] - 🔄 Updated user JSIMONS: party:  -> None
2026-02-16 10:24:28,676 - oracle_user_sync_modern - INFO - [handle_group_memberships:1199] - 📝 Using generic staff role for unmapped position 'General Cleaner' for jsimons
2026-02-16 10:24:28,680 - oracle_user_sync_modern - INFO - [process_single_user:1027] - 🔄 Updated user KSINONO: party:  -> None
2026-02-16 10:24:28,680 - oracle_user_sync_modern - INFO - [handle_group_memberships:1199] - 📝 Using generic staff role for unmapped position 'Chamber Support Officer' for ksinono
2026-02-16 10:24:28,683 - oracle_user_sync_modern - INFO - [process_single_user:1027] - 🔄 Updated user ASINYEGWE: party:  -> None
2026-02-16 10:24:28,683 - oracle_user_sync_modern - INFO - [handle_group_memberships:1199] - 📝 Using generic staff role for unmapped position 'Public Education Practitioner' for asinyegwe
2026-02-16 10:24:28,686 - oracle_user_sync_modern - INFO - [process_single_user:1027] - 🔄 Updated user SSIPAMLA: party:  -> None
2026-02-16 10:24:28,686 - oracle_user_sync_modern - INFO - [handle_group_memberships:1199] - 📝 Using generic staff role for unmapped position 'Content Advisor' for ssipamla
2026-02-16 10:24:28,689 - oracle_user_sync_modern - INFO - [process_single_user:1027] - 🔄 Updated user VSIPOKO: party:  -> None
2026-02-16 10:24:28,689 - oracle_user_sync_modern - INFO - [handle_group_memberships:1199] - 📝 Using generic staff role for unmapped position 'Section Manager: Household Services' for vsipoko
2026-02-16 10:24:28,690 - oracle_user_sync_modern - INFO - [handle_group_memberships:1210] - 🔍 Unmapped position detected: 'Section Manager: Household Services' - consider adding to role mapping
2026-02-16 10:24:28,693 - oracle_user_sync_modern - INFO - [process_single_user:1027] - 🔄 Updated user NSIPUNZI: party:  -> None
2026-02-16 10:24:28,693 - oracle_user_sync_modern - INFO - [handle_group_memberships:1199] - 📝 Using generic staff role for unmapped position 'General Cleaner' for nsipunzi
2026-02-16 10:24:28,696 - oracle_user_sync_modern - INFO - [process_single_user:1027] - 🔄 Updated user NSISELE: party:  -> None
2026-02-16 10:24:28,696 - oracle_user_sync_modern - INFO - [handle_group_memberships:1199] - 📝 Using generic staff role for unmapped position 'Chamber Support Officer' for nsisele
2026-02-16 10:24:28,699 - oracle_user_sync_modern - INFO - [process_single_user:1027] - 🔄 Updated user LSISHUBA: party:  -> None
2026-02-16 10:24:28,699 - oracle_user_sync_modern - INFO - [handle_group_memberships:1199] - 📝 Using generic staff role for unmapped position 'Content Advisor' for lsishuba
2026-02-16 10:24:28,702 - oracle_user_sync_modern - INFO - [process_single_user:1027] - 🔄 Updated user DSITHOLE: party:  -> None
2026-02-16 10:24:28,702 - oracle_user_sync_modern - INFO - [handle_group_memberships:1199] - 📝 Using generic staff role for unmapped position 'Division Manager: International Relations & Protocol' for dsithole
2026-02-16 10:24:28,702 - oracle_user_sync_modern - INFO - [handle_group_memberships:1210] - 🔍 Unmapped position detected: 'Division Manager: International Relations & Protocol' - consider adding to role mapping
2026-02-16 10:24:28,705 - oracle_user_sync_modern - INFO - [process_single_user:1027] - 🔄 Updated user GSITHOLE: party:  -> None
2026-02-16 10:24:28,705 - oracle_user_sync_modern - INFO - [handle_group_memberships:1199] - 📝 Using generic staff role for unmapped position 'Language Practitioner: Isizulu' for gsithole
2026-02-16 10:24:28,708 - oracle_user_sync_modern - INFO - [process_single_user:1027] - 🔄 Updated user SSITHOLE: party:  -> None
2026-02-16 10:24:28,708 - oracle_user_sync_modern - INFO - [handle_group_memberships:1199] - 📝 Using generic staff role for unmapped position 'Public Education Practitioner' for ssithole
2026-02-16 10:24:28,711 - oracle_user_sync_modern - INFO - [process_single_user:1027] - 🔄 Updated user SMSITHOLE: party:  -> None
2026-02-16 10:24:28,712 - oracle_user_sync_modern - INFO - [handle_group_memberships:1199] - 📝 Using generic staff role for unmapped position 'Language Practitioner: IsiZulu' for smsithole
2026-02-16 10:24:28,716 - oracle_user_sync_modern - INFO - [process_single_user:1027] - 🔄 Updated user TUSITHOLE: party:  -> None
2026-02-16 10:24:28,716 - oracle_user_sync_modern - INFO - [handle_group_memberships:1199] - 📝 Using generic staff role for unmapped position 'Senior Technician: Sound & Vision' for tusithole
2026-02-16 10:24:28,721 - oracle_user_sync_modern - INFO - [process_single_user:1027] - 🔄 Updated user MSIXABAYI-MDALA: party:  -> None
2026-02-16 10:24:28,721 - oracle_user_sync_modern - INFO - [handle_group_memberships:1193] - 🎯 Mapped position 'Project Manager' to specific role 'Project Manager' for msixabayi-mdala
2026-02-16 10:24:28,723 - oracle_user_sync_modern - INFO - [handle_group_memberships:1241] - 👥 Added membership: msixabayi-mdala -> Administration (Project Manager)
2026-02-16 10:24:28,726 - oracle_user_sync_modern - INFO - [process_single_user:1027] - 🔄 Updated user SSIXASO: party:  -> None
2026-02-16 10:24:28,726 - oracle_user_sync_modern - INFO - [handle_group_memberships:1199] - 📝 Using generic staff role for unmapped position 'Executive Secretary: Committee Chairperson' for ssixaso
2026-02-16 10:24:28,729 - oracle_user_sync_modern - INFO - [process_single_user:1027] - 🔄 Updated user TPEPETEKA: party:  -> None
2026-02-16 10:24:28,729 - oracle_user_sync_modern - INFO - [handle_group_memberships:1193] - 🎯 Mapped position 'Researcher' to specific role 'Researcher' for tpepeteka
2026-02-16 10:24:28,731 - oracle_user_sync_modern - INFO - [handle_group_memberships:1241] - 👥 Added membership: tpepeteka -> Administration (Researcher)
2026-02-16 10:24:28,734 - oracle_user_sync_modern - INFO - [process_single_user:1027] - 🔄 Updated user NSKAKA: party:  -> None
2026-02-16 10:24:28,734 - oracle_user_sync_modern - INFO - [handle_group_memberships:1199] - 📝 Using generic staff role for unmapped position 'Committee Secretary' for nskaka
2026-02-16 10:24:28,737 - oracle_user_sync_modern - INFO - [process_single_user:1027] - 🔄 Updated user NSKELE: party:  -> None
2026-02-16 10:24:28,737 - oracle_user_sync_modern - INFO - [handle_group_memberships:1199] - 📝 Using generic staff role for unmapped position 'Project Administrator' for nskele
2026-02-16 10:24:28,741 - oracle_user_sync_modern - INFO - [process_single_user:1027] - 🔄 Updated user WSKITI: party:  -> None
2026-02-16 10:24:28,741 - oracle_user_sync_modern - INFO - [handle_group_memberships:1199] - 📝 Using generic staff role for unmapped position 'Driver' for wskiti
2026-02-16 10:24:28,744 - oracle_user_sync_modern - INFO - [process_single_user:1027] - 🔄 Updated user MSKOLO: party:  -> None
2026-02-16 10:24:28,744 - oracle_user_sync_modern - INFO - [handle_group_memberships:1199] - 📝 Using generic staff role for unmapped position 'Procedural Officer: NCOP' for mskolo
2026-02-16 10:24:28,747 - oracle_user_sync_modern - INFO - [process_single_user:1027] - 🔄 Updated user BSKOSANA: party:  -> None
2026-02-16 10:24:28,747 - oracle_user_sync_modern - INFO - [handle_group_memberships:1199] - 📝 Using generic staff role for unmapped position 'Senior Language Practitioner: IsiNdebele' for bskosana
2026-02-16 10:24:28,752 - oracle_user_sync_modern - INFO - [process_single_user:1027] - 🔄 Updated user JSMALL: party:  -> None
2026-02-16 10:24:28,752 - oracle_user_sync_modern - INFO - [handle_group_memberships:1199] - 📝 Using generic staff role for unmapped position 'Driver' for jsmall
2026-02-16 10:24:28,756 - oracle_user_sync_modern - INFO - [process_single_user:1027] - 🔄 Updated user JSMIDT: party:  -> None
2026-02-16 10:24:28,756 - oracle_user_sync_modern - INFO - [handle_group_memberships:1199] - 📝 Using generic staff role for unmapped position 'Chamber Assistant' for jsmidt
2026-02-16 10:24:28,760 - oracle_user_sync_modern - INFO - [process_single_user:1027] - 🔄 Updated user SSMITH: party:  -> None
2026-02-16 10:24:28,760 - oracle_user_sync_modern - INFO - [handle_group_memberships:1193] - 🎯 Mapped position 'Network Administrator' to specific role 'Network Administrator' for ssmith
2026-02-16 10:24:28,762 - oracle_user_sync_modern - INFO - [handle_group_memberships:1241] - 👥 Added membership: ssmith -> Administration (Network Administrator)
2026-02-16 10:24:28,766 - oracle_user_sync_modern - INFO - [process_single_user:1027] - 🔄 Updated user CSOCISHE: party:  -> None
2026-02-16 10:24:28,766 - oracle_user_sync_modern - INFO - [handle_group_memberships:1199] - 📝 Using generic staff role for unmapped position 'Executive Secretary: Committee Chairperson' for csocishe
2026-02-16 10:24:28,770 - oracle_user_sync_modern - INFO - [process_single_user:1027] - 🔄 Updated user ASOKOMANI: party:  -> None
2026-02-16 10:24:28,771 - oracle_user_sync_modern - INFO - [handle_group_memberships:1199] - 📝 Using generic staff role for unmapped position 'Content Advisor' for asokomani
2026-02-16 10:24:28,775 - oracle_user_sync_modern - INFO - [process_single_user:1027] - 🔄 Updated user YRSOLOMONS: party:  -> None
2026-02-16 10:24:28,775 - oracle_user_sync_modern - INFO - [handle_group_memberships:1199] - 📝 Using generic staff role for unmapped position 'Operator Support Personnel' for yrsolomons
2026-02-16 10:24:28,778 - oracle_user_sync_modern - INFO - [process_single_user:1027] - 🔄 Updated user ZSOMANA: party:  -> None
2026-02-16 10:24:28,778 - oracle_user_sync_modern - INFO - [handle_group_memberships:1199] - 📝 Using generic staff role for unmapped position 'General Cleaner' for zsomana
2026-02-16 10:24:28,782 - oracle_user_sync_modern - INFO - [process_single_user:1027] - 🔄 Updated user ANKWANDLA: party:  -> None
2026-02-16 10:24:28,782 - oracle_user_sync_modern - INFO - [handle_group_memberships:1199] - 📝 Using generic staff role for unmapped position 'Committee Co-ordinator: JSCI' for ankwandla
2026-02-16 10:24:28,782 - oracle_user_sync_modern - INFO - [handle_group_memberships:1210] - 🔍 Unmapped position detected: 'Committee Co-ordinator: JSCI' - consider adding to role mapping
2026-02-16 10:24:28,784 - oracle_user_sync_modern - INFO - [sync_users_and_groups:811] - 🔄 Processing batch 15/16 (100 users)
2026-02-16 10:24:28,786 - oracle_user_sync_modern - INFO - [process_single_user:1027] - 🔄 Updated user NSONJICA: party:  -> None
2026-02-16 10:24:28,786 - oracle_user_sync_modern - INFO - [handle_group_memberships:1199] - 📝 Using generic staff role for unmapped position 'Section Manager: International Relations' for nsonjica
2026-02-16 10:24:28,786 - oracle_user_sync_modern - INFO - [handle_group_memberships:1210] - 🔍 Unmapped position detected: 'Section Manager: International Relations' - consider adding to role mapping
2026-02-16 10:24:28,789 - oracle_user_sync_modern - INFO - [process_single_user:1027] - 🔄 Updated user NKSOSIBO: party:  -> None
2026-02-16 10:24:28,790 - oracle_user_sync_modern - INFO - [handle_group_memberships:1199] - 📝 Using generic staff role for unmapped position 'Unit Manager: Logistics, Fixed Assets, Disposal Management' for nksosibo
2026-02-16 10:24:28,790 - oracle_user_sync_modern - INFO - [handle_group_memberships:1210] - 🔍 Unmapped position detected: 'Unit Manager: Logistics, Fixed Assets, Disposal Management' - consider adding to role mapping
2026-02-16 10:24:28,793 - oracle_user_sync_modern - INFO - [process_single_user:1027] - 🔄 Updated user JSOTA: party:  -> None
2026-02-16 10:24:28,793 - oracle_user_sync_modern - INFO - [handle_group_memberships:1199] - 📝 Using generic staff role for unmapped position 'Unit Manager: Catering' for jsota
2026-02-16 10:24:28,793 - oracle_user_sync_modern - INFO - [handle_group_memberships:1210] - 🔍 Unmapped position detected: 'Unit Manager: Catering' - consider adding to role mapping
2026-02-16 10:24:28,796 - oracle_user_sync_modern - INFO - [process_single_user:1027] - 🔄 Updated user NSOTSHONONDA: party:  -> None
2026-02-16 10:24:28,796 - oracle_user_sync_modern - INFO - [handle_group_memberships:1199] - 📝 Using generic staff role for unmapped position 'Administrative Assistant' for nsotshononda
2026-02-16 10:24:28,799 - oracle_user_sync_modern - INFO - [process_single_user:1027] - 🔄 Updated user CSOUTHGATE: party:  -> None
2026-02-16 10:24:28,799 - oracle_user_sync_modern - INFO - [handle_group_memberships:1199] - 📝 Using generic staff role for unmapped position 'General Cleaner' for csouthgate
2026-02-16 10:24:28,803 - oracle_user_sync_modern - INFO - [process_single_user:1027] - 🔄 Updated user FSOUTHWOOD: party:  -> None
2026-02-16 10:24:28,803 - oracle_user_sync_modern - INFO - [handle_group_memberships:1199] - 📝 Using generic staff role for unmapped position 'Manager HR Business Partner' for fsouthwood
2026-02-16 10:24:28,806 - oracle_user_sync_modern - INFO - [process_single_user:1027] - 🔄 Updated user SSOWAZI: party:  -> None
2026-02-16 10:24:28,806 - oracle_user_sync_modern - INFO - [handle_group_memberships:1193] - 🎯 Mapped position 'Researcher' to specific role 'Researcher' for ssowazi
2026-02-16 10:24:28,809 - oracle_user_sync_modern - INFO - [handle_group_memberships:1241] - 👥 Added membership: ssowazi -> Administration (Researcher)
2026-02-16 10:24:28,813 - oracle_user_sync_modern - INFO - [process_single_user:1027] - 🔄 Updated user NSPONDO: party:  -> None
2026-02-16 10:24:28,813 - oracle_user_sync_modern - INFO - [handle_group_memberships:1199] - 📝 Using generic staff role for unmapped position 'Service Officer' for nspondo
2026-02-16 10:24:28,816 - oracle_user_sync_modern - INFO - [process_single_user:1027] - 🔄 Updated user JSQUIRES: party:  -> None
2026-02-16 10:24:28,816 - oracle_user_sync_modern - INFO - [handle_group_memberships:1199] - 📝 Using generic staff role for unmapped position 'Debtors and General Ledger Clerk' for jsquires
2026-02-16 10:24:28,816 - oracle_user_sync_modern - INFO - [handle_group_memberships:1210] - 🔍 Unmapped position detected: 'Debtors and General Ledger Clerk' - consider adding to role mapping
2026-02-16 10:24:28,820 - oracle_user_sync_modern - INFO - [process_single_user:1027] - 🔄 Updated user KSTAIN: party:  -> None
2026-02-16 10:24:28,820 - oracle_user_sync_modern - INFO - [handle_group_memberships:1199] - 📝 Using generic staff role for unmapped position 'Internal Auditor Supervisor' for kstain
2026-02-16 10:24:28,820 - oracle_user_sync_modern - INFO - [handle_group_memberships:1210] - 🔍 Unmapped position detected: 'Internal Auditor Supervisor' - consider adding to role mapping
2026-02-16 10:24:28,823 - oracle_user_sync_modern - INFO - [process_single_user:1027] - 🔄 Updated user MSTEENBERG: party:  -> None
2026-02-16 10:24:28,823 - oracle_user_sync_modern - INFO - [handle_group_memberships:1199] - 📝 Using generic staff role for unmapped position 'Service Officer' for msteenberg
2026-02-16 10:24:28,826 - oracle_user_sync_modern - INFO - [process_single_user:1027] - 🔄 Updated user RSTEENKAMP: party:  -> None
2026-02-16 10:24:28,826 - oracle_user_sync_modern - INFO - [handle_group_memberships:1193] - 🎯 Mapped position 'Researcher' to specific role 'Researcher' for rsteenkamp
2026-02-16 10:24:28,828 - oracle_user_sync_modern - INFO - [handle_group_memberships:1241] - 👥 Added membership: rsteenkamp -> Administration (Researcher)
2026-02-16 10:24:28,831 - oracle_user_sync_modern - INFO - [process_single_user:1027] - 🔄 Updated user NSTEMELE: party:  -> None
2026-02-16 10:24:28,831 - oracle_user_sync_modern - INFO - [handle_group_memberships:1199] - 📝 Using generic staff role for unmapped position 'Executive Secretary: Committee Chairperson' for nstemele
2026-02-16 10:24:28,834 - oracle_user_sync_modern - INFO - [process_single_user:1027] - 🔄 Updated user TCHETTY: party:  -> None
2026-02-16 10:24:28,834 - oracle_user_sync_modern - INFO - [handle_group_memberships:1199] - 📝 Using generic staff role for unmapped position 'Secretary' for tchetty
2026-02-16 10:24:28,838 - oracle_user_sync_modern - INFO - [process_single_user:1027] - 🔄 Updated user NSTENGILE: party:  -> None
2026-02-16 10:24:28,838 - oracle_user_sync_modern - INFO - [handle_group_memberships:1199] - 📝 Using generic staff role for unmapped position 'Procedural Assistant: Questions' for nstengile
2026-02-16 10:24:28,841 - oracle_user_sync_modern - INFO - [process_single_user:1027] - 🔄 Updated user ISTEPHNEY: party:  -> None
2026-02-16 10:24:28,841 - oracle_user_sync_modern - INFO - [handle_group_memberships:1193] - 🎯 Mapped position 'Researcher' to specific role 'Researcher' for istephney
2026-02-16 10:24:28,843 - oracle_user_sync_modern - INFO - [handle_group_memberships:1241] - 👥 Added membership: istephney -> Administration (Researcher)
2026-02-16 10:24:28,846 - oracle_user_sync_modern - INFO - [process_single_user:1027] - 🔄 Updated user USTEVENS: party:  -> None
2026-02-16 10:24:28,846 - oracle_user_sync_modern - INFO - [handle_group_memberships:1199] - 📝 Using generic staff role for unmapped position 'Controller: Access Systems & Personnel Security' for ustevens
2026-02-16 10:24:28,846 - oracle_user_sync_modern - INFO - [handle_group_memberships:1210] - 🔍 Unmapped position detected: 'Controller: Access Systems & Personnel Security' - consider adding to role mapping
2026-02-16 10:24:28,849 - oracle_user_sync_modern - INFO - [process_single_user:1027] - 🔄 Updated user LSTOCK: party:  -> None
2026-02-16 10:24:28,849 - oracle_user_sync_modern - INFO - [handle_group_memberships:1199] - 📝 Using generic staff role for unmapped position 'Public Education Practitioner' for lstock
2026-02-16 10:24:28,852 - oracle_user_sync_modern - INFO - [process_single_user:1027] - 🔄 Updated user LSTOFILE: party:  -> None
2026-02-16 10:24:28,852 - oracle_user_sync_modern - INFO - [handle_group_memberships:1199] - 📝 Using generic staff role for unmapped position 'Senior Researcher' for lstofile
2026-02-16 10:24:28,856 - oracle_user_sync_modern - INFO - [process_single_user:1027] - 🔄 Updated user SSWANEPOEL: party:  -> None
2026-02-16 10:24:28,856 - oracle_user_sync_modern - INFO - [handle_group_memberships:1199] - 📝 Using generic staff role for unmapped position 'Secretary' for sswanepoel
2026-02-16 10:24:28,862 - oracle_user_sync_modern - INFO - [process_single_user:1027] - 🔄 Updated user WSWIGELAAR: party:  -> None
2026-02-16 10:24:28,862 - oracle_user_sync_modern - INFO - [handle_group_memberships:1199] - 📝 Using generic staff role for unmapped position 'Stores Assistant: Catering' for wswigelaar
2026-02-16 10:24:28,862 - oracle_user_sync_modern - INFO - [handle_group_memberships:1210] - 🔍 Unmapped position detected: 'Stores Assistant: Catering' - consider adding to role mapping
2026-02-16 10:24:28,867 - oracle_user_sync_modern - INFO - [process_single_user:1027] - 🔄 Updated user PTAGANE: party:  -> None
2026-02-16 10:24:28,867 - oracle_user_sync_modern - INFO - [handle_group_memberships:1199] - 📝 Using generic staff role for unmapped position 'Bartender' for ptagane
2026-02-16 10:24:28,871 - oracle_user_sync_modern - INFO - [process_single_user:1027] - 🔄 Updated user LTAKANE: party:  -> None
2026-02-16 10:24:28,871 - oracle_user_sync_modern - INFO - [handle_group_memberships:1199] - 📝 Using generic staff role for unmapped position 'Maintenance Assistant' for ltakane
2026-02-16 10:24:28,874 - oracle_user_sync_modern - INFO - [process_single_user:1027] - 🔄 Updated user KTAYLOR: party:  -> None
2026-02-16 10:24:28,874 - oracle_user_sync_modern - INFO - [handle_group_memberships:1199] - 📝 Using generic staff role for unmapped position 'Librarian' for ktaylor
2026-02-16 10:24:28,877 - oracle_user_sync_modern - INFO - [process_single_user:1027] - 🔄 Updated user HTEMBE: party:  -> None
2026-02-16 10:24:28,877 - oracle_user_sync_modern - INFO - [handle_group_memberships:1199] - 📝 Using generic staff role for unmapped position 'Legal Assistant' for htembe
2026-02-16 10:24:28,880 - oracle_user_sync_modern - INFO - [process_single_user:1027] - 🔄 Updated user STEMBE: party:  -> None
2026-02-16 10:24:28,880 - oracle_user_sync_modern - INFO - [handle_group_memberships:1193] - 🎯 Mapped position 'Researcher' to specific role 'Researcher' for stembe
2026-02-16 10:24:28,882 - oracle_user_sync_modern - INFO - [handle_group_memberships:1241] - 👥 Added membership: stembe -> Administration (Researcher)
2026-02-16 10:24:28,885 - oracle_user_sync_modern - INFO - [process_single_user:1027] - 🔄 Updated user NTETE: party:  -> None
2026-02-16 10:24:28,885 - oracle_user_sync_modern - INFO - [handle_group_memberships:1199] - 📝 Using generic staff role for unmapped position 'Administrative Assistant' for ntete
2026-02-16 10:24:28,889 - oracle_user_sync_modern - INFO - [process_single_user:1027] - 🔄 Updated user ATETYANA: party:  -> None
2026-02-16 10:24:28,889 - oracle_user_sync_modern - INFO - [handle_group_memberships:1199] - 📝 Using generic staff role for unmapped position 'Parliamentary Legal Adviser' for atetyana
2026-02-16 10:24:28,892 - oracle_user_sync_modern - INFO - [process_single_user:1027] - 🔄 Updated user KTHAMAGA: party:  -> None
2026-02-16 10:24:28,892 - oracle_user_sync_modern - INFO - [handle_group_memberships:1199] - 📝 Using generic staff role for unmapped position 'Operator Support Personnel' for kthamaga
2026-02-16 10:24:28,896 - oracle_user_sync_modern - INFO - [process_single_user:1027] - 🔄 Updated user GTHEBUS: party:  -> None
2026-02-16 10:24:28,896 - oracle_user_sync_modern - INFO - [handle_group_memberships:1199] - 📝 Using generic staff role for unmapped position 'Librarian' for gthebus
2026-02-16 10:24:28,901 - oracle_user_sync_modern - INFO - [process_single_user:1027] - 🔄 Updated user JTHEMA: party:  -> None
2026-02-16 10:24:28,901 - oracle_user_sync_modern - INFO - [handle_group_memberships:1199] - 📝 Using generic staff role for unmapped position 'IT Audit Manager' for jthema
2026-02-16 10:24:28,901 - oracle_user_sync_modern - INFO - [handle_group_memberships:1210] - 🔍 Unmapped position detected: 'IT Audit Manager' - consider adding to role mapping
2026-02-16 10:24:28,907 - oracle_user_sync_modern - INFO - [process_single_user:1027] - 🔄 Updated user FTHERON: party:  -> None
2026-02-16 10:24:28,907 - oracle_user_sync_modern - INFO - [handle_group_memberships:1199] - 📝 Using generic staff role for unmapped position 'Editor: Bills Office' for ftheron
2026-02-16 10:24:28,907 - oracle_user_sync_modern - INFO - [handle_group_memberships:1210] - 🔍 Unmapped position detected: 'Editor: Bills Office' - consider adding to role mapping
2026-02-16 10:24:28,910 - oracle_user_sync_modern - INFO - [process_single_user:1027] - 🔄 Updated user JTHEYS: party:  -> None
2026-02-16 10:24:28,910 - oracle_user_sync_modern - INFO - [handle_group_memberships:1199] - 📝 Using generic staff role for unmapped position 'Head Waitron' for jtheys
2026-02-16 10:24:28,913 - oracle_user_sync_modern - INFO - [process_single_user:1027] - 🔄 Updated user MTHINDA: party:  -> None
2026-02-16 10:24:28,913 - oracle_user_sync_modern - INFO - [handle_group_memberships:1199] - 📝 Using generic staff role for unmapped position 'Language Practitioner: Sesotho' for mthinda
2026-02-16 10:24:28,916 - oracle_user_sync_modern - INFO - [process_single_user:1027] - 🔄 Updated user RTHINDA: party:  -> None
2026-02-16 10:24:28,917 - oracle_user_sync_modern - INFO - [handle_group_memberships:1199] - 📝 Using generic staff role for unmapped position 'Procedural Officer: House Plenaries' for rthinda
2026-02-16 10:24:28,920 - oracle_user_sync_modern - INFO - [process_single_user:1027] - 🔄 Updated user PTHOLA: party:  -> None
2026-02-16 10:24:28,920 - oracle_user_sync_modern - INFO - [handle_group_memberships:1199] - 📝 Using generic staff role for unmapped position 'General Cleaner' for pthola
2026-02-16 10:24:28,923 - oracle_user_sync_modern - INFO - [process_single_user:1027] - 🔄 Updated user JTHOMAS: party:  -> None
2026-02-16 10:24:28,923 - oracle_user_sync_modern - INFO - [handle_group_memberships:1199] - 📝 Using generic staff role for unmapped position 'Manager: Public Education' for jthomas
2026-02-16 10:24:28,923 - oracle_user_sync_modern - INFO - [handle_group_memberships:1210] - 🔍 Unmapped position detected: 'Manager: Public Education' - consider adding to role mapping
2026-02-16 10:24:28,926 - oracle_user_sync_modern - INFO - [process_single_user:1027] - 🔄 Updated user RITHOMAS: party:  -> None
2026-02-16 10:24:28,926 - oracle_user_sync_modern - INFO - [handle_group_memberships:1199] - 📝 Using generic staff role for unmapped position 'Specialist Procurement' for rithomas
2026-02-16 10:24:28,926 - oracle_user_sync_modern - INFO - [handle_group_memberships:1210] - 🔍 Unmapped position detected: 'Specialist Procurement' - consider adding to role mapping
2026-02-16 10:24:28,929 - oracle_user_sync_modern - INFO - [process_single_user:1027] - 🔄 Updated user RTHOMAS: party:  -> None
2026-02-16 10:24:28,930 - oracle_user_sync_modern - INFO - [handle_group_memberships:1199] - 📝 Using generic staff role for unmapped position 'Finance Executive Assistant' for rthomas
2026-02-16 10:24:28,930 - oracle_user_sync_modern - INFO - [handle_group_memberships:1210] - 🔍 Unmapped position detected: 'Finance Executive Assistant' - consider adding to role mapping
2026-02-16 10:24:28,933 - oracle_user_sync_modern - INFO - [process_single_user:1027] - 🔄 Updated user STHOMAS: party:  -> None
2026-02-16 10:24:28,933 - oracle_user_sync_modern - INFO - [handle_group_memberships:1199] - 📝 Using generic staff role for unmapped position 'Team Administrator' for sthomas
2026-02-16 10:24:28,936 - oracle_user_sync_modern - INFO - [process_single_user:1027] - 🔄 Updated user RTHORNTON: party:  -> None
2026-02-16 10:24:28,936 - oracle_user_sync_modern - INFO - [handle_group_memberships:1199] - 📝 Using generic staff role for unmapped position 'Systems Librarian' for rthornton
2026-02-16 10:24:28,936 - oracle_user_sync_modern - INFO - [handle_group_memberships:1210] - 🔍 Unmapped position detected: 'Systems Librarian' - consider adding to role mapping
2026-02-16 10:24:28,939 - oracle_user_sync_modern - INFO - [process_single_user:1027] - 🔄 Updated user UTHOSAGO: party:  -> None
2026-02-16 10:24:28,939 - oracle_user_sync_modern - INFO - [handle_group_memberships:1199] - 📝 Using generic staff role for unmapped position 'Chief Information Officer' for uthosago
2026-02-16 10:24:28,939 - oracle_user_sync_modern - INFO - [handle_group_memberships:1210] - 🔍 Unmapped position detected: 'Chief Information Officer' - consider adding to role mapping
2026-02-16 10:24:28,944 - oracle_user_sync_modern - INFO - [process_single_user:1027] - 🔄 Updated user DTHULO: party:  -> None
2026-02-16 10:24:28,944 - oracle_user_sync_modern - INFO - [handle_group_memberships:1199] - 📝 Using generic staff role for unmapped position 'Executive Secretary: Committee Chairperson' for dthulo
2026-02-16 10:24:28,949 - oracle_user_sync_modern - INFO - [process_single_user:1027] - 🔄 Updated user LTITUS: party:  -> None
2026-02-16 10:24:28,949 - oracle_user_sync_modern - INFO - [handle_group_memberships:1199] - 📝 Using generic staff role for unmapped position 'Executive Secretary: Committee Chairperson' for ltitus
2026-02-16 10:24:28,952 - oracle_user_sync_modern - INFO - [process_single_user:1027] - 🔄 Updated user STITUS: party:  -> None
2026-02-16 10:24:28,952 - oracle_user_sync_modern - INFO - [handle_group_memberships:1199] - 📝 Using generic staff role for unmapped position 'Chamber Support Officer' for stitus
2026-02-16 10:24:28,955 - oracle_user_sync_modern - INFO - [process_single_user:1027] - 🔄 Updated user STIWANA: party:  -> None
2026-02-16 10:24:28,955 - oracle_user_sync_modern - INFO - [handle_group_memberships:1199] - 📝 Using generic staff role for unmapped position 'Payroll Clerk' for stiwana
2026-02-16 10:24:28,959 - oracle_user_sync_modern - INFO - [process_single_user:1027] - 🔄 Updated user FTIYA: party:  -> None
2026-02-16 10:24:28,959 - oracle_user_sync_modern - INFO - [handle_group_memberships:1199] - 📝 Using generic staff role for unmapped position 'Personal Secretary' for ftiya
2026-02-16 10:24:28,963 - oracle_user_sync_modern - INFO - [process_single_user:1027] - 🔄 Updated user NTLOU-LUPUWANA: party:  -> None
2026-02-16 10:24:28,963 - oracle_user_sync_modern - INFO - [handle_group_memberships:1199] - 📝 Using generic staff role for unmapped position 'Librarian' for ntlou-lupuwana
2026-02-16 10:24:28,966 - oracle_user_sync_modern - INFO - [process_single_user:1027] - 🔄 Updated user ATOFU: party:  -> None
2026-02-16 10:24:28,966 - oracle_user_sync_modern - INFO - [handle_group_memberships:1199] - 📝 Using generic staff role for unmapped position 'Members Facilities Officer' for atofu
2026-02-16 10:24:28,970 - oracle_user_sync_modern - INFO - [process_single_user:1027] - 🔄 Updated user NTOKWE: party:  -> None
2026-02-16 10:24:28,970 - oracle_user_sync_modern - INFO - [handle_group_memberships:1199] - 📝 Using generic staff role for unmapped position 'Executive Assistant to Executive Director: Speakers Office' for ntokwe
2026-02-16 10:24:28,970 - oracle_user_sync_modern - INFO - [handle_group_memberships:1210] - 🔍 Unmapped position detected: 'Executive Assistant to Executive Director: Speakers Office' - consider adding to role mapping
2026-02-16 10:24:28,973 - oracle_user_sync_modern - INFO - [process_single_user:1027] - 🔄 Updated user STOMSANA: party:  -> None
2026-02-16 10:24:28,973 - oracle_user_sync_modern - INFO - [handle_group_memberships:1199] - 📝 Using generic staff role for unmapped position 'Senior Table Administrative Officer' for stomsana
2026-02-16 10:24:28,973 - oracle_user_sync_modern - INFO - [handle_group_memberships:1210] - 🔍 Unmapped position detected: 'Senior Table Administrative Officer' - consider adding to role mapping
2026-02-16 10:24:28,976 - oracle_user_sync_modern - INFO - [process_single_user:1027] - 🔄 Updated user MTOTI: party:  -> None
2026-02-16 10:24:28,976 - oracle_user_sync_modern - INFO - [handle_group_memberships:1199] - 📝 Using generic staff role for unmapped position 'Procedural Adviser' for mtoti
2026-02-16 10:24:28,981 - oracle_user_sync_modern - INFO - [process_single_user:1027] - 🔄 Updated user BTROUT: party:  -> None
2026-02-16 10:24:28,981 - oracle_user_sync_modern - INFO - [handle_group_memberships:1199] - 📝 Using generic staff role for unmapped position 'Executive Assistant: House Chairperson: NA' for btrout
2026-02-16 10:24:28,981 - oracle_user_sync_modern - INFO - [handle_group_memberships:1210] - 🔍 Unmapped position detected: 'Executive Assistant: House Chairperson: NA' - consider adding to role mapping
2026-02-16 10:24:28,984 - oracle_user_sync_modern - INFO - [process_single_user:1027] - 🔄 Updated user BTSANA: party:  -> None
2026-02-16 10:24:28,984 - oracle_user_sync_modern - INFO - [handle_group_memberships:1199] - 📝 Using generic staff role for unmapped position 'Committee Assistant' for btsana
2026-02-16 10:24:28,987 - oracle_user_sync_modern - INFO - [process_single_user:1027] - 🔄 Updated user STSEWU: party:  -> None
2026-02-16 10:24:28,987 - oracle_user_sync_modern - INFO - [handle_group_memberships:1199] - 📝 Using generic staff role for unmapped position 'Team Administrator' for stsewu
2026-02-16 10:24:28,990 - oracle_user_sync_modern - INFO - [process_single_user:1027] - 🔄 Updated user STSHABALALA: party:  -> None
2026-02-16 10:24:28,991 - oracle_user_sync_modern - INFO - [handle_group_memberships:1199] - 📝 Using generic staff role for unmapped position 'Senior Manager: Core Business' for stshabalala
2026-02-16 10:24:28,991 - oracle_user_sync_modern - INFO - [handle_group_memberships:1210] - 🔍 Unmapped position detected: 'Senior Manager: Core Business' - consider adding to role mapping
2026-02-16 10:24:28,994 - oracle_user_sync_modern - INFO - [process_single_user:1027] - 🔄 Updated user MTSHEOLE: party:  -> None
2026-02-16 10:24:28,994 - oracle_user_sync_modern - INFO - [handle_group_memberships:1199] - 📝 Using generic staff role for unmapped position 'Public Relations Specialist' for mtsheole
2026-02-16 10:24:28,997 - oracle_user_sync_modern - INFO - [process_single_user:1027] - 🔄 Updated user VTSHETU-MHLANGA: party:  -> None
2026-02-16 10:24:28,997 - oracle_user_sync_modern - INFO - [handle_group_memberships:1199] - 📝 Using generic staff role for unmapped position 'Project Administrator' for vtshetu-mhlanga
2026-02-16 10:24:29,001 - oracle_user_sync_modern - INFO - [process_single_user:1027] - 🔄 Updated user DMOENG: party:  -> None
2026-02-16 10:24:29,001 - oracle_user_sync_modern - INFO - [handle_group_memberships:1199] - 📝 Using generic staff role for unmapped position 'Service Officer: PDO' for dmoeng
2026-02-16 10:24:29,004 - oracle_user_sync_modern - INFO - [process_single_user:1027] - 🔄 Updated user MTSHIPEPELE: party:  -> None
2026-02-16 10:24:29,004 - oracle_user_sync_modern - INFO - [handle_group_memberships:1199] - 📝 Using generic staff role for unmapped position 'Sourcing Officer' for mtshipepele
2026-02-16 10:24:29,007 - oracle_user_sync_modern - INFO - [process_single_user:1027] - 🔄 Updated user NTSHOMA: party:  -> None
2026-02-16 10:24:29,007 - oracle_user_sync_modern - INFO - [handle_group_memberships:1199] - 📝 Using generic staff role for unmapped position 'Committee Assistant' for ntshoma
2026-02-16 10:24:29,011 - oracle_user_sync_modern - INFO - [process_single_user:1027] - 🔄 Updated user STSHOMELA: party:  -> None
2026-02-16 10:24:29,011 - oracle_user_sync_modern - INFO - [handle_group_memberships:1199] - 📝 Using generic staff role for unmapped position 'Camera Operator / Vision Mixer' for stshomela
2026-02-16 10:24:29,015 - oracle_user_sync_modern - INFO - [process_single_user:1027] - 🔄 Updated user CTSHOTWANA: party:  -> None
2026-02-16 10:24:29,015 - oracle_user_sync_modern - INFO - [handle_group_memberships:1199] - 📝 Using generic staff role for unmapped position 'Secretary' for ctshotwana
2026-02-16 10:24:29,018 - oracle_user_sync_modern - INFO - [process_single_user:1027] - 🔄 Updated user ATUKWAYO: party:  -> None
2026-02-16 10:24:29,018 - oracle_user_sync_modern - INFO - [handle_group_memberships:1199] - 📝 Using generic staff role for unmapped position 'Camera Operator / Vision Mixer' for atukwayo
2026-02-16 10:24:29,022 - oracle_user_sync_modern - INFO - [process_single_user:1027] - 🔄 Updated user NTURDON: party:  -> None
2026-02-16 10:24:29,022 - oracle_user_sync_modern - INFO - [handle_group_memberships:1199] - 📝 Using generic staff role for unmapped position 'Project Co-Ordinator' for nturdon
2026-02-16 10:24:29,022 - oracle_user_sync_modern - INFO - [handle_group_memberships:1210] - 🔍 Unmapped position detected: 'Project Co-Ordinator' - consider adding to role mapping
2026-02-16 10:24:29,025 - oracle_user_sync_modern - INFO - [process_single_user:1027] - 🔄 Updated user BTWALA: party:  -> None
2026-02-16 10:24:29,025 - oracle_user_sync_modern - INFO - [handle_group_memberships:1199] - 📝 Using generic staff role for unmapped position 'Manager: Documentation Technical Services' for btwala
2026-02-16 10:24:29,025 - oracle_user_sync_modern - INFO - [handle_group_memberships:1210] - 🔍 Unmapped position detected: 'Manager: Documentation Technical Services' - consider adding to role mapping
2026-02-16 10:24:29,028 - oracle_user_sync_modern - INFO - [process_single_user:1027] - 🔄 Updated user NTWALA: party:  -> None
2026-02-16 10:24:29,028 - oracle_user_sync_modern - INFO - [handle_group_memberships:1199] - 📝 Using generic staff role for unmapped position 'Committee Assistant' for ntwala
2026-02-16 10:24:29,031 - oracle_user_sync_modern - INFO - [process_single_user:1027] - 🔄 Updated user VTWELE: party:  -> None
2026-02-16 10:24:29,031 - oracle_user_sync_modern - INFO - [handle_group_memberships:1199] - 📝 Using generic staff role for unmapped position 'General Cleaner' for vtwele
2026-02-16 10:24:29,034 - oracle_user_sync_modern - INFO - [process_single_user:1027] - 🔄 Updated user LTYALI: party:  -> None
2026-02-16 10:24:29,034 - oracle_user_sync_modern - INFO - [handle_group_memberships:1199] - 📝 Using generic staff role for unmapped position 'PDO Co-Ordinator' for ltyali
2026-02-16 10:24:29,034 - oracle_user_sync_modern - INFO - [handle_group_memberships:1210] - 🔍 Unmapped position detected: 'PDO Co-Ordinator' - consider adding to role mapping
2026-02-16 10:24:29,038 - oracle_user_sync_modern - INFO - [process_single_user:1027] - 🔄 Updated user STYHOKOLO-MBETSHE: party:  -> None
2026-02-16 10:24:29,038 - oracle_user_sync_modern - INFO - [handle_group_memberships:1193] - 🎯 Mapped position 'Project Manager' to specific role 'Project Manager' for styhokolo-mbetshe
2026-02-16 10:24:29,041 - oracle_user_sync_modern - INFO - [handle_group_memberships:1241] - 👥 Added membership: styhokolo-mbetshe -> Administration (Project Manager)
2026-02-16 10:24:29,043 - oracle_user_sync_modern - INFO - [process_single_user:1027] - 🔄 Updated user MTYOLWENI: party:  -> None
2026-02-16 10:24:29,043 - oracle_user_sync_modern - INFO - [handle_group_memberships:1199] - 📝 Using generic staff role for unmapped position 'Sourcing Officer' for mtyolweni
2026-02-16 10:24:29,047 - oracle_user_sync_modern - INFO - [process_single_user:1027] - 🔄 Updated user FTYUMRE: party:  -> None
2026-02-16 10:24:29,047 - oracle_user_sync_modern - INFO - [handle_group_memberships:1199] - 📝 Using generic staff role for unmapped position 'Executive Secretary: Committee Chairperson' for ftyumre
2026-02-16 10:24:29,050 - oracle_user_sync_modern - INFO - [process_single_user:1027] - 🔄 Updated user MTYUMRE: party:  -> None
2026-02-16 10:24:29,050 - oracle_user_sync_modern - INFO - [handle_group_memberships:1199] - 📝 Using generic staff role for unmapped position 'Content & Research Manager' for mtyumre
2026-02-16 10:24:29,050 - oracle_user_sync_modern - INFO - [handle_group_memberships:1210] - 🔍 Unmapped position detected: 'Content & Research Manager' - consider adding to role mapping
2026-02-16 10:24:29,054 - oracle_user_sync_modern - INFO - [process_single_user:1027] - 🔄 Updated user GUNTHANK: party:  -> None
2026-02-16 10:24:29,054 - oracle_user_sync_modern - INFO - [handle_group_memberships:1199] - 📝 Using generic staff role for unmapped position 'Key Control Officer' for gunthank
2026-02-16 10:24:29,058 - oracle_user_sync_modern - INFO - [process_single_user:1027] - 🔄 Updated user JVANBLOEMESTEIN: party:  -> None
2026-02-16 10:24:29,058 - oracle_user_sync_modern - INFO - [handle_group_memberships:1199] - 📝 Using generic staff role for unmapped position 'Lan / Wan Administrator' for jvanbloemestein
2026-02-16 10:24:29,058 - oracle_user_sync_modern - INFO - [handle_group_memberships:1210] - 🔍 Unmapped position detected: 'Lan / Wan Administrator' - consider adding to role mapping
2026-02-16 10:24:29,061 - oracle_user_sync_modern - INFO - [process_single_user:1027] - 🔄 Updated user SVANBREDA: party:  -> None
2026-02-16 10:24:29,061 - oracle_user_sync_modern - INFO - [handle_group_memberships:1199] - 📝 Using generic staff role for unmapped position 'Parliamentary Legal Adviser' for svanbreda
2026-02-16 10:24:29,066 - oracle_user_sync_modern - INFO - [process_single_user:1027] - 🔄 Updated user AVANDERBURG: party:  -> None
2026-02-16 10:24:29,066 - oracle_user_sync_modern - INFO - [handle_group_memberships:1199] - 📝 Using generic staff role for unmapped position 'Content Advisor' for avanderburg
2026-02-16 10:24:29,069 - oracle_user_sync_modern - INFO - [process_single_user:1027] - 🔄 Updated user AVANDERMERWE: party:  -> None
2026-02-16 10:24:29,069 - oracle_user_sync_modern - INFO - [handle_group_memberships:1199] - 📝 Using generic staff role for unmapped position 'Language Practitioner: Afrikaans' for avandermerwe
2026-02-16 10:24:29,073 - oracle_user_sync_modern - INFO - [process_single_user:1027] - 🔄 Updated user BVANECK: party:  -> None
2026-02-16 10:24:29,073 - oracle_user_sync_modern - INFO - [handle_group_memberships:1199] - 📝 Using generic staff role for unmapped position 'Librarian' for bvaneck
2026-02-16 10:24:29,077 - oracle_user_sync_modern - INFO - [process_single_user:1027] - 🔄 Updated user JVANEEDEN: party:  -> None
2026-02-16 10:24:29,078 - oracle_user_sync_modern - INFO - [handle_group_memberships:1199] - 📝 Using generic staff role for unmapped position 'Systems Operator: Catering' for jvaneeden
2026-02-16 10:24:29,078 - oracle_user_sync_modern - INFO - [handle_group_memberships:1210] - 🔍 Unmapped position detected: 'Systems Operator: Catering' - consider adding to role mapping
2026-02-16 10:24:29,082 - oracle_user_sync_modern - INFO - [process_single_user:1027] - 🔄 Updated user VVANEEDEN: party:  -> None
2026-02-16 10:24:29,082 - oracle_user_sync_modern - INFO - [handle_group_memberships:1199] - 📝 Using generic staff role for unmapped position 'Administrative Assistant' for vvaneeden
2026-02-16 10:24:29,086 - oracle_user_sync_modern - INFO - [process_single_user:1027] - 🔄 Updated user GVANHEERDEN: party:  -> None
2026-02-16 10:24:29,086 - oracle_user_sync_modern - INFO - [handle_group_memberships:1199] - 📝 Using generic staff role for unmapped position 'Manager: Internal Communications' for gvanheerden
2026-02-16 10:24:29,086 - oracle_user_sync_modern - INFO - [handle_group_memberships:1210] - 🔍 Unmapped position detected: 'Manager: Internal Communications' - consider adding to role mapping
2026-02-16 10:24:29,090 - oracle_user_sync_modern - INFO - [process_single_user:1027] - 🔄 Updated user CVANNIEKERK: party:  -> None
2026-02-16 10:24:29,090 - oracle_user_sync_modern - INFO - [handle_group_memberships:1199] - 📝 Using generic staff role for unmapped position 'Maintenance Assistant' for cvanniekerk
2026-02-16 10:24:29,092 - oracle_user_sync_modern - INFO - [sync_users_and_groups:811] - 🔄 Processing batch 16/16 (85 users)
2026-02-16 10:24:29,094 - oracle_user_sync_modern - INFO - [process_single_user:1027] - 🔄 Updated user LVANNIEKERK: party:  -> None
2026-02-16 10:24:29,094 - oracle_user_sync_modern - INFO - [handle_group_memberships:1199] - 📝 Using generic staff role for unmapped position 'Operator Support Personnel' for lvanniekerk
2026-02-16 10:24:29,097 - oracle_user_sync_modern - INFO - [process_single_user:1027] - 🔄 Updated user TVANNIEKERK: party:  -> None
2026-02-16 10:24:29,097 - oracle_user_sync_modern - INFO - [handle_group_memberships:1199] - 📝 Using generic staff role for unmapped position 'Service Officer' for tvanniekerk
2026-02-16 10:24:29,100 - oracle_user_sync_modern - INFO - [process_single_user:1027] - 🔄 Updated user CVANREENEN: party:  -> None
2026-02-16 10:24:29,100 - oracle_user_sync_modern - INFO - [handle_group_memberships:1199] - 📝 Using generic staff role for unmapped position 'Editor: Questions' for cvanreenen
2026-02-16 10:24:29,104 - oracle_user_sync_modern - INFO - [process_single_user:1027] - 🔄 Updated user CVANSCHALKWYK: party:  -> None
2026-02-16 10:24:29,105 - oracle_user_sync_modern - INFO - [handle_group_memberships:1199] - 📝 Using generic staff role for unmapped position 'ERP Technical Support' for cvanschalkwyk
2026-02-16 10:24:29,109 - oracle_user_sync_modern - INFO - [process_single_user:1027] - 🔄 Updated user NVANSTER: party:  -> None
2026-02-16 10:24:29,109 - oracle_user_sync_modern - INFO - [handle_group_memberships:1199] - 📝 Using generic staff role for unmapped position 'Control Language Practitioner' for nvanster
2026-02-16 10:24:29,112 - oracle_user_sync_modern - INFO - [process_single_user:1027] - 🔄 Updated user GVANUYS: party:  -> None
2026-02-16 10:24:29,112 - oracle_user_sync_modern - INFO - [handle_group_memberships:1199] - 📝 Using generic staff role for unmapped position 'Chamber Assistant' for gvanuys
2026-02-16 10:24:29,116 - oracle_user_sync_modern - INFO - [process_single_user:1027] - 🔄 Updated user NVANZYL-GOUS: party:  -> None
2026-02-16 10:24:29,116 - oracle_user_sync_modern - INFO - [handle_group_memberships:1199] - 📝 Using generic staff role for unmapped position 'Content Advisor' for nvanzyl-gous
2026-02-16 10:24:29,120 - oracle_user_sync_modern - INFO - [process_single_user:1027] - 🔄 Updated user CVANDERMERWE: party:  -> None
2026-02-16 10:24:29,120 - oracle_user_sync_modern - INFO - [handle_group_memberships:1199] - 📝 Using generic staff role for unmapped position 'Senior Parliamentary Legal Adviser' for cvandermerwe
2026-02-16 10:24:29,124 - oracle_user_sync_modern - INFO - [process_single_user:1027] - 🔄 Updated user DVANDERSPUY: party:  -> None
2026-02-16 10:24:29,124 - oracle_user_sync_modern - INFO - [handle_group_memberships:1199] - 📝 Using generic staff role for unmapped position 'Manager: Access And Assets' for dvanderspuy
2026-02-16 10:24:29,124 - oracle_user_sync_modern - INFO - [handle_group_memberships:1210] - 🔍 Unmapped position detected: 'Manager: Access And Assets' - consider adding to role mapping
2026-02-16 10:24:29,128 - oracle_user_sync_modern - INFO - [process_single_user:1027] - 🔄 Updated user RVANDERWALT: party:  -> None
2026-02-16 10:24:29,128 - oracle_user_sync_modern - INFO - [handle_group_memberships:1199] - 📝 Using generic staff role for unmapped position 'Political Advisor: Deputy Speaker: National Assembly' for rvanderwalt
2026-02-16 10:24:29,128 - oracle_user_sync_modern - INFO - [handle_group_memberships:1210] - 🔍 Unmapped position detected: 'Political Advisor: Deputy Speaker: National Assembly' - consider adding to role mapping
2026-02-16 10:24:29,131 - oracle_user_sync_modern - INFO - [process_single_user:1027] - 🔄 Updated user AVANDERWESTHUIZEN: party:  -> None
2026-02-16 10:24:29,131 - oracle_user_sync_modern - INFO - [handle_group_memberships:1193] - 🎯 Mapped position 'Protection Officer' to specific role 'Protection Officer' for avanderwesthuizen
2026-02-16 10:24:29,133 - oracle_user_sync_modern - INFO - [handle_group_memberships:1241] - 👥 Added membership: avanderwesthuizen -> Administration (Protection Officer)
2026-02-16 10:24:29,136 - oracle_user_sync_modern - INFO - [process_single_user:1027] - 🔄 Updated user JVANDERWESTHUIZEN: party:  -> None
2026-02-16 10:24:29,136 - oracle_user_sync_modern - INFO - [handle_group_memberships:1199] - 📝 Using generic staff role for unmapped position 'Committee Assistant' for jvanderwesthuizen
2026-02-16 10:24:29,139 - oracle_user_sync_modern - INFO - [process_single_user:1027] - 🔄 Updated user KVANQA: party:  -> None
2026-02-16 10:24:29,139 - oracle_user_sync_modern - INFO - [handle_group_memberships:1199] - 📝 Using generic staff role for unmapped position 'Chamber Support Officer' for kvanqa
2026-02-16 10:24:29,143 - oracle_user_sync_modern - INFO - [process_single_user:1027] - 🔄 Updated user SVANQA: party:  -> None
2026-02-16 10:24:29,143 - oracle_user_sync_modern - INFO - [handle_group_memberships:1199] - 📝 Using generic staff role for unmapped position 'Chamber Support Officer' for svanqa
2026-02-16 10:24:29,146 - oracle_user_sync_modern - INFO - [process_single_user:1027] - 🔄 Updated user ZVELEBAYI: party:  -> None
2026-02-16 10:24:29,146 - oracle_user_sync_modern - INFO - [handle_group_memberships:1199] - 📝 Using generic staff role for unmapped position 'Chamber Support Officer' for zvelebayi
2026-02-16 10:24:29,149 - oracle_user_sync_modern - INFO - [process_single_user:1027] - 🔄 Updated user KHVELLEM: party:  -> None
2026-02-16 10:24:29,149 - oracle_user_sync_modern - INFO - [handle_group_memberships:1199] - 📝 Using generic staff role for unmapped position 'General Cleaner' for khvellem
2026-02-16 10:24:29,153 - oracle_user_sync_modern - INFO - [process_single_user:1027] - 🔄 Updated user KVELLEM: party:  -> None
2026-02-16 10:24:29,153 - oracle_user_sync_modern - INFO - [handle_group_memberships:1199] - 📝 Using generic staff role for unmapped position 'Executive Secretary: Committee Chairperson' for kvellem
2026-02-16 10:24:29,156 - oracle_user_sync_modern - INFO - [process_single_user:1027] - 🔄 Updated user BVENA: party:  -> None
2026-02-16 10:24:29,156 - oracle_user_sync_modern - INFO - [handle_group_memberships:1199] - 📝 Using generic staff role for unmapped position 'Chamber Support Officer' for bvena
2026-02-16 10:24:29,159 - oracle_user_sync_modern - INFO - [process_single_user:1027] - 🔄 Updated user THVERREYNNE: party:  -> None
2026-02-16 10:24:29,159 - oracle_user_sync_modern - INFO - [handle_group_memberships:1199] - 📝 Using generic staff role for unmapped position 'Buyer: Catering' for thverreynne
2026-02-16 10:24:29,159 - oracle_user_sync_modern - INFO - [handle_group_memberships:1210] - 🔍 Unmapped position detected: 'Buyer: Catering' - consider adding to role mapping
2026-02-16 10:24:29,162 - oracle_user_sync_modern - INFO - [process_single_user:1027] - 🔄 Updated user JVERSTER: party:  -> None
2026-02-16 10:24:29,162 - oracle_user_sync_modern - INFO - [handle_group_memberships:1193] - 🎯 Mapped position 'Researcher' to specific role 'Researcher' for jverster
2026-02-16 10:24:29,165 - oracle_user_sync_modern - INFO - [handle_group_memberships:1241] - 👥 Added membership: jverster -> Administration (Researcher)
2026-02-16 10:24:29,169 - oracle_user_sync_modern - INFO - [process_single_user:1027] - 🔄 Updated user BVILJOEN: party:  -> None
2026-02-16 10:24:29,169 - oracle_user_sync_modern - INFO - [handle_group_memberships:1199] - 📝 Using generic staff role for unmapped position 'Co-Ordinator' for bviljoen
2026-02-16 10:24:29,172 - oracle_user_sync_modern - INFO - [process_single_user:1027] - 🔄 Updated user CVISSER: party:  -> None
2026-02-16 10:24:29,172 - oracle_user_sync_modern - INFO - [handle_group_memberships:1199] - 📝 Using generic staff role for unmapped position 'Project Co-ordinator' for cvisser
2026-02-16 10:24:29,172 - oracle_user_sync_modern - INFO - [handle_group_memberships:1210] - 🔍 Unmapped position detected: 'Project Co-ordinator' - consider adding to role mapping
2026-02-16 10:24:29,175 - oracle_user_sync_modern - INFO - [process_single_user:1027] - 🔄 Updated user LVISSER: party:  -> None
2026-02-16 10:24:29,175 - oracle_user_sync_modern - INFO - [handle_group_memberships:1199] - 📝 Using generic staff role for unmapped position 'Information Processing & Editing Officer' for lvisser
2026-02-16 10:24:29,175 - oracle_user_sync_modern - INFO - [handle_group_memberships:1210] - 🔍 Unmapped position detected: 'Information Processing & Editing Officer' - consider adding to role mapping
2026-02-16 10:24:29,179 - oracle_user_sync_modern - INFO - [process_single_user:1027] - 🔄 Updated user SVOKOZELA: party:  -> None
2026-02-16 10:24:29,179 - oracle_user_sync_modern - INFO - [handle_group_memberships:1199] - 📝 Using generic staff role for unmapped position 'ICT Trainer' for svokozela
2026-02-16 10:24:29,179 - oracle_user_sync_modern - INFO - [handle_group_memberships:1210] - 🔍 Unmapped position detected: 'ICT Trainer' - consider adding to role mapping
2026-02-16 10:24:29,182 - oracle_user_sync_modern - INFO - [process_single_user:1027] - 🔄 Updated user AVOKWANA: party:  -> None
2026-02-16 10:24:29,182 - oracle_user_sync_modern - INFO - [handle_group_memberships:1199] - 📝 Using generic staff role for unmapped position 'Sourcing Officer' for avokwana
2026-02-16 10:24:29,185 - oracle_user_sync_modern - INFO - [process_single_user:1027] - 🔄 Updated user GVOLMINK: party:  -> None
2026-02-16 10:24:29,185 - oracle_user_sync_modern - INFO - [handle_group_memberships:1193] - 🎯 Mapped position 'Protection Officer' to specific role 'Protection Officer' for gvolmink
2026-02-16 10:24:29,187 - oracle_user_sync_modern - INFO - [handle_group_memberships:1241] - 👥 Added membership: gvolmink -> Administration (Protection Officer)
2026-02-16 10:24:29,190 - oracle_user_sync_modern - INFO - [process_single_user:1027] - 🔄 Updated user NVUMAZONKE: party:  -> None
2026-02-16 10:24:29,190 - oracle_user_sync_modern - INFO - [handle_group_memberships:1193] - 🎯 Mapped position 'Protection Officer' to specific role 'Protection Officer' for nvumazonke
2026-02-16 10:24:29,193 - oracle_user_sync_modern - INFO - [handle_group_memberships:1241] - 👥 Added membership: nvumazonke -> Administration (Protection Officer)
2026-02-16 10:24:29,196 - oracle_user_sync_modern - INFO - [process_single_user:1027] - 🔄 Updated user BWALTERS: party:  -> None
2026-02-16 10:24:29,197 - oracle_user_sync_modern - INFO - [handle_group_memberships:1199] - 📝 Using generic staff role for unmapped position 'Executive Secretary: Committee Chairperson' for bwalters
2026-02-16 10:24:29,200 - oracle_user_sync_modern - INFO - [process_single_user:1027] - 🔄 Updated user KWATSON: party:  -> None
2026-02-16 10:24:29,200 - oracle_user_sync_modern - INFO - [handle_group_memberships:1199] - 📝 Using generic staff role for unmapped position 'Travel Financial Administrator' for kwatson
2026-02-16 10:24:29,200 - oracle_user_sync_modern - INFO - [handle_group_memberships:1210] - 🔍 Unmapped position detected: 'Travel Financial Administrator' - consider adding to role mapping
2026-02-16 10:24:29,203 - oracle_user_sync_modern - INFO - [process_single_user:1027] - 🔄 Updated user LWEBB: party:  -> None
2026-02-16 10:24:29,203 - oracle_user_sync_modern - INFO - [handle_group_memberships:1199] - 📝 Using generic staff role for unmapped position 'Executive Secretary: Committee Chairperson' for lwebb
2026-02-16 10:24:29,207 - oracle_user_sync_modern - INFO - [process_single_user:1027] - 🔄 Updated user RWEBSTER: party:  -> None
2026-02-16 10:24:29,207 - oracle_user_sync_modern - INFO - [handle_group_memberships:1199] - 📝 Using generic staff role for unmapped position 'Talent Management Consultant' for rwebster
2026-02-16 10:24:29,211 - oracle_user_sync_modern - INFO - [process_single_user:1027] - 🔄 Updated user XWEZA: party:  -> None
2026-02-16 10:24:29,211 - oracle_user_sync_modern - INFO - [handle_group_memberships:1199] - 📝 Using generic staff role for unmapped position 'Sign Language Practitioner' for xweza
2026-02-16 10:24:29,216 - oracle_user_sync_modern - INFO - [process_single_user:1027] - 🔄 Updated user PWHITTLE: party:  -> None
2026-02-16 10:24:29,216 - oracle_user_sync_modern - INFO - [handle_group_memberships:1193] - 🎯 Mapped position 'Researcher' to specific role 'Researcher' for pwhittle
2026-02-16 10:24:29,218 - oracle_user_sync_modern - INFO - [handle_group_memberships:1241] - 👥 Added membership: pwhittle -> Administration (Researcher)
2026-02-16 10:24:29,221 - oracle_user_sync_modern - INFO - [process_single_user:1027] - 🔄 Updated user AWICOMB: party:  -> None
2026-02-16 10:24:29,221 - oracle_user_sync_modern - INFO - [handle_group_memberships:1199] - 📝 Using generic staff role for unmapped position 'Committee Secretary' for awicomb
2026-02-16 10:24:29,224 - oracle_user_sync_modern - INFO - [process_single_user:1027] - 🔄 Updated user CWIEGAND: party:  -> None
2026-02-16 10:24:29,224 - oracle_user_sync_modern - INFO - [handle_group_memberships:1199] - 📝 Using generic staff role for unmapped position 'Office Manager: Office of the Deputy Speaker: NA' for cwiegand
2026-02-16 10:24:29,224 - oracle_user_sync_modern - INFO - [handle_group_memberships:1210] - 🔍 Unmapped position detected: 'Office Manager: Office of the Deputy Speaker: NA' - consider adding to role mapping
2026-02-16 10:24:29,227 - oracle_user_sync_modern - INFO - [process_single_user:1027] - 🔄 Updated user JWILDSCHUTTE: party:  -> None
2026-02-16 10:24:29,227 - oracle_user_sync_modern - INFO - [handle_group_memberships:1199] - 📝 Using generic staff role for unmapped position 'Maintenance Assistant' for jwildschutte
2026-02-16 10:24:29,230 - oracle_user_sync_modern - INFO - [process_single_user:1027] - 🔄 Updated user CWILLIAMS: party:  -> None
2026-02-16 10:24:29,230 - oracle_user_sync_modern - INFO - [handle_group_memberships:1199] - 📝 Using generic staff role for unmapped position 'Parliamentary Legal Adviser' for cwilliams
2026-02-16 10:24:29,233 - oracle_user_sync_modern - INFO - [process_single_user:1027] - 🔄 Updated user FWILLIAMS: party:  -> None
2026-02-16 10:24:29,233 - oracle_user_sync_modern - INFO - [handle_group_memberships:1199] - 📝 Using generic staff role for unmapped position 'Operator Support Personnel' for fwilliams
2026-02-16 10:24:29,236 - oracle_user_sync_modern - INFO - [process_single_user:1027] - 🔄 Updated user JWILLIAMS: party:  -> None
2026-02-16 10:24:29,236 - oracle_user_sync_modern - INFO - [handle_group_memberships:1199] - 📝 Using generic staff role for unmapped position 'General Cleaner' for jwilliams
2026-02-16 10:24:29,239 - oracle_user_sync_modern - INFO - [process_single_user:1027] - 🔄 Updated user MAWILLIAMS: party:  -> None
2026-02-16 10:24:29,239 - oracle_user_sync_modern - INFO - [handle_group_memberships:1199] - 📝 Using generic staff role for unmapped position 'Committee Secretary' for mawilliams
2026-02-16 10:24:29,242 - oracle_user_sync_modern - INFO - [process_single_user:1027] - 🔄 Updated user SHWILLIAMS: party:  -> None
2026-02-16 10:24:29,243 - oracle_user_sync_modern - INFO - [handle_group_memberships:1199] - 📝 Using generic staff role for unmapped position 'Finance Assistant: Payables' for shwilliams
2026-02-16 10:24:29,246 - oracle_user_sync_modern - INFO - [process_single_user:1027] - 🔄 Updated user VWILLIAMS: party:  -> None
2026-02-16 10:24:29,246 - oracle_user_sync_modern - INFO - [handle_group_memberships:1199] - 📝 Using generic staff role for unmapped position 'Executive Secretary: Committee Chairperson' for vwilliams
2026-02-16 10:24:29,249 - oracle_user_sync_modern - INFO - [process_single_user:1027] - 🔄 Updated user ZWILLIAMS: party:  -> None
2026-02-16 10:24:29,249 - oracle_user_sync_modern - INFO - [handle_group_memberships:1199] - 📝 Using generic staff role for unmapped position 'Secretary' for zwilliams
2026-02-16 10:24:29,252 - oracle_user_sync_modern - INFO - [process_single_user:1027] - 🔄 Updated user NWITBOOI: party:  -> None
2026-02-16 10:24:29,252 - oracle_user_sync_modern - INFO - [handle_group_memberships:1199] - 📝 Using generic staff role for unmapped position 'Administrative Assistant' for nwitbooi
2026-02-16 10:24:29,255 - oracle_user_sync_modern - INFO - [process_single_user:1027] - 🔄 Updated user MWOLELA: party:  -> None
2026-02-16 10:24:29,255 - oracle_user_sync_modern - INFO - [handle_group_memberships:1199] - 📝 Using generic staff role for unmapped position 'Section Manager: Communication Relations' for mwolela
2026-02-16 10:24:29,255 - oracle_user_sync_modern - INFO - [handle_group_memberships:1210] - 🔍 Unmapped position detected: 'Section Manager: Communication Relations' - consider adding to role mapping
2026-02-16 10:24:29,259 - oracle_user_sync_modern - INFO - [process_single_user:1027] - 🔄 Updated user HWOLPE: party:  -> None
2026-02-16 10:24:29,259 - oracle_user_sync_modern - INFO - [handle_group_memberships:1199] - 📝 Using generic staff role for unmapped position 'SADC-PF: Research & Project Officer' for hwolpe
2026-02-16 10:24:29,259 - oracle_user_sync_modern - INFO - [handle_group_memberships:1210] - 🔍 Unmapped position detected: 'SADC-PF: Research & Project Officer' - consider adding to role mapping
2026-02-16 10:24:29,262 - oracle_user_sync_modern - INFO - [process_single_user:1027] - 🔄 Updated user DWOODINGTON: party:  -> None
2026-02-16 10:24:29,262 - oracle_user_sync_modern - INFO - [handle_group_memberships:1199] - 📝 Using generic staff role for unmapped position 'Committee Secretary' for dwoodington
2026-02-16 10:24:29,266 - oracle_user_sync_modern - INFO - [process_single_user:1027] - 🔄 Updated user VXABENDLINI: party:  -> None
2026-02-16 10:24:29,266 - oracle_user_sync_modern - INFO - [handle_group_memberships:1199] - 📝 Using generic staff role for unmapped position 'Public Education Practitioner' for vxabendlini
2026-02-16 10:24:29,270 - oracle_user_sync_modern - INFO - [process_single_user:1027] - 🔄 Updated user MXASO: party:  -> None
2026-02-16 10:24:29,270 - oracle_user_sync_modern - INFO - [handle_group_memberships:1199] - 📝 Using generic staff role for unmapped position 'Secretary to the National Assembly' for mxaso
2026-02-16 10:24:29,270 - oracle_user_sync_modern - INFO - [handle_group_memberships:1210] - 🔍 Unmapped position detected: 'Secretary to the National Assembly' - consider adding to role mapping
2026-02-16 10:24:29,273 - oracle_user_sync_modern - INFO - [process_single_user:1027] - 🔄 Updated user NXAUKA: party:  -> None
2026-02-16 10:24:29,273 - oracle_user_sync_modern - INFO - [handle_group_memberships:1199] - 📝 Using generic staff role for unmapped position 'Secretary' for nxauka
2026-02-16 10:24:29,277 - oracle_user_sync_modern - INFO - [process_single_user:1027] - 🔄 Updated user KXULU: party:  -> None
2026-02-16 10:24:29,277 - oracle_user_sync_modern - INFO - [handle_group_memberships:1193] - 🎯 Mapped position 'Researcher' to specific role 'Researcher' for kxulu
2026-02-16 10:24:29,279 - oracle_user_sync_modern - INFO - [handle_group_memberships:1241] - 👥 Added membership: kxulu -> Administration (Researcher)
2026-02-16 10:24:29,282 - oracle_user_sync_modern - INFO - [process_single_user:1027] - 🔄 Updated user KZAMATYALA: party:  -> None
2026-02-16 10:24:29,282 - oracle_user_sync_modern - INFO - [handle_group_memberships:1199] - 📝 Using generic staff role for unmapped position 'Maintenance Assistant' for kzamatyala
2026-02-16 10:24:29,285 - oracle_user_sync_modern - INFO - [process_single_user:1027] - 🔄 Updated user MZAMISA: party:  -> None
2026-02-16 10:24:29,285 - oracle_user_sync_modern - INFO - [handle_group_memberships:1193] - 🎯 Mapped position 'Researcher' to specific role 'Researcher' for mzamisa
2026-02-16 10:24:29,288 - oracle_user_sync_modern - INFO - [handle_group_memberships:1241] - 👥 Added membership: mzamisa -> Administration (Researcher)
2026-02-16 10:24:29,290 - oracle_user_sync_modern - INFO - [process_single_user:1027] - 🔄 Updated user LZANTSI: party:  -> None
2026-02-16 10:24:29,290 - oracle_user_sync_modern - INFO - [handle_group_memberships:1199] - 📝 Using generic staff role for unmapped position 'Specialist: Graphic Design' for lzantsi
2026-02-16 10:24:29,293 - oracle_user_sync_modern - INFO - [process_single_user:1027] - 🔄 Updated user ZZENANI: party:  -> None
2026-02-16 10:24:29,294 - oracle_user_sync_modern - INFO - [handle_group_memberships:1199] - 📝 Using generic staff role for unmapped position 'Parliamentary Legal Adviser' for zzenani
2026-02-16 10:24:29,297 - oracle_user_sync_modern - INFO - [process_single_user:1027] - 🔄 Updated user LZENZILE: party:  -> None
2026-02-16 10:24:29,297 - oracle_user_sync_modern - INFO - [handle_group_memberships:1199] - 📝 Using generic staff role for unmapped position 'Service Officer' for lzenzile
2026-02-16 10:24:29,300 - oracle_user_sync_modern - INFO - [process_single_user:1027] - 🔄 Updated user MZIBEKO: party:  -> None
2026-02-16 10:24:29,300 - oracle_user_sync_modern - INFO - [handle_group_memberships:1199] - 📝 Using generic staff role for unmapped position 'Committee Secretary' for mzibeko
2026-02-16 10:24:29,304 - oracle_user_sync_modern - INFO - [process_single_user:1027] - 🔄 Updated user SZIDE: party:  -> None
2026-02-16 10:24:29,304 - oracle_user_sync_modern - INFO - [handle_group_memberships:1199] - 📝 Using generic staff role for unmapped position 'Administrative Coordinator' for szide
2026-02-16 10:24:29,304 - oracle_user_sync_modern - INFO - [handle_group_memberships:1210] - 🔍 Unmapped position detected: 'Administrative Coordinator' - consider adding to role mapping
2026-02-16 10:24:29,307 - oracle_user_sync_modern - INFO - [process_single_user:1027] - 🔄 Updated user DZIETSMAN: party:  -> None
2026-02-16 10:24:29,307 - oracle_user_sync_modern - INFO - [handle_group_memberships:1199] - 📝 Using generic staff role for unmapped position 'Binder' for dzietsman
2026-02-16 10:24:29,311 - oracle_user_sync_modern - INFO - [process_single_user:1027] - 🔄 Updated user JZILS: party:  -> None
2026-02-16 10:24:29,311 - oracle_user_sync_modern - INFO - [handle_group_memberships:1199] - 📝 Using generic staff role for unmapped position 'Distributions Officer' for jzils
2026-02-16 10:24:29,311 - oracle_user_sync_modern - INFO - [handle_group_memberships:1210] - 🔍 Unmapped position detected: 'Distributions Officer' - consider adding to role mapping
2026-02-16 10:24:29,314 - oracle_user_sync_modern - INFO - [process_single_user:1027] - 🔄 Updated user AZINDLANI: party:  -> None
2026-02-16 10:24:29,314 - oracle_user_sync_modern - INFO - [handle_group_memberships:1199] - 📝 Using generic staff role for unmapped position 'Committee Secretary' for azindlani
2026-02-16 10:24:29,317 - oracle_user_sync_modern - INFO - [process_single_user:1027] - 🔄 Updated user SZISILE: party:  -> None
2026-02-16 10:24:29,317 - oracle_user_sync_modern - INFO - [handle_group_memberships:1199] - 📝 Using generic staff role for unmapped position 'Employee Wellness Specialist' for szisile
2026-02-16 10:24:29,317 - oracle_user_sync_modern - INFO - [handle_group_memberships:1210] - 🔍 Unmapped position detected: 'Employee Wellness Specialist' - consider adding to role mapping
2026-02-16 10:24:29,320 - oracle_user_sync_modern - INFO - [process_single_user:1027] - 🔄 Updated user NZIXESHA: party:  -> None
2026-02-16 10:24:29,320 - oracle_user_sync_modern - INFO - [handle_group_memberships:1199] - 📝 Using generic staff role for unmapped position 'Executive Secretary: Committee Chairperson' for nzixesha
2026-02-16 10:24:29,324 - oracle_user_sync_modern - INFO - [process_single_user:1027] - 🔄 Updated user ZZONDI: party:  -> None
2026-02-16 10:24:29,324 - oracle_user_sync_modern - INFO - [handle_group_memberships:1199] - 📝 Using generic staff role for unmapped position 'Senior Liaison Officer: NCOP' for zzondi
2026-02-16 10:24:29,328 - oracle_user_sync_modern - INFO - [process_single_user:1027] - 🔄 Updated user BZOSELA: party:  -> None
2026-02-16 10:24:29,328 - oracle_user_sync_modern - INFO - [handle_group_memberships:1199] - 📝 Using generic staff role for unmapped position 'Maintenance Assistant' for bzosela
2026-02-16 10:24:29,332 - oracle_user_sync_modern - INFO - [process_single_user:1027] - 🔄 Updated user EZULU: party:  -> None
2026-02-16 10:24:29,332 - oracle_user_sync_modern - INFO - [handle_group_memberships:1199] - 📝 Using generic staff role for unmapped position 'Librarian' for ezulu
2026-02-16 10:24:29,338 - oracle_user_sync_modern - INFO - [process_single_user:1027] - 🔄 Updated user SZWELONKE: party:  -> None
2026-02-16 10:24:29,338 - oracle_user_sync_modern - INFO - [handle_group_memberships:1199] - 📝 Using generic staff role for unmapped position 'Operator Support Personnel' for szwelonke
2026-02-16 10:24:29,341 - oracle_user_sync_modern - INFO - [deactivate_missing_users:1343] - 🔍 Checking for users to deactivate...
2026-02-16 10:24:29,343 - oracle_user_sync_modern - INFO - [deactivate_missing_users:1367] - ⚠️  Found 0 users to deactivate
2026-02-16 10:24:29,343 - oracle_user_sync_modern - INFO - [generate_final_stats:1371] - 📊 Generating final statistics...
2026-02-16 10:24:29,346 - oracle_user_sync_modern - INFO - [generate_final_stats:1404] - ============================================================
2026-02-16 10:24:29,346 - oracle_user_sync_modern - INFO - [generate_final_stats:1405] - 📈 FINAL SYNCHRONIZATION STATISTICS
2026-02-16 10:24:29,347 - oracle_user_sync_modern - INFO - [generate_final_stats:1406] - ============================================================
2026-02-16 10:24:29,347 - oracle_user_sync_modern - INFO - [generate_final_stats:1407] - 🏛️  Parliamentary Composition:
2026-02-16 10:24:29,347 - oracle_user_sync_modern - INFO - [generate_final_stats:1408] -    • NA Members: 325
2026-02-16 10:24:29,347 - oracle_user_sync_modern - INFO - [generate_final_stats:1409] -    • NCOP Members: 54
2026-02-16 10:24:29,347 - oracle_user_sync_modern - INFO - [generate_final_stats:1410] -    • Staff Members: 1209
2026-02-16 10:24:29,347 - oracle_user_sync_modern - INFO - [generate_final_stats:1411] -    • Total Active Users: 1587
2026-02-16 10:24:29,347 - oracle_user_sync_modern - INFO - [generate_final_stats:1412] -    • Total Inactive Users: 0
2026-02-16 10:24:29,347 - oracle_user_sync_modern - INFO - [generate_final_stats:1413] -    • Active Memberships: 5615
2026-02-16 10:24:29,347 - oracle_user_sync_modern - INFO - [generate_final_stats:1414] - 
2026-02-16 10:24:29,347 - oracle_user_sync_modern - INFO - [generate_final_stats:1415] - 🔄 Sync Operations:
2026-02-16 10:24:29,347 - oracle_user_sync_modern - INFO - [generate_final_stats:1416] -    • Oracle users fetched: 1585
2026-02-16 10:24:29,347 - oracle_user_sync_modern - INFO - [generate_final_stats:1419] -    • Local users found: 0
2026-02-16 10:24:29,347 - oracle_user_sync_modern - INFO - [generate_final_stats:1422] -    • New users created: 1
2026-02-16 10:24:29,347 - oracle_user_sync_modern - INFO - [generate_final_stats:1423] -    • Users updated: 1207
2026-02-16 10:24:29,347 - oracle_user_sync_modern - INFO - [generate_final_stats:1424] -    • Users deactivated: 0
2026-02-16 10:24:29,347 - oracle_user_sync_modern - INFO - [generate_final_stats:1425] -    • New memberships: 136
2026-02-16 10:24:29,347 - oracle_user_sync_modern - INFO - [generate_final_stats:1426] -    • Memberships updated: 0
2026-02-16 10:24:29,347 - oracle_user_sync_modern - INFO - [generate_final_stats:1429] -    • Memberships deactivated: 0
2026-02-16 10:24:29,347 - oracle_user_sync_modern - INFO - [generate_final_stats:1432] -    • New roles created: 1
2026-02-16 10:24:29,347 - oracle_user_sync_modern - INFO - [generate_final_stats:1433] -    • New groups created: 0
2026-02-16 10:24:29,347 - oracle_user_sync_modern - INFO - [generate_final_stats:1434] -    • Errors: 0
2026-02-16 10:24:29,347 - oracle_user_sync_modern - INFO - [generate_final_stats:1435] -    • Warnings: 0
2026-02-16 10:24:29,347 - oracle_user_sync_modern - INFO - [generate_final_stats:1440] - 
2026-02-16 10:24:29,347 - oracle_user_sync_modern - INFO - [generate_final_stats:1441] - 🔍 UNMAPPED POSITIONS DETECTED:
2026-02-16 10:24:29,347 - oracle_user_sync_modern - INFO - [generate_final_stats:1442] -    Consider adding these positions to the role mapping:
2026-02-16 10:24:29,347 - oracle_user_sync_modern - INFO - [generate_final_stats:1446] -    • 'Administrative Assistant'
2026-02-16 10:24:29,347 - oracle_user_sync_modern - INFO - [generate_final_stats:1446] -    • 'Administrative Assistant: PDO'
2026-02-16 10:24:29,347 - oracle_user_sync_modern - INFO - [generate_final_stats:1446] -    • 'Administrative Assistant: Telephone Management'
2026-02-16 10:24:29,347 - oracle_user_sync_modern - INFO - [generate_final_stats:1446] -    • 'Administrative Controller'
2026-02-16 10:24:29,347 - oracle_user_sync_modern - INFO - [generate_final_stats:1446] -    • 'Administrative Coordinator'
2026-02-16 10:24:29,347 - oracle_user_sync_modern - INFO - [generate_final_stats:1446] -    • 'Administrative Officer: Documentation Technical Services'
2026-02-16 10:24:29,347 - oracle_user_sync_modern - INFO - [generate_final_stats:1446] -    • 'Administrative Officer: Telephone Management'
2026-02-16 10:24:29,347 - oracle_user_sync_modern - INFO - [generate_final_stats:1446] -    • 'Administrator: Parliamentary Artworks'
2026-02-16 10:24:29,347 - oracle_user_sync_modern - INFO - [generate_final_stats:1446] -    • 'Adviser to Deputy Chairperson'
2026-02-16 10:24:29,347 - oracle_user_sync_modern - INFO - [generate_final_stats:1446] -    • 'Analyst (Economics)'
2026-02-16 10:24:29,347 - oracle_user_sync_modern - INFO - [generate_final_stats:1446] -    • 'Analyst (Finance)'
2026-02-16 10:24:29,347 - oracle_user_sync_modern - INFO - [generate_final_stats:1446] -    • 'Analyst Programmer'
2026-02-16 10:24:29,347 - oracle_user_sync_modern - INFO - [generate_final_stats:1446] -    • 'Analyst [Economics]'
2026-02-16 10:24:29,347 - oracle_user_sync_modern - INFO - [generate_final_stats:1446] -    • 'Analyst [Finance]'
2026-02-16 10:24:29,347 - oracle_user_sync_modern - INFO - [generate_final_stats:1446] -    • 'Analyst [Policy]'
2026-02-16 10:24:29,347 - oracle_user_sync_modern - INFO - [generate_final_stats:1446] -    • 'Analyst: Monitoring and Evaluation [Policies]'
2026-02-16 10:24:29,347 - oracle_user_sync_modern - INFO - [generate_final_stats:1446] -    • 'Analyst: Monitoring and Evaluation [Strategy]'
2026-02-16 10:24:29,347 - oracle_user_sync_modern - INFO - [generate_final_stats:1446] -    • 'Archivist'
2026-02-16 10:24:29,347 - oracle_user_sync_modern - INFO - [generate_final_stats:1446] -    • 'Artworks Office Assistant'
2026-02-16 10:24:29,347 - oracle_user_sync_modern - INFO - [generate_final_stats:1446] -    • 'Asset & Inventory Officer'
2026-02-16 10:24:29,347 - oracle_user_sync_modern - INFO - [generate_final_stats:1446] -    • 'Asset and Inventory Officer'
2026-02-16 10:24:29,347 - oracle_user_sync_modern - INFO - [generate_final_stats:1446] -    • 'Audio / Visual Production Specialist'
2026-02-16 10:24:29,347 - oracle_user_sync_modern - INFO - [generate_final_stats:1446] -    • 'Bartender'
2026-02-16 10:24:29,347 - oracle_user_sync_modern - INFO - [generate_final_stats:1446] -    • 'Bid Specialist'
2026-02-16 10:24:29,347 - oracle_user_sync_modern - INFO - [generate_final_stats:1446] -    • 'Binder'
2026-02-16 10:24:29,347 - oracle_user_sync_modern - INFO - [generate_final_stats:1446] -    • 'Brand and Marketing Specialist'
2026-02-16 10:24:29,347 - oracle_user_sync_modern - INFO - [generate_final_stats:1446] -    • 'Broadcasting Specialist'
2026-02-16 10:24:29,347 - oracle_user_sync_modern - INFO - [generate_final_stats:1446] -    • 'Built Environment Advisor'
2026-02-16 10:24:29,347 - oracle_user_sync_modern - INFO - [generate_final_stats:1446] -    • 'Business Optimisation Consultant'
2026-02-16 10:24:29,347 - oracle_user_sync_modern - INFO - [generate_final_stats:1446] -    • 'Business Optimisation Specialist'
2026-02-16 10:24:29,347 - oracle_user_sync_modern - INFO - [generate_final_stats:1446] -    • 'Buyer: Catering'
2026-02-16 10:24:29,347 - oracle_user_sync_modern - INFO - [generate_final_stats:1446] -    • 'Buyer: Supply Chain Management'
2026-02-16 10:24:29,347 - oracle_user_sync_modern - INFO - [generate_final_stats:1446] -    • 'Camera Operator / Vision Mixer'
2026-02-16 10:24:29,347 - oracle_user_sync_modern - INFO - [generate_final_stats:1446] -    • 'Capacity Building Co-Ordinator'
2026-02-16 10:24:29,347 - oracle_user_sync_modern - INFO - [generate_final_stats:1446] -    • 'Capacity Building Specialist'
2026-02-16 10:24:29,347 - oracle_user_sync_modern - INFO - [generate_final_stats:1446] -    • 'Cashier'
2026-02-16 10:24:29,347 - oracle_user_sync_modern - INFO - [generate_final_stats:1446] -    • 'Catering Assistant'
2026-02-16 10:24:29,347 - oracle_user_sync_modern - INFO - [generate_final_stats:1446] -    • 'Central PDO Co-Ordinator'
2026-02-16 10:24:29,347 - oracle_user_sync_modern - INFO - [generate_final_stats:1446] -    • 'Chamber Assistant'
2026-02-16 10:24:29,347 - oracle_user_sync_modern - INFO - [generate_final_stats:1446] -    • 'Chamber Support Officer'
2026-02-16 10:24:29,348 - oracle_user_sync_modern - INFO - [generate_final_stats:1446] -    • 'Change Management Advisor'
2026-02-16 10:24:29,348 - oracle_user_sync_modern - INFO - [generate_final_stats:1446] -    • 'Chef'
2026-02-16 10:24:29,348 - oracle_user_sync_modern - INFO - [generate_final_stats:1446] -    • 'Chief Audit Executive'
2026-02-16 10:24:29,348 - oracle_user_sync_modern - INFO - [generate_final_stats:1446] -    • 'Chief Editor'
2026-02-16 10:24:29,348 - oracle_user_sync_modern - INFO - [generate_final_stats:1446] -    • 'Chief Financial Officer'
2026-02-16 10:24:29,348 - oracle_user_sync_modern - INFO - [generate_final_stats:1446] -    • 'Chief Information Officer'
2026-02-16 10:24:29,348 - oracle_user_sync_modern - INFO - [generate_final_stats:1446] -    • 'Chief Librarian'
2026-02-16 10:24:29,348 - oracle_user_sync_modern - INFO - [generate_final_stats:1446] -    • 'Chief Researcher'
2026-02-16 10:24:29,348 - oracle_user_sync_modern - INFO - [generate_final_stats:1446] -    • 'Chief of Security'
2026-02-16 10:24:29,348 - oracle_user_sync_modern - INFO - [generate_final_stats:1446] -    • 'Clerk Cash Management'
2026-02-16 10:24:29,348 - oracle_user_sync_modern - INFO - [generate_final_stats:1446] -    • 'Clerk of the Papers'
2026-02-16 10:24:29,348 - oracle_user_sync_modern - INFO - [generate_final_stats:1446] -    • 'Co-Ordinator'
2026-02-16 10:24:29,348 - oracle_user_sync_modern - INFO - [generate_final_stats:1446] -    • 'Collections Assistant'
2026-02-16 10:24:29,348 - oracle_user_sync_modern - INFO - [generate_final_stats:1446] -    • 'Committee Assistant'
2026-02-16 10:24:29,348 - oracle_user_sync_modern - INFO - [generate_final_stats:1446] -    • 'Committee Assistant: PGIR'
2026-02-16 10:24:29,348 - oracle_user_sync_modern - INFO - [generate_final_stats:1446] -    • 'Committee Co-ordinator: JSCI'
2026-02-16 10:24:29,348 - oracle_user_sync_modern - INFO - [generate_final_stats:1446] -    • 'Committee Secretary'
2026-02-16 10:24:29,348 - oracle_user_sync_modern - INFO - [generate_final_stats:1446] -    • 'Compliance Audit Manager'
2026-02-16 10:24:29,348 - oracle_user_sync_modern - INFO - [generate_final_stats:1446] -    • 'Content & Information Manager'
2026-02-16 10:24:29,348 - oracle_user_sync_modern - INFO - [generate_final_stats:1446] -    • 'Content & Research Manager'
2026-02-16 10:24:29,348 - oracle_user_sync_modern - INFO - [generate_final_stats:1446] -    • 'Content Advisor'
2026-02-16 10:24:29,348 - oracle_user_sync_modern - INFO - [generate_final_stats:1446] -    • 'Content Advisor: House Chairperson: CG and IGR'
2026-02-16 10:24:29,348 - oracle_user_sync_modern - INFO - [generate_final_stats:1446] -    • 'Content Advisor: JSCI'
2026-02-16 10:24:29,348 - oracle_user_sync_modern - INFO - [generate_final_stats:1446] -    • 'Content Specialist and Speechwriter'
2026-02-16 10:24:29,348 - oracle_user_sync_modern - INFO - [generate_final_stats:1446] -    • 'Content Specialist: Deputy Chairperson - NCOP'
2026-02-16 10:24:29,348 - oracle_user_sync_modern - INFO - [generate_final_stats:1446] -    • 'Contracts Controller'
2026-02-16 10:24:29,348 - oracle_user_sync_modern - INFO - [generate_final_stats:1446] -    • 'Contracts Officer'
2026-02-16 10:24:29,348 - oracle_user_sync_modern - INFO - [generate_final_stats:1446] -    • 'Contracts Specialist'
2026-02-16 10:24:29,348 - oracle_user_sync_modern - INFO - [generate_final_stats:1446] -    • 'Control Editor'
2026-02-16 10:24:29,348 - oracle_user_sync_modern - INFO - [generate_final_stats:1446] -    • 'Control Editor: Questions'
2026-02-16 10:24:29,348 - oracle_user_sync_modern - INFO - [generate_final_stats:1446] -    • 'Control Language Practitioner'
2026-02-16 10:24:29,348 - oracle_user_sync_modern - INFO - [generate_final_stats:1446] -    • 'Control Language Practitioner: Publishing'
2026-02-16 10:24:29,348 - oracle_user_sync_modern - INFO - [generate_final_stats:1446] -    • 'Control Librarian'
2026-02-16 10:24:29,348 - oracle_user_sync_modern - INFO - [generate_final_stats:1446] -    • 'Control Transport Officer'
2026-02-16 10:24:29,348 - oracle_user_sync_modern - INFO - [generate_final_stats:1446] -    • 'Control: Chamber Support Officer'
2026-02-16 10:24:29,348 - oracle_user_sync_modern - INFO - [generate_final_stats:1446] -    • 'Controller Debtors'
2026-02-16 10:24:29,348 - oracle_user_sync_modern - INFO - [generate_final_stats:1446] -    • 'Controller Members Travel Adminstration'
2026-02-16 10:24:29,348 - oracle_user_sync_modern - INFO - [generate_final_stats:1446] -    • 'Controller Payroll'
2026-02-16 10:24:29,348 - oracle_user_sync_modern - INFO - [generate_final_stats:1446] -    • 'Controller: Access Systems & Personnel Security'
2026-02-16 10:24:29,348 - oracle_user_sync_modern - INFO - [generate_final_stats:1446] -    • 'Controller: Creditors'
2026-02-16 10:24:29,348 - oracle_user_sync_modern - INFO - [generate_final_stats:1446] -    • 'Controller: Document Management Facility'
2026-02-16 10:24:29,348 - oracle_user_sync_modern - INFO - [generate_final_stats:1446] -    • 'Controller: Housekeeping'
2026-02-16 10:24:29,348 - oracle_user_sync_modern - INFO - [generate_final_stats:1446] -    • 'Controller: Members Facilities Administration'
2026-02-16 10:24:29,348 - oracle_user_sync_modern - INFO - [generate_final_stats:1446] -    • 'Controller: Postal Agency'
2026-02-16 10:24:29,348 - oracle_user_sync_modern - INFO - [generate_final_stats:1446] -    • 'Controller: Treasury and Cash Management'
2026-02-16 10:24:29,348 - oracle_user_sync_modern - INFO - [generate_final_stats:1446] -    • 'Copy Editor'
2026-02-16 10:24:29,348 - oracle_user_sync_modern - INFO - [generate_final_stats:1446] -    • 'Creditors Clerk'
2026-02-16 10:24:29,348 - oracle_user_sync_modern - INFO - [generate_final_stats:1446] -    • 'Customer Support Specialist'
2026-02-16 10:24:29,348 - oracle_user_sync_modern - INFO - [generate_final_stats:1446] -    • 'Data Controller'
2026-02-16 10:24:29,348 - oracle_user_sync_modern - INFO - [generate_final_stats:1446] -    • 'Debtors and General Ledger Clerk'
2026-02-16 10:24:29,348 - oracle_user_sync_modern - INFO - [generate_final_stats:1446] -    • 'Demand & Costing Specialist'
2026-02-16 10:24:29,348 - oracle_user_sync_modern - INFO - [generate_final_stats:1446] -    • 'Deputy Director-Senior Analyst [Economics]'
2026-02-16 10:24:29,348 - oracle_user_sync_modern - INFO - [generate_final_stats:1446] -    • 'Deputy Director-Senior Analyst [Policy]'
2026-02-16 10:24:29,348 - oracle_user_sync_modern - INFO - [generate_final_stats:1446] -    • 'Deputy Serjeant-At-Arms'
2026-02-16 10:24:29,348 - oracle_user_sync_modern - INFO - [generate_final_stats:1446] -    • 'Desktop Publishing Operator'
2026-02-16 10:24:29,348 - oracle_user_sync_modern - INFO - [generate_final_stats:1446] -    • 'Distributions Officer'
2026-02-16 10:24:29,348 - oracle_user_sync_modern - INFO - [generate_final_stats:1446] -    • 'Division Manager: Core Business Support'
2026-02-16 10:24:29,348 - oracle_user_sync_modern - INFO - [generate_final_stats:1446] -    • 'Division Manager: International Relations & Protocol'
2026-02-16 10:24:29,348 - oracle_user_sync_modern - INFO - [generate_final_stats:1446] -    • 'Division Manager: Knowledge and Information Services'
2026-02-16 10:24:29,348 - oracle_user_sync_modern - INFO - [generate_final_stats:1446] -    • 'Division Manager: Parliamentary Communication Services'
2026-02-16 10:24:29,348 - oracle_user_sync_modern - INFO - [generate_final_stats:1446] -    • 'Division Manager: Strategy and Governance'
2026-02-16 10:24:29,348 - oracle_user_sync_modern - INFO - [generate_final_stats:1446] -    • 'Document Officer'
2026-02-16 10:24:29,348 - oracle_user_sync_modern - INFO - [generate_final_stats:1446] -    • 'Driver'
2026-02-16 10:24:29,348 - oracle_user_sync_modern - INFO - [generate_final_stats:1446] -    • 'Driver/Messenger/Administrative Assistant: Office of the Spe'
2026-02-16 10:24:29,348 - oracle_user_sync_modern - INFO - [generate_final_stats:1446] -    • 'Driver: Office of the Chairperson: NCOP'
2026-02-16 10:24:29,348 - oracle_user_sync_modern - INFO - [generate_final_stats:1446] -    • 'ECM Administrator: Technical'
2026-02-16 10:24:29,348 - oracle_user_sync_modern - INFO - [generate_final_stats:1446] -    • 'ECM Analyst Programmer'
2026-02-16 10:24:29,348 - oracle_user_sync_modern - INFO - [generate_final_stats:1446] -    • 'ECM: Analyst Programmer'
2026-02-16 10:24:29,348 - oracle_user_sync_modern - INFO - [generate_final_stats:1446] -    • 'ERP DBA / Systems Administrator [Senior]'
2026-02-16 10:24:29,348 - oracle_user_sync_modern - INFO - [generate_final_stats:1446] -    • 'ERP DBA Support'
2026-02-16 10:24:29,348 - oracle_user_sync_modern - INFO - [generate_final_stats:1446] -    • 'ERP Functional Support'
2026-02-16 10:24:29,348 - oracle_user_sync_modern - INFO - [generate_final_stats:1446] -    • 'ERP Functional Support Specialist: HRMS'
2026-02-16 10:24:29,348 - oracle_user_sync_modern - INFO - [generate_final_stats:1446] -    • 'ERP Technical Support'
2026-02-16 10:24:29,348 - oracle_user_sync_modern - INFO - [generate_final_stats:1446] -    • 'Editing Assistant'
2026-02-16 10:24:29,349 - oracle_user_sync_modern - INFO - [generate_final_stats:1446] -    • 'Editing Assistant: Questions'
2026-02-16 10:24:29,349 - oracle_user_sync_modern - INFO - [generate_final_stats:1446] -    • 'Editor'
2026-02-16 10:24:29,349 - oracle_user_sync_modern - INFO - [generate_final_stats:1446] -    • 'Editor: Bills Office'
2026-02-16 10:24:29,349 - oracle_user_sync_modern - INFO - [generate_final_stats:1446] -    • 'Editor: Questions'
2026-02-16 10:24:29,349 - oracle_user_sync_modern - INFO - [generate_final_stats:1446] -    • 'Employee Wellness Co-ordinator'
2026-02-16 10:24:29,349 - oracle_user_sync_modern - INFO - [generate_final_stats:1446] -    • 'Employee Wellness Specialist'
2026-02-16 10:24:29,349 - oracle_user_sync_modern - INFO - [generate_final_stats:1446] -    • 'Events & Admin Controller'
2026-02-16 10:24:29,349 - oracle_user_sync_modern - INFO - [generate_final_stats:1446] -    • 'Executive Assistant (Office of the Speaker)'
2026-02-16 10:24:29,349 - oracle_user_sync_modern - INFO - [generate_final_stats:1446] -    • 'Executive Assistant and Researcher: HouseChairperson: CG&IGR'
2026-02-16 10:24:29,349 - oracle_user_sync_modern - INFO - [generate_final_stats:1446] -    • 'Executive Assistant to Executive Director: Speakers Office'
2026-02-16 10:24:29,349 - oracle_user_sync_modern - INFO - [generate_final_stats:1446] -    • 'Executive Assistant: House Chair: Internal Arrangements'
2026-02-16 10:24:29,349 - oracle_user_sync_modern - INFO - [generate_final_stats:1446] -    • 'Executive Assistant: House Chairperson: Intrnl Relations'
2026-02-16 10:24:29,349 - oracle_user_sync_modern - INFO - [generate_final_stats:1446] -    • 'Executive Assistant: House Chairperson: NA'
2026-02-16 10:24:29,349 - oracle_user_sync_modern - INFO - [generate_final_stats:1446] -    • 'Executive Director: Legislative Support Programme'
2026-02-16 10:24:29,349 - oracle_user_sync_modern - INFO - [generate_final_stats:1446] -    • 'Executive Director: Office of the Chairperson: NCOP'
2026-02-16 10:24:29,349 - oracle_user_sync_modern - INFO - [generate_final_stats:1446] -    • 'Executive Director: Office of the Speaker: National Assembly'
2026-02-16 10:24:29,349 - oracle_user_sync_modern - INFO - [generate_final_stats:1446] -    • 'Executive Personal Assistant'
2026-02-16 10:24:29,349 - oracle_user_sync_modern - INFO - [generate_final_stats:1446] -    • 'Executive Secretary'
2026-02-16 10:24:29,349 - oracle_user_sync_modern - INFO - [generate_final_stats:1446] -    • 'Executive Secretary: Chief Whip NCOP'
2026-02-16 10:24:29,349 - oracle_user_sync_modern - INFO - [generate_final_stats:1446] -    • 'Executive Secretary: Committee Chairperson'
2026-02-16 10:24:29,349 - oracle_user_sync_modern - INFO - [generate_final_stats:1446] -    • 'Executive Secretary: Committee Chairperson: Ethics'
2026-02-16 10:24:29,349 - oracle_user_sync_modern - INFO - [generate_final_stats:1446] -    • 'Executive Secretary: House Chairperson'
2026-02-16 10:24:29,349 - oracle_user_sync_modern - INFO - [generate_final_stats:1446] -    • 'Executive Secretary: House Chairperson: Internal Arrangement'
2026-02-16 10:24:29,349 - oracle_user_sync_modern - INFO - [generate_final_stats:1446] -    • 'Executive Secretary: House Chairperson: Intrnl Relations'
2026-02-16 10:24:29,349 - oracle_user_sync_modern - INFO - [generate_final_stats:1446] -    • 'Executive Specialist: House Chairperson NA'
2026-02-16 10:24:29,349 - oracle_user_sync_modern - INFO - [generate_final_stats:1446] -    • 'Expenditure & Procurement Controller'
2026-02-16 10:24:29,349 - oracle_user_sync_modern - INFO - [generate_final_stats:1446] -    • 'Finance Assistant: Payables'
2026-02-16 10:24:29,349 - oracle_user_sync_modern - INFO - [generate_final_stats:1446] -    • 'Finance Executive Assistant'
2026-02-16 10:24:29,349 - oracle_user_sync_modern - INFO - [generate_final_stats:1446] -    • 'Finance Technician'
2026-02-16 10:24:29,349 - oracle_user_sync_modern - INFO - [generate_final_stats:1446] -    • 'Finance and Administration Manager'
2026-02-16 10:24:29,349 - oracle_user_sync_modern - INFO - [generate_final_stats:1446] -    • 'Financial Services Controller'
2026-02-16 10:24:29,349 - oracle_user_sync_modern - INFO - [generate_final_stats:1446] -    • 'Fixed Assets & Inventory Controller'
2026-02-16 10:24:29,349 - oracle_user_sync_modern - INFO - [generate_final_stats:1446] -    • 'Food Preparation Assistant'
2026-02-16 10:24:29,349 - oracle_user_sync_modern - INFO - [generate_final_stats:1446] -    • 'Food Service Assistant'
2026-02-16 10:24:29,349 - oracle_user_sync_modern - INFO - [generate_final_stats:1446] -    • 'Fora Officer'
2026-02-16 10:24:29,349 - oracle_user_sync_modern - INFO - [generate_final_stats:1446] -    • 'General Cleaner'
2026-02-16 10:24:29,349 - oracle_user_sync_modern - INFO - [generate_final_stats:1446] -    • 'General Cleaner: Cafeteria'
2026-02-16 10:24:29,349 - oracle_user_sync_modern - INFO - [generate_final_stats:1446] -    • 'HR Business Partner'
2026-02-16 10:24:29,349 - oracle_user_sync_modern - INFO - [generate_final_stats:1446] -    • 'HR Consultant: Information & Analytics'
2026-02-16 10:24:29,349 - oracle_user_sync_modern - INFO - [generate_final_stats:1446] -    • 'HR Information Officer'
2026-02-16 10:24:29,349 - oracle_user_sync_modern - INFO - [generate_final_stats:1446] -    • 'HR Services Manager'
2026-02-16 10:24:29,349 - oracle_user_sync_modern - INFO - [generate_final_stats:1446] -    • 'HR Services Practitioner'
2026-02-16 10:24:29,349 - oracle_user_sync_modern - INFO - [generate_final_stats:1446] -    • 'HR Services Supervisor'
2026-02-16 10:24:29,349 - oracle_user_sync_modern - INFO - [generate_final_stats:1446] -    • 'HRIS Officer'
2026-02-16 10:24:29,349 - oracle_user_sync_modern - INFO - [generate_final_stats:1446] -    • 'Head Chef'
2026-02-16 10:24:29,349 - oracle_user_sync_modern - INFO - [generate_final_stats:1446] -    • 'Head Waitron'
2026-02-16 10:24:29,349 - oracle_user_sync_modern - INFO - [generate_final_stats:1446] -    • 'Head: Office of the Chief Whip'
2026-02-16 10:24:29,349 - oracle_user_sync_modern - INFO - [generate_final_stats:1446] -    • 'Head: Policy Management'
2026-02-16 10:24:29,349 - oracle_user_sync_modern - INFO - [generate_final_stats:1446] -    • 'Head: Treasury Advice'
2026-02-16 10:24:29,349 - oracle_user_sync_modern - INFO - [generate_final_stats:1446] -    • 'Helpdesk Co-ordinator'
2026-02-16 10:24:29,349 - oracle_user_sync_modern - INFO - [generate_final_stats:1446] -    • 'Helpdesk Operator'
2026-02-16 10:24:29,349 - oracle_user_sync_modern - INFO - [generate_final_stats:1446] -    • 'Housekeeper: Office of the Chairperson: NCOP'
2026-02-16 10:24:29,349 - oracle_user_sync_modern - INFO - [generate_final_stats:1446] -    • 'Housekeeper: Office of the Deputy Speaker'
2026-02-16 10:24:29,349 - oracle_user_sync_modern - INFO - [generate_final_stats:1446] -    • 'Housekeeper: Office of the Speaker of the National Assembly'
2026-02-16 10:24:29,349 - oracle_user_sync_modern - INFO - [generate_final_stats:1446] -    • 'Human Capital Executive'
2026-02-16 10:24:29,349 - oracle_user_sync_modern - INFO - [generate_final_stats:1446] -    • 'ICT Trainer'
2026-02-16 10:24:29,349 - oracle_user_sync_modern - INFO - [generate_final_stats:1446] -    • 'IR, Protocol and Events Controller'
2026-02-16 10:24:29,349 - oracle_user_sync_modern - INFO - [generate_final_stats:1446] -    • 'IT Audit Manager'
2026-02-16 10:24:29,349 - oracle_user_sync_modern - INFO - [generate_final_stats:1446] -    • 'Information Architect'
2026-02-16 10:24:29,349 - oracle_user_sync_modern - INFO - [generate_final_stats:1446] -    • 'Information Processing & Editing Officer'
2026-02-16 10:24:29,349 - oracle_user_sync_modern - INFO - [generate_final_stats:1446] -    • 'Infrastructure Support Specialist'
2026-02-16 10:24:29,349 - oracle_user_sync_modern - INFO - [generate_final_stats:1446] -    • 'Internal Audit Supervisor'
2026-02-16 10:24:29,349 - oracle_user_sync_modern - INFO - [generate_final_stats:1446] -    • 'Internal Auditor'
2026-02-16 10:24:29,349 - oracle_user_sync_modern - INFO - [generate_final_stats:1446] -    • 'Internal Auditor Supervisor'
2026-02-16 10:24:29,349 - oracle_user_sync_modern - INFO - [generate_final_stats:1446] -    • 'Internal Communication Officer'
2026-02-16 10:24:29,349 - oracle_user_sync_modern - INFO - [generate_final_stats:1446] -    • 'International Relations Assistant'
2026-02-16 10:24:29,349 - oracle_user_sync_modern - INFO - [generate_final_stats:1446] -    • 'International Relations Officer'
2026-02-16 10:24:29,349 - oracle_user_sync_modern - INFO - [generate_final_stats:1446] -    • 'International Relations Operations Officer'
2026-02-16 10:24:29,349 - oracle_user_sync_modern - INFO - [generate_final_stats:1446] -    • 'Intranet Administrator'
2026-02-16 10:24:29,349 - oracle_user_sync_modern - INFO - [generate_final_stats:1446] -    • 'Junior HR Business Partner'
2026-02-16 10:24:29,349 - oracle_user_sync_modern - INFO - [generate_final_stats:1446] -    • 'Junior Travel Financial Administrator'
2026-02-16 10:24:29,349 - oracle_user_sync_modern - INFO - [generate_final_stats:1446] -    • 'Key Control Officer'
2026-02-16 10:24:29,349 - oracle_user_sync_modern - INFO - [generate_final_stats:1446] -    • 'Labour Law Advisor'
2026-02-16 10:24:29,349 - oracle_user_sync_modern - INFO - [generate_final_stats:1446] -    • 'Labour Relations Practitioner'
2026-02-16 10:24:29,349 - oracle_user_sync_modern - INFO - [generate_final_stats:1446] -    • 'Labour Relations Specialist'
2026-02-16 10:24:29,350 - oracle_user_sync_modern - INFO - [generate_final_stats:1446] -    • 'Lan / Wan Administrator'
2026-02-16 10:24:29,350 - oracle_user_sync_modern - INFO - [generate_final_stats:1446] -    • 'Language Practitioner: Afrikaans'
2026-02-16 10:24:29,350 - oracle_user_sync_modern - INFO - [generate_final_stats:1446] -    • 'Language Practitioner: English'
2026-02-16 10:24:29,350 - oracle_user_sync_modern - INFO - [generate_final_stats:1446] -    • 'Language Practitioner: IsiXhosa'
2026-02-16 10:24:29,350 - oracle_user_sync_modern - INFO - [generate_final_stats:1446] -    • 'Language Practitioner: IsiZulu'
2026-02-16 10:24:29,350 - oracle_user_sync_modern - INFO - [generate_final_stats:1446] -    • 'Language Practitioner: Isindebele'
2026-02-16 10:24:29,350 - oracle_user_sync_modern - INFO - [generate_final_stats:1446] -    • 'Language Practitioner: Isixhosa'
2026-02-16 10:24:29,350 - oracle_user_sync_modern - INFO - [generate_final_stats:1446] -    • 'Language Practitioner: Isizulu'
2026-02-16 10:24:29,350 - oracle_user_sync_modern - INFO - [generate_final_stats:1446] -    • 'Language Practitioner: Ndebele'
2026-02-16 10:24:29,350 - oracle_user_sync_modern - INFO - [generate_final_stats:1446] -    • 'Language Practitioner: Sepedi'
2026-02-16 10:24:29,350 - oracle_user_sync_modern - INFO - [generate_final_stats:1446] -    • 'Language Practitioner: Sesotho'
2026-02-16 10:24:29,350 - oracle_user_sync_modern - INFO - [generate_final_stats:1446] -    • 'Language Practitioner: Setswana'
2026-02-16 10:24:29,350 - oracle_user_sync_modern - INFO - [generate_final_stats:1446] -    • 'Language Practitioner: SiSwati'
2026-02-16 10:24:29,350 - oracle_user_sync_modern - INFO - [generate_final_stats:1446] -    • 'Language Practitioner: Siswati'
2026-02-16 10:24:29,350 - oracle_user_sync_modern - INFO - [generate_final_stats:1446] -    • 'Language Practitioner: Tshivenda'
2026-02-16 10:24:29,350 - oracle_user_sync_modern - INFO - [generate_final_stats:1446] -    • 'Language Practitioner: Xitsonga'
2026-02-16 10:24:29,350 - oracle_user_sync_modern - INFO - [generate_final_stats:1446] -    • 'Learning and Development Co-ordinator'
2026-02-16 10:24:29,350 - oracle_user_sync_modern - INFO - [generate_final_stats:1446] -    • 'Learning and Development Practitioner'
2026-02-16 10:24:29,350 - oracle_user_sync_modern - INFO - [generate_final_stats:1446] -    • 'Legal Assistant'
2026-02-16 10:24:29,350 - oracle_user_sync_modern - INFO - [generate_final_stats:1446] -    • 'Liaison & Communication Assistant'
2026-02-16 10:24:29,350 - oracle_user_sync_modern - INFO - [generate_final_stats:1446] -    • 'Liaison Officer: NCOP'
2026-02-16 10:24:29,350 - oracle_user_sync_modern - INFO - [generate_final_stats:1446] -    • 'Librarian'
2026-02-16 10:24:29,350 - oracle_user_sync_modern - INFO - [generate_final_stats:1446] -    • 'Library Assistant'
2026-02-16 10:24:29,350 - oracle_user_sync_modern - INFO - [generate_final_stats:1446] -    • 'Maintenance Assistant'
2026-02-16 10:24:29,350 - oracle_user_sync_modern - INFO - [generate_final_stats:1446] -    • 'Maintenance Assistant: Finance'
2026-02-16 10:24:29,350 - oracle_user_sync_modern - INFO - [generate_final_stats:1446] -    • 'Manager HR Business Partner'
2026-02-16 10:24:29,350 - oracle_user_sync_modern - INFO - [generate_final_stats:1446] -    • 'Manager: Access And Assets'
2026-02-16 10:24:29,350 - oracle_user_sync_modern - INFO - [generate_final_stats:1446] -    • 'Manager: Administration and Operations'
2026-02-16 10:24:29,350 - oracle_user_sync_modern - INFO - [generate_final_stats:1446] -    • 'Manager: Content'
2026-02-16 10:24:29,350 - oracle_user_sync_modern - INFO - [generate_final_stats:1446] -    • 'Manager: Documentation Technical Services'
2026-02-16 10:24:29,350 - oracle_user_sync_modern - INFO - [generate_final_stats:1446] -    • 'Manager: ERP Support'
2026-02-16 10:24:29,350 - oracle_user_sync_modern - INFO - [generate_final_stats:1446] -    • 'Manager: Hansard Reporting'
2026-02-16 10:24:29,350 - oracle_user_sync_modern - INFO - [generate_final_stats:1446] -    • 'Manager: ICT Business Support'
2026-02-16 10:24:29,350 - oracle_user_sync_modern - INFO - [generate_final_stats:1446] -    • 'Manager: IT Operations'
2026-02-16 10:24:29,350 - oracle_user_sync_modern - INFO - [generate_final_stats:1446] -    • 'Manager: Internal Communications'
2026-02-16 10:24:29,350 - oracle_user_sync_modern - INFO - [generate_final_stats:1446] -    • 'Manager: Interpreting'
2026-02-16 10:24:29,350 - oracle_user_sync_modern - INFO - [generate_final_stats:1446] -    • 'Manager: MIS'
2026-02-16 10:24:29,350 - oracle_user_sync_modern - INFO - [generate_final_stats:1446] -    • 'Manager: Members Facilities'
2026-02-16 10:24:29,350 - oracle_user_sync_modern - INFO - [generate_final_stats:1446] -    • 'Manager: Provincial & Municipal Liaison'
2026-02-16 10:24:29,350 - oracle_user_sync_modern - INFO - [generate_final_stats:1446] -    • 'Manager: Public Education'
2026-02-16 10:24:29,350 - oracle_user_sync_modern - INFO - [generate_final_stats:1446] -    • 'Manager: Remuneration, Benefits and HC Shared Services'
2026-02-16 10:24:29,350 - oracle_user_sync_modern - INFO - [generate_final_stats:1446] -    • 'Manager: Security Services'
2026-02-16 10:24:29,350 - oracle_user_sync_modern - INFO - [generate_final_stats:1446] -    • 'Manager: Stores and Maintenance'
2026-02-16 10:24:29,350 - oracle_user_sync_modern - INFO - [generate_final_stats:1446] -    • 'Manager: Strategic And Business Planning'
2026-02-16 10:24:29,350 - oracle_user_sync_modern - INFO - [generate_final_stats:1446] -    • 'Manager: Strategic Liaison and Co-Ordination'
2026-02-16 10:24:29,350 - oracle_user_sync_modern - INFO - [generate_final_stats:1446] -    • 'Manager: Strategy, Planning, Monitoring & Evaluation'
2026-02-16 10:24:29,350 - oracle_user_sync_modern - INFO - [generate_final_stats:1446] -    • 'Media Co-ordinator'
2026-02-16 10:24:29,350 - oracle_user_sync_modern - INFO - [generate_final_stats:1446] -    • 'Media Specialist'
2026-02-16 10:24:29,350 - oracle_user_sync_modern - INFO - [generate_final_stats:1446] -    • 'Members Facilities Officer'
2026-02-16 10:24:29,350 - oracle_user_sync_modern - INFO - [generate_final_stats:1446] -    • 'Members Support Officer'
2026-02-16 10:24:29,350 - oracle_user_sync_modern - INFO - [generate_final_stats:1446] -    • 'Members Support Services Consultant'
2026-02-16 10:24:29,350 - oracle_user_sync_modern - INFO - [generate_final_stats:1446] -    • 'Members Training Practitioner'
2026-02-16 10:24:29,350 - oracle_user_sync_modern - INFO - [generate_final_stats:1446] -    • 'Office Co-Ordinator'
2026-02-16 10:24:29,350 - oracle_user_sync_modern - INFO - [generate_final_stats:1446] -    • 'Office Coordinator: Committees and Public Participation'
2026-02-16 10:24:29,350 - oracle_user_sync_modern - INFO - [generate_final_stats:1446] -    • 'Office Coordinator: House Chairperson - Committees and Overs'
2026-02-16 10:24:29,350 - oracle_user_sync_modern - INFO - [generate_final_stats:1446] -    • 'Office Coordinator: House Chairperson - IR and MS'
2026-02-16 10:24:29,350 - oracle_user_sync_modern - INFO - [generate_final_stats:1446] -    • 'Office Coordinator: HouseChair - International Relations'
2026-02-16 10:24:29,350 - oracle_user_sync_modern - INFO - [generate_final_stats:1446] -    • 'Office Manager: JSCI'
2026-02-16 10:24:29,350 - oracle_user_sync_modern - INFO - [generate_final_stats:1446] -    • 'Office Manager: Office of the Deputy Chairperson: NCOP'
2026-02-16 10:24:29,350 - oracle_user_sync_modern - INFO - [generate_final_stats:1446] -    • 'Office Manager: Office of the Deputy Speaker: NA'
2026-02-16 10:24:29,350 - oracle_user_sync_modern - INFO - [generate_final_stats:1446] -    • 'Office Manager: Office of the Secretary'
2026-02-16 10:24:29,350 - oracle_user_sync_modern - INFO - [generate_final_stats:1446] -    • 'Operator Support Personnel'
2026-02-16 10:24:29,350 - oracle_user_sync_modern - INFO - [generate_final_stats:1446] -    • 'Organisational Review Advisor'
2026-02-16 10:24:29,350 - oracle_user_sync_modern - INFO - [generate_final_stats:1446] -    • 'PDO Co-Ordinator'
2026-02-16 10:24:29,351 - oracle_user_sync_modern - INFO - [generate_final_stats:1446] -    • 'Papers Store Assistant'
2026-02-16 10:24:29,351 - oracle_user_sync_modern - INFO - [generate_final_stats:1446] -    • 'Parliamentary Legal Adviser'
2026-02-16 10:24:29,351 - oracle_user_sync_modern - INFO - [generate_final_stats:1446] -    • 'Parliamentary Protocol Liaison Officer'
2026-02-16 10:24:29,351 - oracle_user_sync_modern - INFO - [generate_final_stats:1446] -    • 'Payroll Clerk'
2026-02-16 10:24:29,351 - oracle_user_sync_modern - INFO - [generate_final_stats:1446] -    • 'Personal Assistant (Deputy)'
2026-02-16 10:24:29,351 - oracle_user_sync_modern - INFO - [generate_final_stats:1446] -    • 'Personal Secretary'
2026-02-16 10:24:29,351 - oracle_user_sync_modern - INFO - [generate_final_stats:1446] -    • 'Personal Secretary: Deputy Chairperson: NCOP'
2026-02-16 10:24:29,351 - oracle_user_sync_modern - INFO - [generate_final_stats:1446] -    • 'Photographer'
2026-02-16 10:24:29,351 - oracle_user_sync_modern - INFO - [generate_final_stats:1446] -    • 'Planning Officer: Office of the Speaker'
2026-02-16 10:24:29,351 - oracle_user_sync_modern - INFO - [generate_final_stats:1446] -    • 'Policy Review Advisor'
2026-02-16 10:24:29,351 - oracle_user_sync_modern - INFO - [generate_final_stats:1446] -    • 'Political Advisor: Deputy Speaker: National Assembly'
2026-02-16 10:24:29,351 - oracle_user_sync_modern - INFO - [generate_final_stats:1446] -    • 'Principal Communication Officer'
2026-02-16 10:24:29,351 - oracle_user_sync_modern - INFO - [generate_final_stats:1446] -    • 'Principal Service Officer'
2026-02-16 10:24:29,351 - oracle_user_sync_modern - INFO - [generate_final_stats:1446] -    • 'Printer'
2026-02-16 10:24:29,351 - oracle_user_sync_modern - INFO - [generate_final_stats:1446] -    • 'Procedural Adviser'
2026-02-16 10:24:29,351 - oracle_user_sync_modern - INFO - [generate_final_stats:1446] -    • 'Procedural Adviser: NCOP'
2026-02-16 10:24:29,351 - oracle_user_sync_modern - INFO - [generate_final_stats:1446] -    • 'Procedural Assistant: Questions'
2026-02-16 10:24:29,351 - oracle_user_sync_modern - INFO - [generate_final_stats:1446] -    • 'Procedural Officer: House Plenaries'
2026-02-16 10:24:29,351 - oracle_user_sync_modern - INFO - [generate_final_stats:1446] -    • 'Procedural Officer: NCOP'
2026-02-16 10:24:29,351 - oracle_user_sync_modern - INFO - [generate_final_stats:1446] -    • 'Procedural Officer: Questions'
2026-02-16 10:24:29,351 - oracle_user_sync_modern - INFO - [generate_final_stats:1446] -    • 'Procedural Officer: Research And Parliamentary Practice'
2026-02-16 10:24:29,351 - oracle_user_sync_modern - INFO - [generate_final_stats:1446] -    • 'Proceedings Indexer'
2026-02-16 10:24:29,351 - oracle_user_sync_modern - INFO - [generate_final_stats:1446] -    • 'Programme Manager'
2026-02-16 10:24:29,351 - oracle_user_sync_modern - INFO - [generate_final_stats:1446] -    • 'Programme Officer: NCOP'
2026-02-16 10:24:29,351 - oracle_user_sync_modern - INFO - [generate_final_stats:1446] -    • 'Programme Support Officer'
2026-02-16 10:24:29,351 - oracle_user_sync_modern - INFO - [generate_final_stats:1446] -    • 'Project Administrator'
2026-02-16 10:24:29,351 - oracle_user_sync_modern - INFO - [generate_final_stats:1446] -    • 'Project Co-Ordinator'
2026-02-16 10:24:29,351 - oracle_user_sync_modern - INFO - [generate_final_stats:1446] -    • 'Project Co-ordinator'
2026-02-16 10:24:29,351 - oracle_user_sync_modern - INFO - [generate_final_stats:1446] -    • 'Public Education Practitioner'
2026-02-16 10:24:29,351 - oracle_user_sync_modern - INFO - [generate_final_stats:1446] -    • 'Public Education Specialist'
2026-02-16 10:24:29,351 - oracle_user_sync_modern - INFO - [generate_final_stats:1446] -    • 'Public Involvement and Oversight Support Officer'
2026-02-16 10:24:29,351 - oracle_user_sync_modern - INFO - [generate_final_stats:1446] -    • 'Public Participation & Media Co-ordinator'
2026-02-16 10:24:29,351 - oracle_user_sync_modern - INFO - [generate_final_stats:1446] -    • 'Public Relations Specialist'
2026-02-16 10:24:29,351 - oracle_user_sync_modern - INFO - [generate_final_stats:1446] -    • 'Publication Specialist'
2026-02-16 10:24:29,351 - oracle_user_sync_modern - INFO - [generate_final_stats:1446] -    • 'Receptionist: PDO'
2026-02-16 10:24:29,351 - oracle_user_sync_modern - INFO - [generate_final_stats:1446] -    • 'Records Management Administrator'
2026-02-16 10:24:29,351 - oracle_user_sync_modern - INFO - [generate_final_stats:1446] -    • 'Risk & Governance Manager'
2026-02-16 10:24:29,351 - oracle_user_sync_modern - INFO - [generate_final_stats:1446] -    • 'SADC-PF: Research & Project Officer'
2026-02-16 10:24:29,351 - oracle_user_sync_modern - INFO - [generate_final_stats:1446] -    • 'SHE Compliance Officer'
2026-02-16 10:24:29,351 - oracle_user_sync_modern - INFO - [generate_final_stats:1446] -    • 'Secretary'
2026-02-16 10:24:29,351 - oracle_user_sync_modern - INFO - [generate_final_stats:1446] -    • 'Secretary To The National Council Of Provinces'
2026-02-16 10:24:29,351 - oracle_user_sync_modern - INFO - [generate_final_stats:1446] -    • 'Secretary to Parliament'
2026-02-16 10:24:29,351 - oracle_user_sync_modern - INFO - [generate_final_stats:1446] -    • 'Secretary to the National Assembly'
2026-02-16 10:24:29,351 - oracle_user_sync_modern - INFO - [generate_final_stats:1446] -    • 'Secretary: MSP Programme Manager'
2026-02-16 10:24:29,351 - oracle_user_sync_modern - INFO - [generate_final_stats:1446] -    • 'Secretary: Section Manager: Procurement'
2026-02-16 10:24:29,351 - oracle_user_sync_modern - INFO - [generate_final_stats:1446] -    • 'Secretary: UnderSecretary: NCOP'
2026-02-16 10:24:29,351 - oracle_user_sync_modern - INFO - [generate_final_stats:1446] -    • 'Section Manager: Catering Services'
2026-02-16 10:24:29,351 - oracle_user_sync_modern - INFO - [generate_final_stats:1446] -    • 'Section Manager: Committees'
2026-02-16 10:24:29,351 - oracle_user_sync_modern - INFO - [generate_final_stats:1446] -    • 'Section Manager: Communication Production & Publishing'
2026-02-16 10:24:29,351 - oracle_user_sync_modern - INFO - [generate_final_stats:1446] -    • 'Section Manager: Communication Relations'
2026-02-16 10:24:29,351 - oracle_user_sync_modern - INFO - [generate_final_stats:1446] -    • 'Section Manager: Documentation'
2026-02-16 10:24:29,351 - oracle_user_sync_modern - INFO - [generate_final_stats:1446] -    • 'Section Manager: Finance'
2026-02-16 10:24:29,351 - oracle_user_sync_modern - INFO - [generate_final_stats:1446] -    • 'Section Manager: Household Services'
2026-02-16 10:24:29,351 - oracle_user_sync_modern - INFO - [generate_final_stats:1446] -    • 'Section Manager: Information Technology'
2026-02-16 10:24:29,351 - oracle_user_sync_modern - INFO - [generate_final_stats:1446] -    • 'Section Manager: Information and Security Risk Management'
2026-02-16 10:24:29,351 - oracle_user_sync_modern - INFO - [generate_final_stats:1446] -    • 'Section Manager: International Relations'
2026-02-16 10:24:29,351 - oracle_user_sync_modern - INFO - [generate_final_stats:1446] -    • 'Section Manager: Language Services'
2026-02-16 10:24:29,351 - oracle_user_sync_modern - INFO - [generate_final_stats:1446] -    • 'Section Manager: Procurement'
2026-02-16 10:24:29,351 - oracle_user_sync_modern - INFO - [generate_final_stats:1446] -    • 'Section Manager: Public Participation'
2026-02-16 10:24:29,351 - oracle_user_sync_modern - INFO - [generate_final_stats:1446] -    • 'Senior Administrative Officer'
2026-02-16 10:24:29,351 - oracle_user_sync_modern - INFO - [generate_final_stats:1446] -    • 'Senior Buyer'
2026-02-16 10:24:29,351 - oracle_user_sync_modern - INFO - [generate_final_stats:1446] -    • 'Senior Document Officer'
2026-02-16 10:24:29,351 - oracle_user_sync_modern - INFO - [generate_final_stats:1446] -    • 'Senior HR Business Partner'
2026-02-16 10:24:29,351 - oracle_user_sync_modern - INFO - [generate_final_stats:1446] -    • 'Senior Language Practitioner: Afrikaans'
2026-02-16 10:24:29,351 - oracle_user_sync_modern - INFO - [generate_final_stats:1446] -    • 'Senior Language Practitioner: IsiNdebele'
2026-02-16 10:24:29,351 - oracle_user_sync_modern - INFO - [generate_final_stats:1446] -    • 'Senior Language Practitioner: IsiXhosa'
2026-02-16 10:24:29,352 - oracle_user_sync_modern - INFO - [generate_final_stats:1446] -    • 'Senior Language Practitioner: IsiZulu'
2026-02-16 10:24:29,352 - oracle_user_sync_modern - INFO - [generate_final_stats:1446] -    • 'Senior Language Practitioner: Sepedi'
2026-02-16 10:24:29,352 - oracle_user_sync_modern - INFO - [generate_final_stats:1446] -    • 'Senior Language Practitioner: Sesotho'
2026-02-16 10:24:29,352 - oracle_user_sync_modern - INFO - [generate_final_stats:1446] -    • 'Senior Language Practitioner: Setswana'
2026-02-16 10:24:29,352 - oracle_user_sync_modern - INFO - [generate_final_stats:1446] -    • 'Senior Language Practitioner: SiSwati'
2026-02-16 10:24:29,352 - oracle_user_sync_modern - INFO - [generate_final_stats:1446] -    • 'Senior Language Practitioner: Tshivenda'
2026-02-16 10:24:29,352 - oracle_user_sync_modern - INFO - [generate_final_stats:1446] -    • 'Senior Language Practitioner: Xitsonga'
2026-02-16 10:24:29,352 - oracle_user_sync_modern - INFO - [generate_final_stats:1446] -    • 'Senior Liaison Officer: NCOP'
2026-02-16 10:24:29,352 - oracle_user_sync_modern - INFO - [generate_final_stats:1446] -    • 'Senior Manager: Core Business'
2026-02-16 10:24:29,352 - oracle_user_sync_modern - INFO - [generate_final_stats:1446] -    • 'Senior Manager: Finance & Treasury Advice'
2026-02-16 10:24:29,352 - oracle_user_sync_modern - INFO - [generate_final_stats:1446] -    • 'Senior Manager: Oversight Support'
2026-02-16 10:24:29,352 - oracle_user_sync_modern - INFO - [generate_final_stats:1446] -    • 'Senior Manager: Risk and Compliance'
2026-02-16 10:24:29,352 - oracle_user_sync_modern - INFO - [generate_final_stats:1446] -    • 'Senior Manager: Sector Co-Ordination & Knowledge Management'
2026-02-16 10:24:29,352 - oracle_user_sync_modern - INFO - [generate_final_stats:1446] -    • 'Senior Parliamentary Legal Adviser'
2026-02-16 10:24:29,352 - oracle_user_sync_modern - INFO - [generate_final_stats:1446] -    • 'Senior Procedural Adviser: NCOP'
2026-02-16 10:24:29,352 - oracle_user_sync_modern - INFO - [generate_final_stats:1446] -    • 'Senior Protection Officer'
2026-02-16 10:24:29,352 - oracle_user_sync_modern - INFO - [generate_final_stats:1446] -    • 'Senior Researcher'
2026-02-16 10:24:29,352 - oracle_user_sync_modern - INFO - [generate_final_stats:1446] -    • 'Senior Table Administrative Officer'
2026-02-16 10:24:29,352 - oracle_user_sync_modern - INFO - [generate_final_stats:1446] -    • 'Senior Technician: Sound & Vision'
2026-02-16 10:24:29,352 - oracle_user_sync_modern - INFO - [generate_final_stats:1446] -    • 'Service Officer'
2026-02-16 10:24:29,352 - oracle_user_sync_modern - INFO - [generate_final_stats:1446] -    • 'Service Officer: PDO'
2026-02-16 10:24:29,352 - oracle_user_sync_modern - INFO - [generate_final_stats:1446] -    • 'Sign Language Interpreter'
2026-02-16 10:24:29,352 - oracle_user_sync_modern - INFO - [generate_final_stats:1446] -    • 'Sign Language Practitioner'
2026-02-16 10:24:29,352 - oracle_user_sync_modern - INFO - [generate_final_stats:1446] -    • 'Sourcing Officer'
2026-02-16 10:24:29,352 - oracle_user_sync_modern - INFO - [generate_final_stats:1446] -    • 'Sourcing Specialist'
2026-02-16 10:24:29,352 - oracle_user_sync_modern - INFO - [generate_final_stats:1446] -    • 'Special Adviser: Office of the Speaker'
2026-02-16 10:24:29,352 - oracle_user_sync_modern - INFO - [generate_final_stats:1446] -    • 'Special Advisor: Chairperson of the NCOP'
2026-02-16 10:24:29,352 - oracle_user_sync_modern - INFO - [generate_final_stats:1446] -    • 'Special Projects Officer'
2026-02-16 10:24:29,352 - oracle_user_sync_modern - INFO - [generate_final_stats:1446] -    • 'Specialist Procurement'
2026-02-16 10:24:29,352 - oracle_user_sync_modern - INFO - [generate_final_stats:1446] -    • 'Specialist Programming'
2026-02-16 10:24:29,352 - oracle_user_sync_modern - INFO - [generate_final_stats:1446] -    • 'Specialist: Graphic Design'
2026-02-16 10:24:29,352 - oracle_user_sync_modern - INFO - [generate_final_stats:1446] -    • 'Stores Assistant: Catering'
2026-02-16 10:24:29,352 - oracle_user_sync_modern - INFO - [generate_final_stats:1446] -    • 'Strategy Review Advisor'
2026-02-16 10:24:29,352 - oracle_user_sync_modern - INFO - [generate_final_stats:1446] -    • 'Supervisor: Printing'
2026-02-16 10:24:29,352 - oracle_user_sync_modern - INFO - [generate_final_stats:1446] -    • 'Supplier Database Specialist'
2026-02-16 10:24:29,352 - oracle_user_sync_modern - INFO - [generate_final_stats:1446] -    • 'Switchboard Operator: PCS'
2026-02-16 10:24:29,352 - oracle_user_sync_modern - INFO - [generate_final_stats:1446] -    • 'Systems Librarian'
2026-02-16 10:24:29,352 - oracle_user_sync_modern - INFO - [generate_final_stats:1446] -    • 'Systems Operator: Catering'
2026-02-16 10:24:29,352 - oracle_user_sync_modern - INFO - [generate_final_stats:1446] -    • 'Talent Management Consultant'
2026-02-16 10:24:29,352 - oracle_user_sync_modern - INFO - [generate_final_stats:1446] -    • 'Talent Manager'
2026-02-16 10:24:29,352 - oracle_user_sync_modern - INFO - [generate_final_stats:1446] -    • 'Team Administrator'
2026-02-16 10:24:29,352 - oracle_user_sync_modern - INFO - [generate_final_stats:1446] -    • 'Team Leader: PDO: North West'
2026-02-16 10:24:29,352 - oracle_user_sync_modern - INFO - [generate_final_stats:1446] -    • 'Technical Specialist'
2026-02-16 10:24:29,352 - oracle_user_sync_modern - INFO - [generate_final_stats:1446] -    • 'Technician'
2026-02-16 10:24:29,352 - oracle_user_sync_modern - INFO - [generate_final_stats:1446] -    • 'Training Officer: PCMS'
2026-02-16 10:24:29,352 - oracle_user_sync_modern - INFO - [generate_final_stats:1446] -    • 'Travel Account Co-ordinator'
2026-02-16 10:24:29,352 - oracle_user_sync_modern - INFO - [generate_final_stats:1446] -    • 'Travel Co-ordinator'
2026-02-16 10:24:29,352 - oracle_user_sync_modern - INFO - [generate_final_stats:1446] -    • 'Travel Financial Administrator'
2026-02-16 10:24:29,352 - oracle_user_sync_modern - INFO - [generate_final_stats:1446] -    • 'Travel Officer'
2026-02-16 10:24:29,352 - oracle_user_sync_modern - INFO - [generate_final_stats:1446] -    • 'Under Secretary: National Council of Provinces'
2026-02-16 10:24:29,352 - oracle_user_sync_modern - INFO - [generate_final_stats:1446] -    • 'Undersecretary: House Plenaries'
2026-02-16 10:24:29,352 - oracle_user_sync_modern - INFO - [generate_final_stats:1446] -    • 'Undersecretary: Research And Parliamentary Practice'
2026-02-16 10:24:29,352 - oracle_user_sync_modern - INFO - [generate_final_stats:1446] -    • 'Unit Manager: Catering'
2026-02-16 10:24:29,352 - oracle_user_sync_modern - INFO - [generate_final_stats:1446] -    • 'Unit Manager: Committee Support'
2026-02-16 10:24:29,352 - oracle_user_sync_modern - INFO - [generate_final_stats:1446] -    • 'Unit Manager: Finance and Treasury Advice'
2026-02-16 10:24:29,352 - oracle_user_sync_modern - INFO - [generate_final_stats:1446] -    • 'Unit Manager: Financial Processing'
2026-02-16 10:24:29,352 - oracle_user_sync_modern - INFO - [generate_final_stats:1446] -    • 'Unit Manager: Financial Services'
2026-02-16 10:24:29,352 - oracle_user_sync_modern - INFO - [generate_final_stats:1446] -    • 'Unit Manager: Logistics, Fixed Assets, Disposal Management'
2026-02-16 10:24:29,352 - oracle_user_sync_modern - INFO - [generate_final_stats:1446] -    • 'Unit Manager: Risk, Demand & Planning'
2026-02-16 10:24:29,352 - oracle_user_sync_modern - INFO - [generate_final_stats:1446] -    • 'Unit Manager: Safety, Health and Environment'
2026-02-16 10:24:29,352 - oracle_user_sync_modern - INFO - [generate_final_stats:1446] -    • 'Unit Manager: Strategic Sourcing & Acquisitions'
2026-02-16 10:24:29,352 - oracle_user_sync_modern - INFO - [generate_final_stats:1446] -    • 'Unit Manager: Transport, Postal and Courier Services'
2026-02-16 10:24:29,352 - oracle_user_sync_modern - INFO - [generate_final_stats:1446] -    • 'Usher of the Black Rod'
2026-02-16 10:24:29,352 - oracle_user_sync_modern - INFO - [generate_final_stats:1446] -    • 'Visitor Programme Administrator'
2026-02-16 10:24:29,352 - oracle_user_sync_modern - INFO - [generate_final_stats:1446] -    • 'Visitor Programme Organiser'
2026-02-16 10:24:29,352 - oracle_user_sync_modern - INFO - [generate_final_stats:1446] -    • 'Waitron'
2026-02-16 10:24:29,352 - oracle_user_sync_modern - INFO - [generate_final_stats:1446] -    • 'Web Editing Officer'
2026-02-16 10:24:29,353 - oracle_user_sync_modern - INFO - [generate_final_stats:1446] -    • 'Web Editor'
2026-02-16 10:24:29,353 - oracle_user_sync_modern - INFO - [generate_final_stats:1446] -    • 'Whippery Officer / Executive Assistant'
2026-02-16 10:24:29,353 - oracle_user_sync_modern - INFO - [generate_final_stats:1446] -    • 'Writer'
2026-02-16 10:24:29,353 - oracle_user_sync_modern - INFO - [generate_final_stats:1447] - 
2026-02-16 10:24:29,353 - oracle_user_sync_modern - INFO - [generate_final_stats:1448] - 💡 To add these positions, update the position_to_role_mapping
2026-02-16 10:24:29,353 - oracle_user_sync_modern - INFO - [generate_final_stats:1451] -    dictionary in the handle_group_memberships method.
2026-02-16 10:24:29,353 - oracle_user_sync_modern - INFO - [generate_final_stats:1458] - 
2026-02-16 10:24:29,353 - oracle_user_sync_modern - INFO - [generate_final_stats:1459] - ⏱️  Performance Metrics:
2026-02-16 10:24:29,353 - oracle_user_sync_modern - INFO - [generate_final_stats:1467] - ============================================================
2026-02-16 10:24:29,353 - oracle_user_sync_modern - INFO - [generate_final_stats:1468] - 
2026-02-16 10:24:29,353 - oracle_user_sync_modern - INFO - [generate_final_stats:1469] - ⚠️  Issues:
2026-02-16 10:24:29,353 - oracle_user_sync_modern - INFO - [generate_final_stats:1470] -    • Errors encountered: 0
2026-02-16 10:24:29,353 - oracle_user_sync_modern - INFO - [generate_final_stats:1471] -    • Warnings issued: 0
2026-02-16 10:24:29,353 - oracle_user_sync_modern - INFO - [generate_final_stats:1472] - ============================================================
2026-02-16 10:24:29,353 - oracle_user_sync_modern - DEBUG - [cleanup_connections:1483] - Oracle cursor closed
2026-02-16 10:24:29,356 - oracle_user_sync_modern - DEBUG - [cleanup_connections:1490] - Oracle connection closed
2026-02-16 10:24:29,356 - oracle_user_sync_modern - INFO - [cleanup_connections:1494] - 🔌 Database connections cleaned up
